name,confidence_score,iptm,ptm,ligand_iptm,protein_iptm,complex_plddt,complex_iplddt,complex_pde,complex_ipde,pair_chains_iptm,chains_ptm
paulafcfranklin.synth_rosetta_1,0.8807005286216736,0.9259116053581238,0.8671212792396545,0.0,0.9259116053581238,0.8693976998329163,0.8618088364601135,0.4214739501476288,1.860350251197815,"{'0': {'0': 0.9743140935897827, '1': 0.9259116053581238}, '1': {'0': 0.7875008583068848, '1': 0.8621038198471069}}","{'0': 0.9743140935897827, '1': 0.8621038198471069}"
merlettaia.seq0v3,0.8225712776184082,0.5903462767601013,0.7453367114067078,0.0,0.5903462767601013,0.8806275129318237,0.8441058993339539,0.649504542350769,11.407391548156738,"{'0': {'0': 0.9726688861846924, '1': 0.5903462767601013}, '1': {'0': 0.46634843945503235, '1': 0.7975382804870605}}","{'0': 0.9726688861846924, '1': 0.7975382804870605}"
minji.lee.459,0.7700878381729126,0.37693074345588684,0.6892598271369934,0.0,0.37693074345588684,0.8683770895004272,0.8373894095420837,0.6666958928108215,14.012213706970215,"{'0': {'0': 0.9576104879379272, '1': 0.37693074345588684}, '1': {'0': 0.28981220722198486, '1': 0.7356626391410828}}","{'0': 0.9576104879379272, '1': 0.7356626391410828}"
spacecruiser42.d2_prompt_binder_t1.0_22,0.8949382901191711,0.9143765568733215,0.8830126523971558,0.0,0.9143765568733215,0.8900787234306335,0.8325279951095581,0.4033569395542145,1.8911871910095215,"{'0': {'0': 0.939628541469574, '1': 0.9143765568733215}, '1': {'0': 0.7496662139892578, '1': 0.882803738117218}}","{'0': 0.939628541469574, '1': 0.882803738117218}"
jvogt4.vogt_scFV_2143,0.7888669371604919,0.4272843599319458,0.5925559997558594,0.0,0.4272843599319458,0.8792625069618225,0.847624659538269,0.7948035001754761,14.72014331817627,"{'0': {'0': 0.9507814049720764, '1': 0.4272843599319458}, '1': {'0': 0.3147200047969818, '1': 0.6610729694366455}}","{'0': 0.9507814049720764, '1': 0.6610729694366455}"
allongoldberg.4_44_14_refined_IDEAL,0.7011620402336121,0.1343432068824768,0.5784398913383484,0.0,0.1343432068824768,0.8428667187690735,0.8329874277114868,0.6567705869674683,19.252843856811523,"{'0': {'0': 0.9742981195449829, '1': 0.1313641518354416}, '1': {'0': 0.1343432068824768, '1': 0.6808957457542419}}","{'0': 0.9742981195449829, '1': 0.6808957457542419}"
duynth29.Duy_L111_mpnn14_I36M__L80M_L42M,0.8534656763076782,0.8712961077690125,0.635822594165802,0.0,0.8712961077690125,0.8490080237388611,0.8445070385932922,0.5486545562744141,3.830566167831421,"{'0': {'0': 0.9801859855651855, '1': 0.8712961077690125}, '1': {'0': 0.5160585641860962, '1': 0.650510847568512}}","{'0': 0.9801859855651855, '1': 0.650510847568512}"
bundit.b_s18.manbaritone_Seq6_EGFR-binder-70-100_beta_778_dldesign_0_Length=71,0.8569687008857727,0.9609118103981018,0.6624959707260132,0.0,0.9609118103981018,0.8309828639030457,0.8046495318412781,0.4479500353336334,1.329345941543579,"{'0': {'0': 0.9879689812660217, '1': 0.9609118103981018}, '1': {'0': 0.5882102251052856, '1': 0.6831604242324829}}","{'0': 0.9879689812660217, '1': 0.6831604242324829}"
a.tucs.Andrejs_Tucs_seq1,0.8865043520927429,0.9499658942222595,0.8833509683609009,0.0,0.9499658942222595,0.8706390261650085,0.878818690776825,0.4175799787044525,1.34821617603302,"{'0': {'0': 0.9769973754882812, '1': 0.9499658942222595}, '1': {'0': 0.8220689296722412, '1': 0.8792183995246887}}","{'0': 0.9769973754882812, '1': 0.8792183995246887}"
qxy615.s1_rfd_base_46_94,0.8286411166191101,0.8997175097465515,0.8641729950904846,0.0,0.8997175097465515,0.8108720183372498,0.7535894513130188,0.4580666124820709,2.4924395084381104,"{'0': {'0': 0.9574954509735107, '1': 0.8997175097465515}, '1': {'0': 0.7349992990493774, '1': 0.864347517490387}}","{'0': 0.9574954509735107, '1': 0.864347517490387}"
duynth29.L148_MPNN1,0.8928403258323669,0.9173766374588013,0.6939429640769958,0.0,0.9173766374588013,0.8867062330245972,0.889920711517334,0.4460454285144806,1.9913403987884521,"{'0': {'0': 0.9655559659004211, '1': 0.9173766374588013}, '1': {'0': 0.6052435040473938, '1': 0.7064957022666931}}","{'0': 0.9655559659004211, '1': 0.7064957022666931}"
antorsae.TA_5_3,0.8875678181648254,0.9695919752120972,0.8900135159492493,0.0,0.9695919752120972,0.8670617938041687,0.8707144856452942,0.3681294918060303,1.0677940845489502,"{'0': {'0': 0.9911231398582458, '1': 0.9695919752120972}, '1': {'0': 0.8347620964050293, '1': 0.8882323503494263}}","{'0': 0.9911231398582458, '1': 0.8882323503494263}"
youngsuko2000.ysar,0.8944181799888611,0.9486927390098572,0.8973680734634399,0.0,0.9486927390098572,0.8808495402336121,0.884753942489624,0.40078943967819214,1.5417441129684448,"{'0': {'0': 0.9758742451667786, '1': 0.9486927390098572}, '1': {'0': 0.8447375893592834, '1': 0.8955849409103394}}","{'0': 0.9758742451667786, '1': 0.8955849409103394}"
martin.EGFR_l165_s31019_mpnn3,0.8129175305366516,0.7129811644554138,0.7630305886268616,0.0,0.7129811644554138,0.8379016518592834,0.8185245990753174,0.5636195540428162,6.249431610107422,"{'0': {'0': 0.9650139212608337, '1': 0.7129811644554138}, '1': {'0': 0.6482359766960144, '1': 0.7822484374046326}}","{'0': 0.9650139212608337, '1': 0.7822484374046326}"
bundit.b_s18.manbaritone_Seq3_EGFR-binder-70-100_beta_303_dldesign_6_Lenght=71,0.8942567706108093,0.9397335052490234,0.8166020512580872,0.0,0.9397335052490234,0.8828876614570618,0.8895978331565857,0.5069080591201782,1.950329303741455,"{'0': {'0': 0.9825435280799866, '1': 0.9397335052490234}, '1': {'0': 0.7182300686836243, '1': 0.802675187587738}}","{'0': 0.9825435280799866, '1': 0.802675187587738}"
darius.szablowski.EGFR_binder_4___ggggs_3_linked_top_binders_1_and_2_efficiently_evolved,0.7926080822944641,0.5776689648628235,0.6256489157676697,0.0,0.5776689648628235,0.8463428616523743,0.8153301477432251,0.5807292461395264,5.083259582519531,"{'0': {'0': 0.5888427495956421, '1': 0.5574265718460083}, '1': {'0': 0.5776689648628235, '1': 0.6997373104095459}}","{'0': 0.5888427495956421, '1': 0.6997373104095459}"
merlettaia.seq52v3,0.8066081404685974,0.5212910771369934,0.7457985877990723,0.0,0.5212910771369934,0.8779373168945312,0.8446898460388184,0.6158090233802795,10.67919635772705,"{'0': {'0': 0.9829205870628357, '1': 0.5212910771369934}, '1': {'0': 0.47705647349357605, '1': 0.7927969694137573}}","{'0': 0.9829205870628357, '1': 0.7927969694137573}"
briannaughton.1_plus_2,0.7808746695518494,0.6127719283103943,0.6341882944107056,0.0,0.6127719283103943,0.8229003548622131,0.826732873916626,0.7651596069335938,7.93804931640625,"{'0': {'0': 0.6112948060035706, '1': 0.569290041923523}, '1': {'0': 0.6127719283103943, '1': 0.6611002087593079}}","{'0': 0.6112948060035706, '1': 0.6611002087593079}"
klima.jason.8HGO_design_4yyaf_0_0,0.7643341422080994,0.6353437900543213,0.7118051052093506,0.0,0.6353437900543213,0.7965816855430603,0.7359024286270142,0.6930742263793945,6.810457229614258,"{'0': {'0': 0.8507674932479858, '1': 0.6353437900543213}, '1': {'0': 0.4856303930282593, '1': 0.7313715219497681}}","{'0': 0.8507674932479858, '1': 0.7313715219497681}"
cchallacombe.4,0.850214421749115,0.7489051818847656,0.8294462561607361,0.0,0.7489051818847656,0.8755417466163635,0.8229475617408752,0.5228222608566284,6.413261413574219,"{'0': {'0': 0.9799680709838867, '1': 0.7489051818847656}, '1': {'0': 0.6242288947105408, '1': 0.8595184087753296}}","{'0': 0.9799680709838867, '1': 0.8595184087753296}"
julian.faust.PimurutamabxBecotatug_scfv,0.8708853125572205,0.8501374125480652,0.7575863599777222,0.0,0.8501374125480652,0.8760722875595093,0.8586658239364624,0.5806453227996826,4.610156536102295,"{'0': {'0': 0.947826087474823, '1': 0.8501374125480652}, '1': {'0': 0.6436287760734558, '1': 0.7263600826263428}}","{'0': 0.947826087474823, '1': 0.7263600826263428}"
paulafcfranklin.synth_rosetta_4,0.890355110168457,0.951333224773407,0.895554780960083,0.0,0.951333224773407,0.8751106262207031,0.8767502903938293,0.38952624797821045,1.586127758026123,"{'0': {'0': 0.9814515113830566, '1': 0.951333224773407}, '1': {'0': 0.8314557671546936, '1': 0.8925818800926208}}","{'0': 0.9814515113830566, '1': 0.8925818800926208}"
amelie.schreiber.model_56_119_15,0.8985313773155212,0.9207435846328735,0.6643081903457642,0.0,0.9207435846328735,0.8929782509803772,0.8860370516777039,0.4558182656764984,1.7138206958770752,"{'0': {'0': 0.9852067828178406, '1': 0.9207435846328735}, '1': {'0': 0.5759012699127197, '1': 0.6861428022384644}}","{'0': 0.9852067828178406, '1': 0.6861428022384644}"
chenceshi1105.steven_binder_design_l89_s48081_it100_mpnn4,0.8810573816299438,0.9346636533737183,0.6736937165260315,0.0,0.9346636533737183,0.8676558136940002,0.8731394410133362,0.5605003833770752,4.603574275970459,"{'0': {'0': 0.9901691675186157, '1': 0.9346636533737183}, '1': {'0': 0.5826907157897949, '1': 0.6567819118499756}}","{'0': 0.9901691675186157, '1': 0.6567819118499756}"
revoli.mutated_nAb_9,0.8584983944892883,0.581782877445221,0.7399799823760986,0.0,0.581782877445221,0.9276772141456604,0.8977009654045105,0.614470899105072,10.366032600402832,"{'0': {'0': 0.987619936466217, '1': 0.581782877445221}, '1': {'0': 0.4360719621181488, '1': 0.7923762798309326}}","{'0': 0.987619936466217, '1': 0.7923762798309326}"
niklas.EE4629A9-322F-48F0-884D-8F4418DB9BCE_l151_s241659642_mpnn11,0.8679238557815552,0.9055265784263611,0.8127099871635437,0.0,0.9055265784263611,0.8585231900215149,0.8545866012573242,0.49000468850135803,3.8909072875976562,"{'0': {'0': 0.9798343777656555, '1': 0.9055265784263611}, '1': {'0': 0.703410804271698, '1': 0.8091193437576294}}","{'0': 0.9798343777656555, '1': 0.8091193437576294}"
aswini.seed2_1,0.8425703048706055,0.810346782207489,0.8478232622146606,0.0,0.810346782207489,0.8506262302398682,0.8044942617416382,0.5279807448387146,5.495512962341309,"{'0': {'0': 0.9400696754455566, '1': 0.810346782207489}, '1': {'0': 0.6477810144424438, '1': 0.8584452271461487}}","{'0': 0.9400696754455566, '1': 0.8584452271461487}"
a.tucs.Andrejs_Tucs_seq8,0.9146862030029297,0.9599336981773376,0.8908206224441528,0.0,0.9599336981773376,0.9033743739128113,0.9187856912612915,0.393323689699173,1.1072113513946533,"{'0': {'0': 0.9825841188430786, '1': 0.9599336981773376}, '1': {'0': 0.8445228338241577, '1': 0.8862934708595276}}","{'0': 0.9825841188430786, '1': 0.8862934708595276}"
x.rustamov.traj_4_8_model_1_5,0.730943500995636,0.2947234809398651,0.6902138590812683,0.0,0.2947234809398651,0.8399984836578369,0.8127444982528687,0.8166196346282959,15.50307559967041,"{'0': {'0': 0.9775251150131226, '1': 0.2947234809398651}, '1': {'0': 0.24636079370975494, '1': 0.7661951780319214}}","{'0': 0.9775251150131226, '1': 0.7661951780319214}"
Cetuximab_scFv,0.8953067064285278,0.8557778596878052,0.754738986492157,0.0,0.8557778596878052,0.9051889181137085,0.9036394357681274,0.569119930267334,4.696633815765381,"{'0': {'0': 0.9623856544494629, '1': 0.8557778596878052}, '1': {'0': 0.6431419849395752, '1': 0.7260292768478394}}","{'0': 0.9623856544494629, '1': 0.7260292768478394}"
klima.jason.8HGO_design_vdcjs_1_2,0.7822178602218628,0.6725737452507019,0.821819007396698,0.0,0.6725737452507019,0.8096288442611694,0.7384365797042847,0.5708797574043274,4.109187126159668,"{'0': {'0': 0.8116214275360107, '1': 0.6725737452507019}, '1': {'0': 0.6662490367889404, '1': 0.8517998456954956}}","{'0': 0.8116214275360107, '1': 0.8517998456954956}"
minji.lee.111,0.7997196316719055,0.6495810747146606,0.8017131090164185,0.0,0.6495810747146606,0.8372542262077332,0.8108115792274475,0.6100452542304993,8.624435424804688,"{'0': {'0': 0.931099534034729, '1': 0.6495810747146606}, '1': {'0': 0.5045209527015686, '1': 0.8226313591003418}}","{'0': 0.931099534034729, '1': 0.8226313591003418}"
merlettaia.seq70v3,0.7607945799827576,0.3183109760284424,0.6642637252807617,0.0,0.3183109760284424,0.8714154958724976,0.825546145439148,0.7555570602416992,13.434857368469238,"{'0': {'0': 0.9712226390838623, '1': 0.3183109760284424}, '1': {'0': 0.25273430347442627, '1': 0.7405683398246765}}","{'0': 0.9712226390838623, '1': 0.7405683398246765}"
s1995825.cotimed_egf_netsolp_usability_8,0.881377637386322,0.93841952085495,0.8697370886802673,0.0,0.93841952085495,0.867117166519165,0.8564782738685608,0.4162939786911011,1.585497260093689,"{'0': {'0': 0.9748514890670776, '1': 0.93841952085495}, '1': {'0': 0.8081967234611511, '1': 0.8658692240715027}}","{'0': 0.9748514890670776, '1': 0.8658692240715027}"
lhallee.lhallee_20_on_target_2000,0.8860397338867188,0.9235489368438721,0.8932961821556091,0.0,0.9235489368438721,0.8766624927520752,0.8251459002494812,0.40127086639404297,2.0448803901672363,"{'0': {'0': 0.9453316926956177, '1': 0.9235489368438721}, '1': {'0': 0.7731785178184509, '1': 0.8931471109390259}}","{'0': 0.9453316926956177, '1': 0.8931471109390259}"
alex.naka.Charmander,0.9027630090713501,0.9482309818267822,0.8816364407539368,0.0,0.9482309818267822,0.8913959264755249,0.8917229175567627,0.4195500910282135,1.5793898105621338,"{'0': {'0': 0.9788285493850708, '1': 0.9482309818267822}, '1': {'0': 0.8154000639915466, '1': 0.8777724504470825}}","{'0': 0.9788285493850708, '1': 0.8777724504470825}"
huiyu.cai.H3_15_877_H,0.7735421657562256,0.30462145805358887,0.7354444861412048,0.0,0.30462145805358887,0.8907723426818848,0.8567845225334167,0.7037144303321838,14.032411575317383,"{'0': {'0': 0.9850838780403137, '1': 0.30462145805358887}, '1': {'0': 0.2407333254814148, '1': 0.82438063621521}}","{'0': 0.9850838780403137, '1': 0.82438063621521}"
mosquitolkfo.nAb_design_9,0.7621437907218933,0.22594814002513885,0.6726952791213989,0.0,0.22594814002513885,0.896192729473114,0.8717698454856873,0.7270326614379883,14.60828685760498,"{'0': {'0': 0.9734044075012207, '1': 0.22594814002513885}, '1': {'0': 0.1962405890226364, '1': 0.7675449252128601}}","{'0': 0.9734044075012207, '1': 0.7675449252128601}"
cchallacombe.6,0.8070910573005676,0.5097419023513794,0.7251138687133789,0.0,0.5097419023513794,0.8814283013343811,0.8328148126602173,0.6774168014526367,11.95565414428711,"{'0': {'0': 0.9746179580688477, '1': 0.5097419023513794}, '1': {'0': 0.3883191645145416, '1': 0.7689682841300964}}","{'0': 0.9746179580688477, '1': 0.7689682841300964}"
areddy.EGFR_l169_s781475,0.8618074655532837,0.905023992061615,0.874354362487793,0.0,0.905023992061615,0.8510032892227173,0.8284744620323181,0.4667796492576599,2.6601366996765137,"{'0': {'0': 0.9767186045646667, '1': 0.905023992061615}, '1': {'0': 0.7939765453338623, '1': 0.8663880228996277}}","{'0': 0.9767186045646667, '1': 0.8663880228996277}"
zulfatmi.pocket2pep63,0.9090631604194641,0.8749513626098633,0.8982053399085999,0.0,0.8749513626098633,0.9175910353660583,0.8911715149879456,0.3914375603199005,3.1523520946502686,"{'0': {'0': 0.9691213965415955, '1': 0.8749513626098633}, '1': {'0': 0.7145257592201233, '1': 0.8999584913253784}}","{'0': 0.9691213965415955, '1': 0.8999584913253784}"
merlettaia.seq6v4,0.8930960893630981,0.8542720079421997,0.8150278925895691,0.0,0.8542720079421997,0.902802050113678,0.8608574867248535,0.5175765156745911,5.327201843261719,"{'0': {'0': 0.9858764410018921, '1': 0.8542720079421997}, '1': {'0': 0.6509050130844116, '1': 0.8154127597808838}}","{'0': 0.9858764410018921, '1': 0.8154127597808838}"
lhallee.lhallee_128_driveid_3_4,0.7862089276313782,0.8965504169464111,0.8539184927940369,0.0,0.8965504169464111,0.7586235404014587,0.6968767046928406,0.5176490545272827,2.678028106689453,"{'0': {'0': 0.9438466429710388, '1': 0.8965504169464111}, '1': {'0': 0.7515649199485779, '1': 0.8572946786880493}}","{'0': 0.9438466429710388, '1': 0.8572946786880493}"
alecl.relaxedA,0.8795198798179626,0.9227115511894226,0.8657242655754089,0.0,0.9227115511894226,0.8687219023704529,0.8769792914390564,0.4293871819972992,2.4890317916870117,"{'0': {'0': 0.9748812317848206, '1': 0.9227115511894226}, '1': {'0': 0.7902869582176208, '1': 0.8614764213562012}}","{'0': 0.9748812317848206, '1': 0.8614764213562012}"
christoph.gruber.Binder12_1,0.7677162289619446,0.5921375751495361,0.7509055137634277,0.0,0.5921375751495361,0.8116108775138855,0.7261354923248291,0.6821449995040894,7.745223045349121,"{'0': {'0': 0.78463214635849, '1': 0.5921375751495361}, '1': {'0': 0.5445265769958496, '1': 0.7746860384941101}}","{'0': 0.78463214635849, '1': 0.7746860384941101}"
paulafcfranklin.synth_rosetta_9,0.8797785639762878,0.925268828868866,0.8753955364227295,0.0,0.925268828868866,0.8684060573577881,0.8620892763137817,0.4283815920352936,1.6992526054382324,"{'0': {'0': 0.960132360458374, '1': 0.925268828868866}, '1': {'0': 0.8085941076278687, '1': 0.8716850280761719}}","{'0': 0.960132360458374, '1': 0.8716850280761719}"
aureliabustos.wwt_noised_I_scaffold_shorted_var8423,0.8966886401176453,0.96162348985672,0.8811461925506592,0.0,0.96162348985672,0.8804548978805542,0.8864556550979614,0.4022342562675476,1.2506357431411743,"{'0': {'0': 0.9819141030311584, '1': 0.96162348985672}, '1': {'0': 0.8306679129600525, '1': 0.8767050504684448}}","{'0': 0.9819141030311584, '1': 0.8767050504684448}"
antorsae.TA525_0_0,0.8534480333328247,0.958210289478302,0.8974880576133728,0.0,0.958210289478302,0.8272573947906494,0.8204764723777771,0.38342955708503723,1.1340662240982056,"{'0': {'0': 0.9855837821960449, '1': 0.958210289478302}, '1': {'0': 0.8588827848434448, '1': 0.8939393758773804}}","{'0': 0.9855837821960449, '1': 0.8939393758773804}"
joel.rf_diffusion_trim_3,0.7660903334617615,0.4145045876502991,0.8066896200180054,0.0,0.4145045876502991,0.8539867997169495,0.8207685351371765,0.6481810808181763,12.863245010375977,"{'0': {'0': 0.9125509262084961, '1': 0.4145045876502991}, '1': {'0': 0.3374662697315216, '1': 0.8653438687324524}}","{'0': 0.9125509262084961, '1': 0.8653438687324524}"
jude.wells.21.panitumumab_fused_trimmed_task_12_iter_123,0.8807267546653748,0.8833552598953247,0.766142725944519,0.0,0.8833552598953247,0.8800695538520813,0.882914125919342,0.5852612257003784,4.492290019989014,"{'0': {'0': 0.9612481594085693, '1': 0.8833552598953247}, '1': {'0': 0.6559502482414246, '1': 0.7267443537712097}}","{'0': 0.9612481594085693, '1': 0.7267443537712097}"
stocco.filippo.1.3.3.18_13_0_iteration12_1.0279718223732435,0.8915383219718933,0.948336660861969,0.8931981921195984,0.0,0.948336660861969,0.877338707447052,0.8861908912658691,0.3931974172592163,1.5165295600891113,"{'0': {'0': 0.9832556843757629, '1': 0.948336660861969}, '1': {'0': 0.8340715765953064, '1': 0.8900753855705261}}","{'0': 0.9832556843757629, '1': 0.8900753855705261}"
bronte.EGFR_Binder_4_91,0.8234747052192688,0.8266854286193848,0.8047917485237122,0.0,0.8266854286193848,0.8226720094680786,0.7900881171226501,0.4881361126899719,4.824885845184326,"{'0': {'0': 0.9830971956253052, '1': 0.8266854286193848}, '1': {'0': 0.6630939841270447, '1': 0.8177324533462524}}","{'0': 0.9830971956253052, '1': 0.8177324533462524}"
nhaas.4,0.8493914008140564,0.7620522975921631,0.8031156063079834,0.0,0.7620522975921631,0.8712260723114014,0.8340145945549011,0.5763012170791626,6.168098449707031,"{'0': {'0': 0.9591243267059326, '1': 0.7620522975921631}, '1': {'0': 0.6708978414535522, '1': 0.8245920538902283}}","{'0': 0.9591243267059326, '1': 0.8245920538902283}"
AmirM.MHosseini.seq4,0.8289594054222107,0.8400861024856567,0.8323348164558411,0.0,0.8400861024856567,0.8261776566505432,0.7875263094902039,0.5151584148406982,4.7311906814575195,"{'0': {'0': 0.962016224861145, '1': 0.8400861024856567}, '1': {'0': 0.6872803568840027, '1': 0.8383871912956238}}","{'0': 0.962016224861145, '1': 0.8383871912956238}"
s1995825.cotimed_egf_netsolp_usability_2,0.8909735083580017,0.9335976839065552,0.8683279752731323,0.0,0.9335976839065552,0.8803173899650574,0.879934549331665,0.4268326461315155,1.6871885061264038,"{'0': {'0': 0.9741064310073853, '1': 0.9335976839065552}, '1': {'0': 0.8082473874092102, '1': 0.8645121455192566}}","{'0': 0.9741064310073853, '1': 0.8645121455192566}"
minji.lee.3458,0.8016033172607422,0.6192694306373596,0.7645519375801086,0.0,0.6192694306373596,0.847186803817749,0.8187607526779175,0.6161381602287292,9.964800834655762,"{'0': {'0': 0.9505286812782288, '1': 0.6192694306373596}, '1': {'0': 0.4618755877017975, '1': 0.8084006905555725}}","{'0': 0.9505286812782288, '1': 0.8084006905555725}"
kerrding.seq8,0.8966137766838074,0.9410912990570068,0.888938844203949,0.0,0.9410912990570068,0.8854944109916687,0.8904014229774475,0.4113389253616333,1.5297738313674927,"{'0': {'0': 0.9710894227027893, '1': 0.9410912990570068}, '1': {'0': 0.8294108510017395, '1': 0.885768711566925}}","{'0': 0.9710894227027893, '1': 0.885768711566925}"
julie.ryfqy,0.8880147933959961,0.9518415927886963,0.820807695388794,0.0,0.9518415927886963,0.8720581531524658,0.880599856376648,0.4336410164833069,2.029446840286255,"{'0': {'0': 0.9896796345710754, '1': 0.9518415927886963}, '1': {'0': 0.7214573621749878, '1': 0.8339672684669495}}","{'0': 0.9896796345710754, '1': 0.8339672684669495}"
stocco.filippo.1.3.3.18_65_0_iteration3_1.028317065130863,0.853257954120636,0.926169753074646,0.8671033978462219,0.0,0.926169753074646,0.8350300192832947,0.8184229135513306,0.46215301752090454,1.9721813201904297,"{'0': {'0': 0.9631365537643433, '1': 0.926169753074646}, '1': {'0': 0.793446958065033, '1': 0.8638436198234558}}","{'0': 0.9631365537643433, '1': 0.8638436198234558}"
spacecruiser42.d2_prompt_binder_t0.8_88,0.8879209756851196,0.9544388651847839,0.8857213854789734,0.0,0.9544388651847839,0.8712915182113647,0.8502772450447083,0.38853421807289124,1.3968266248703003,"{'0': {'0': 0.9739206433296204, '1': 0.9544388651847839}, '1': {'0': 0.7769558429718018, '1': 0.8844775557518005}}","{'0': 0.9739206433296204, '1': 0.8844775557518005}"
s1995825.cotimed_egf_netsolp_usability_7,0.8426937460899353,0.8712029457092285,0.8294641375541687,0.0,0.8712029457092285,0.8355663418769836,0.806877613067627,0.5037168264389038,3.932650327682495,"{'0': {'0': 0.9517873525619507, '1': 0.8712029457092285}, '1': {'0': 0.689806342124939, '1': 0.833986222743988}}","{'0': 0.9517873525619507, '1': 0.833986222743988}"
tim.silica_corpora_sampled_epitope_0_generated_variant_1_rank_8_phase_2,0.787280261516571,0.40680593252182007,0.6570613384246826,0.0,0.40680593252182007,0.882398784160614,0.8475291728973389,0.7438191771507263,13.612858772277832,"{'0': {'0': 0.9644769430160522, '1': 0.40680593252182007}, '1': {'0': 0.27332359552383423, '1': 0.7204874753952026}}","{'0': 0.9644769430160522, '1': 0.7204874753952026}"
julian.faust.Demupitamab_mpnn_19_scfv,0.8010181784629822,0.5979062914848328,0.7169678211212158,0.0,0.5979062914848328,0.8517960906028748,0.828737199306488,0.7022534608840942,11.105585098266602,"{'0': {'0': 0.9407745003700256, '1': 0.5979062914848328}, '1': {'0': 0.4964566230773926, '1': 0.7641792297363281}}","{'0': 0.9407745003700256, '1': 0.7641792297363281}"
aswinijavadi160197.8_A,0.708386242389679,0.12816742062568665,0.6448923945426941,0.0,0.12816742062568665,0.8534409403800964,0.8464925289154053,0.6734732389450073,17.54499626159668,"{'0': {'0': 0.954322338104248, '1': 0.12816742062568665}, '1': {'0': 0.11123734712600708, '1': 0.729843258857727}}","{'0': 0.954322338104248, '1': 0.729843258857727}"
aswini.seed1,0.8480613827705383,0.8744427561759949,0.8459799885749817,0.0,0.8744427561759949,0.8414660692214966,0.7878656387329102,0.49539169669151306,3.3227336406707764,"{'0': {'0': 0.9404821395874023, '1': 0.8744427561759949}, '1': {'0': 0.7169787883758545, '1': 0.8483619093894958}}","{'0': 0.9404821395874023, '1': 0.8483619093894958}"
alecl.unrelaxedA,0.9110544323921204,0.9599647521972656,0.8902116417884827,0.0,0.9599647521972656,0.8988268375396729,0.8962641358375549,0.3903977870941162,1.2834053039550781,"{'0': {'0': 0.9824776649475098, '1': 0.9599647521972656}, '1': {'0': 0.8291512131690979, '1': 0.8863560557365417}}","{'0': 0.9824776649475098, '1': 0.8863560557365417}"
elian.elian2,0.8666399121284485,0.9202640652656555,0.8613899350166321,0.0,0.9202640652656555,0.8532338738441467,0.8384333252906799,0.45759686827659607,1.9627461433410645,"{'0': {'0': 0.966533899307251, '1': 0.9202640652656555}, '1': {'0': 0.7856246829032898, '1': 0.8519361019134521}}","{'0': 0.966533899307251, '1': 0.8519361019134521}"
aureliabustos.wwt_noised_I_scaffold_shorted_var7524,0.8955172896385193,0.9632098078727722,0.8951094746589661,0.0,0.9632098078727722,0.878594160079956,0.8844303488731384,0.3880348801612854,1.2305819988250732,"{'0': {'0': 0.9841264486312866, '1': 0.9632098078727722}, '1': {'0': 0.8426733613014221, '1': 0.8915157318115234}}","{'0': 0.9841264486312866, '1': 0.8915157318115234}"
aureliabustos.bce_var464,0.9050194025039673,0.9591271877288818,0.8890624642372131,0.0,0.9591271877288818,0.8914924263954163,0.897244393825531,0.39726608991622925,1.3784908056259155,"{'0': {'0': 0.9843355417251587, '1': 0.9591271877288818}, '1': {'0': 0.8366103768348694, '1': 0.8851168751716614}}","{'0': 0.9843355417251587, '1': 0.8851168751716614}"
antorsae.TA_5_1,0.8972173929214478,0.9768677949905396,0.9053932428359985,0.0,0.9768677949905396,0.8773047924041748,0.8816210627555847,0.35861146450042725,0.8258275985717773,"{'0': {'0': 0.9921143651008606, '1': 0.9768677949905396}, '1': {'0': 0.8679338097572327, '1': 0.9023148417472839}}","{'0': 0.9921143651008606, '1': 0.9023148417472839}"
qxy615.s1_rfd_base_46_60,0.8369812369346619,0.83921217918396,0.8262127041816711,0.0,0.83921217918396,0.8364234566688538,0.794693112373352,0.5191262364387512,4.677866458892822,"{'0': {'0': 0.9280213713645935, '1': 0.83921217918396}, '1': {'0': 0.6474571824073792, '1': 0.8358805179595947}}","{'0': 0.9280213713645935, '1': 0.8358805179595947}"
alex.naka.Charizard,0.8956419229507446,0.931276798248291,0.8747352361679077,0.0,0.931276798248291,0.8867332339286804,0.8943730592727661,0.4216262996196747,1.8943355083465576,"{'0': {'0': 0.9739566445350647, '1': 0.931276798248291}, '1': {'0': 0.7941734194755554, '1': 0.8721275329589844}}","{'0': 0.9739566445350647, '1': 0.8721275329589844}"
antorsae.TA_4_4,0.8910520672798157,0.9785017967224121,0.8889849781990051,0.0,0.9785017967224121,0.8691896200180054,0.8799681663513184,0.36669084429740906,1.0474834442138672,"{'0': {'0': 0.9923394322395325, '1': 0.9785017967224121}, '1': {'0': 0.8316060900688171, '1': 0.8873018026351929}}","{'0': 0.9923394322395325, '1': 0.8873018026351929}"
a.tucs.Andrejs_Tucs_seq7,0.9068799018859863,0.9599770903587341,0.8965754508972168,0.0,0.9599770903587341,0.893605649471283,0.8997865319252014,0.38962438702583313,1.1402850151062012,"{'0': {'0': 0.982172966003418, '1': 0.9599770903587341}, '1': {'0': 0.8554487824440002, '1': 0.892897367477417}}","{'0': 0.982172966003418, '1': 0.892897367477417}"
aureliabustos.wwt_noised_I_scaffold_shorted_var6640,0.8798111081123352,0.9594212770462036,0.8899182081222534,0.0,0.9594212770462036,0.8599085211753845,0.8630126118659973,0.3982389271259308,1.2938281297683716,"{'0': {'0': 0.9831188321113586, '1': 0.9594212770462036}, '1': {'0': 0.8346027135848999, '1': 0.8860126733779907}}","{'0': 0.9831188321113586, '1': 0.8860126733779907}"
gitter.yolo46,0.8437821269035339,0.7307352423667908,0.6752882599830627,0.0,0.7307352423667908,0.8720438480377197,0.8460509777069092,0.6910778284072876,9.439262390136719,"{'0': {'0': 0.9501562714576721, '1': 0.7307352423667908}, '1': {'0': 0.43425795435905457, '1': 0.6727453470230103}}","{'0': 0.9501562714576721, '1': 0.6727453470230103}"
alex.naka.Wartortle,0.870682418346405,0.9181389212608337,0.8559690713882446,0.0,0.9181389212608337,0.8588183522224426,0.841878354549408,0.4557502269744873,2.3977746963500977,"{'0': {'0': 0.9663527607917786, '1': 0.9181389212608337}, '1': {'0': 0.7856090664863586, '1': 0.854225218296051}}","{'0': 0.9663527607917786, '1': 0.854225218296051}"
paulafcfranklin.synth_rosetta_3,0.8867419362068176,0.9061710238456726,0.8710291385650635,0.0,0.9061710238456726,0.8818846344947815,0.8866424560546875,0.4357791841030121,2.2849388122558594,"{'0': {'0': 0.9625610113143921, '1': 0.9061710238456726}, '1': {'0': 0.7954464554786682, '1': 0.8683162331581116}}","{'0': 0.9625610113143921, '1': 0.8683162331581116}"
antorsae.TA_4_5,0.8894022107124329,0.9310570359230042,0.8590352535247803,0.0,0.9310570359230042,0.8789884448051453,0.8786954283714294,0.4178723990917206,2.3889806270599365,"{'0': {'0': 0.9881698489189148, '1': 0.9310570359230042}, '1': {'0': 0.7594223022460938, '1': 0.8587308526039124}}","{'0': 0.9881698489189148, '1': 0.8587308526039124}"
flowuenne.nf-proteindesign_design7,0.7772454619407654,0.39183250069618225,0.7157084345817566,0.0,0.39183250069618225,0.8735986351966858,0.8282163739204407,0.7151750326156616,14.252761840820312,"{'0': {'0': 0.8967467546463013, '1': 0.39183250069618225}, '1': {'0': 0.2708140015602112, '1': 0.7539458274841309}}","{'0': 0.8967467546463013, '1': 0.7539458274841309}"
allongoldberg.3_52_10_refined_IDEAL,0.795658528804779,0.5421206951141357,0.7669528126716614,0.0,0.5421206951141357,0.8590429425239563,0.812680721282959,0.635983943939209,11.224471092224121,"{'0': {'0': 0.9200018644332886, '1': 0.5421206951141357}, '1': {'0': 0.4051934480667114, '1': 0.7911723852157593}}","{'0': 0.9200018644332886, '1': 0.7911723852157593}"
spacecruiser42.d2_prompt_binder_t0.8_42,0.871979832649231,0.945341944694519,0.899128258228302,0.0,0.945341944694519,0.8536393046379089,0.814116358757019,0.3680373728275299,1.237785816192627,"{'0': {'0': 0.9450483322143555, '1': 0.945341944694519}, '1': {'0': 0.7797216176986694, '1': 0.8987128734588623}}","{'0': 0.9450483322143555, '1': 0.8987128734588623}"
z_peplib.pepseq_design_9,0.7439139485359192,0.40254294872283936,0.7027034163475037,0.0,0.40254294872283936,0.8292567133903503,0.7741464972496033,0.7038512825965881,13.319087982177734,"{'0': {'0': 0.757036566734314, '1': 0.40254294872283936}, '1': {'0': 0.2920023500919342, '1': 0.735264003276825}}","{'0': 0.757036566734314, '1': 0.735264003276825}"
724928537.DBZ8___A,0.8223512768745422,0.6615723371505737,0.7676452398300171,0.0,0.6615723371505737,0.8625460267066956,0.8117669820785522,0.6409151554107666,8.613558769226074,"{'0': {'0': 0.9738149642944336, '1': 0.6615723371505737}, '1': {'0': 0.5042489767074585, '1': 0.7882075905799866}}","{'0': 0.9738149642944336, '1': 0.7882075905799866}"
ccalia.Paesani_Lab_design1,0.6891986131668091,0.31959137320518494,0.6467785239219666,0.0,0.31959137320518494,0.7816004157066345,0.7373072504997253,0.9380228519439697,12.786426544189453,"{'0': {'0': 0.6635422706604004, '1': 0.31959137320518494}, '1': {'0': 0.30334237217903137, '1': 0.7753351926803589}}","{'0': 0.6635422706604004, '1': 0.7753351926803589}"
s1995825.cotimed_egf_netsolp_usability_3,0.8932337164878845,0.934170126914978,0.8773742318153381,0.0,0.934170126914978,0.8829995393753052,0.8803187012672424,0.41785523295402527,1.7141581773757935,"{'0': {'0': 0.9732891917228699, '1': 0.934170126914978}, '1': {'0': 0.8072116374969482, '1': 0.8735536336898804}}","{'0': 0.9732891917228699, '1': 0.8735536336898804}"
darius.szablowski.EGFR_binder_5___ggggs_3_linked_top_binders_1_and_2_efficiently_evolved_and_sapiens_evolved,0.7586745619773865,0.5621787905693054,0.6572494506835938,0.0,0.5621787905693054,0.8077985048294067,0.8043044805526733,0.7958243489265442,9.234762191772461,"{'0': {'0': 0.6000070571899414, '1': 0.5006113052368164}, '1': {'0': 0.5621787905693054, '1': 0.7088594436645508}}","{'0': 0.6000070571899414, '1': 0.7088594436645508}"
a.tucs.Andrejs_Tucs_seq6,0.8789639472961426,0.9475911259651184,0.898365318775177,0.0,0.9475911259651184,0.861807107925415,0.8588524460792542,0.3804980218410492,1.2650519609451294,"{'0': {'0': 0.9826492071151733, '1': 0.9475911259651184}, '1': {'0': 0.8349432349205017, '1': 0.8947343230247498}}","{'0': 0.9826492071151733, '1': 0.8947343230247498}"
tim.silica_corpora_sampled_epitope_0_generated_variant_8_rank_1_phase_2,0.7547394633293152,0.27133119106292725,0.6515494585037231,0.0,0.27133119106292725,0.8755915760993958,0.8263152837753296,0.7904603481292725,15.251358032226562,"{'0': {'0': 0.9686026573181152, '1': 0.27133119106292725}, '1': {'0': 0.21465249359607697, '1': 0.7256910800933838}}","{'0': 0.9686026573181152, '1': 0.7256910800933838}"
hughy.4krp_B_A_89_rnd3_full,0.7464426755905151,0.3900052011013031,0.6321489214897156,0.0,0.3900052011013031,0.8355520367622375,0.79841548204422,0.8175582885742188,14.899953842163086,"{'0': {'0': 0.9772682785987854, '1': 0.3900052011013031}, '1': {'0': 0.28699180483818054, '1': 0.6831545233726501}}","{'0': 0.9772682785987854, '1': 0.6831545233726501}"
cameron.kroll.Gertrude_gen5,0.7273564338684082,0.23799476027488708,0.6908867359161377,0.0,0.23799476027488708,0.8496968746185303,0.8237667679786682,0.6695351004600525,15.880898475646973,"{'0': {'0': 0.9694626927375793, '1': 0.23799476027488708}, '1': {'0': 0.20833612978458405, '1': 0.7987380623817444}}","{'0': 0.9694626927375793, '1': 0.7987380623817444}"
chuh.EGFR_Seg2_l62_s244475_mpnn4,0.8830413222312927,0.9540005922317505,0.7172548770904541,0.0,0.9540005922317505,0.8653014898300171,0.8703861832618713,0.5270541906356812,1.9156646728515625,"{'0': {'0': 0.9885975122451782, '1': 0.9540005922317505}, '1': {'0': 0.6367157697677612, '1': 0.6941184997558594}}","{'0': 0.9885975122451782, '1': 0.6941184997558594}"
zalavi.zalavi3_GGG_shortpacesa,0.8134042620658875,0.6908604502677917,0.6834359765052795,0.0,0.6908604502677917,0.8440402746200562,0.8405379056930542,0.4897407591342926,2.227219343185425,"{'0': {'0': 0.7334120869636536, '1': 0.6908604502677917}, '1': {'0': 0.6145378351211548, '1': 0.710074782371521}}","{'0': 0.7334120869636536, '1': 0.710074782371521}"
karmanyaaggarwal.DS002542,0.7676133513450623,0.23744070529937744,0.6507288813591003,0.0,0.23744070529937744,0.9001564979553223,0.8741325736045837,0.7070482969284058,15.954195022583008,"{'0': {'0': 0.9833920001983643, '1': 0.23744070529937744}, '1': {'0': 0.1849052757024765, '1': 0.7419701218605042}}","{'0': 0.9833920001983643, '1': 0.7419701218605042}"
zulfatmi.pocket1pep78,0.8841199278831482,0.943665087223053,0.8970401287078857,0.0,0.943665087223053,0.8692335486412048,0.8460157513618469,0.387703001499176,1.4112552404403687,"{'0': {'0': 0.9610506296157837, '1': 0.943665087223053}, '1': {'0': 0.794785737991333, '1': 0.8959785103797913}}","{'0': 0.9610506296157837, '1': 0.8959785103797913}"
karmanyaaggarwal.DS004729,0.7830019593238831,0.30048418045043945,0.6523373126983643,0.0,0.30048418045043945,0.9036313891410828,0.8784571886062622,0.6742434501647949,14.79088306427002,"{'0': {'0': 0.981144368648529, '1': 0.30048418045043945}, '1': {'0': 0.23461546003818512, '1': 0.7372120022773743}}","{'0': 0.981144368648529, '1': 0.7372120022773743}"
akash.arunabharathi.design8,0.7303304076194763,0.4936426281929016,0.7343466281890869,0.0,0.4936426281929016,0.7895023226737976,0.7111132740974426,1.01063871383667,11.600272178649902,"{'0': {'0': 0.577529788017273, '1': 0.45348554849624634}, '1': {'0': 0.4936426281929016, '1': 0.8060678243637085}}","{'0': 0.577529788017273, '1': 0.8060678243637085}"
lennart.nickel.EGFR_l139_s63093_mpnn2,0.8402764201164246,0.8355984687805176,0.8485245704650879,0.0,0.8355984687805176,0.8414459228515625,0.8193787336349487,0.49144813418388367,4.005115985870361,"{'0': {'0': 0.9685531854629517, '1': 0.8355984687805176}, '1': {'0': 0.7326814532279968, '1': 0.8521640300750732}}","{'0': 0.9685531854629517, '1': 0.8521640300750732}"
alessio.daddio.AD_9,0.8353469967842102,0.8943570852279663,0.755039632320404,0.0,0.8943570852279663,0.8205944895744324,0.8234343528747559,0.6042750477790833,5.671340465545654,"{'0': {'0': 0.9720107913017273, '1': 0.8943570852279663}, '1': {'0': 0.6784880757331848, '1': 0.7373361587524414}}","{'0': 0.9720107913017273, '1': 0.7373361587524414}"
x.rustamov.traj_11_8_model_5_0,0.7555486559867859,0.36707431077957153,0.6806666851043701,0.0,0.36707431077957153,0.8526672124862671,0.8204326033592224,0.770424485206604,12.871745109558105,"{'0': {'0': 0.9655203223228455, '1': 0.36707431077957153}, '1': {'0': 0.2793682813644409, '1': 0.7480488419532776}}","{'0': 0.9655203223228455, '1': 0.7480488419532776}"
stocco.filippo.1.3.3.18_51_2_iteration3_1.0356664070457622,0.8952644467353821,0.950361967086792,0.8828771710395813,0.0,0.950361967086792,0.8814899921417236,0.8801918625831604,0.41606414318084717,1.43979012966156,"{'0': {'0': 0.971711277961731, '1': 0.950361967086792}, '1': {'0': 0.8270362019538879, '1': 0.879208505153656}}","{'0': 0.971711277961731, '1': 0.879208505153656}"
salireza111.Seq166_7_003_9,0.8867766261100769,0.8888806104660034,0.8692697286605835,0.0,0.8888806104660034,0.8862506747245789,0.8803649544715881,0.47102871537208557,3.180703639984131,"{'0': {'0': 0.9792096614837646, '1': 0.8888806104660034}, '1': {'0': 0.7710387706756592, '1': 0.8677276968955994}}","{'0': 0.9792096614837646, '1': 0.8677276968955994}"
silvia.toscani.B_EGFR_6,0.8159012198448181,0.7174006700515747,0.725380539894104,0.0,0.7174006700515747,0.8405263423919678,0.8141823410987854,0.5900056958198547,6.316459655761719,"{'0': {'0': 0.9535605907440186, '1': 0.7174006700515747}, '1': {'0': 0.460424542427063, '1': 0.7387989163398743}}","{'0': 0.9535605907440186, '1': 0.7387989163398743}"
deepsatflow.6aru_final_chain_A_domain_3_l142_s806907_mpnn1,0.8782516717910767,0.9315565824508667,0.7212294936180115,0.0,0.9315565824508667,0.8649253845214844,0.8725343346595764,0.5087940692901611,2.06866717338562,"{'0': {'0': 0.9861242771148682, '1': 0.9315565824508667}, '1': {'0': 0.6357025504112244, '1': 0.674338698387146}}","{'0': 0.9861242771148682, '1': 0.674338698387146}"
martin.EGFR_l142_s75963_mpnn1,0.680107593536377,0.19660848379135132,0.6626429557800293,0.0,0.19660848379135132,0.8009823560714722,0.7766695618629456,0.8909158110618591,15.229879379272461,"{'0': {'0': 0.8806287050247192, '1': 0.19660848379135132}, '1': {'0': 0.1752881407737732, '1': 0.7694613337516785}}","{'0': 0.8806287050247192, '1': 0.7694613337516785}"
ssomani.17,0.6801077127456665,0.1419714391231537,0.5395999550819397,0.0,0.1419714391231537,0.8146417737007141,0.8027504086494446,0.6779666543006897,18.538314819335938,"{'0': {'0': 0.9641332626342773, '1': 0.1419714391231537}, '1': {'0': 0.12070533633232117, '1': 0.6513791084289551}}","{'0': 0.9641332626342773, '1': 0.6513791084289551}"
gitter.yolo48,0.9142486453056335,0.9434151649475098,0.6592726111412048,0.0,0.9434151649475098,0.9069569706916809,0.909051775932312,0.4653652012348175,1.471235752105713,"{'0': {'0': 0.977469265460968, '1': 0.9434151649475098}, '1': {'0': 0.5875591039657593, '1': 0.6748334169387817}}","{'0': 0.977469265460968, '1': 0.6748334169387817}"
nhaas.6,0.7708837389945984,0.38701462745666504,0.6102980971336365,0.0,0.38701462745666504,0.8668510317802429,0.8349030613899231,0.8041114807128906,14.637744903564453,"{'0': {'0': 0.9444829821586609, '1': 0.38701462745666504}, '1': {'0': 0.27848145365715027, '1': 0.7156271934509277}}","{'0': 0.9444829821586609, '1': 0.7156271934509277}"
wtj19921231.egfr_binder_design_208_dldesign_0_cycle1_run5_af2pred.pdb_A,0.7460302114486694,0.3257503807544708,0.6788266897201538,0.0,0.3257503807544708,0.8511001467704773,0.8015322685241699,0.723032534122467,13.98877239227295,"{'0': {'0': 0.7370692491531372, '1': 0.3257503807544708}, '1': {'0': 0.2973156273365021, '1': 0.7085258364677429}}","{'0': 0.7370692491531372, '1': 0.7085258364677429}"
nhaas.3,0.8379400372505188,0.6477110385894775,0.7270566821098328,0.0,0.6477110385894775,0.8854972124099731,0.8508234024047852,0.7076662182807922,10.009791374206543,"{'0': {'0': 0.9483782649040222, '1': 0.6477110385894775}, '1': {'0': 0.5128103494644165, '1': 0.7657017111778259}}","{'0': 0.9483782649040222, '1': 0.7657017111778259}"
niklas.95B59203-B642-4754-BCD3-8E670A722C8D_l91_s349792600_mpnn19,0.8583111763000488,0.7842867970466614,0.8411111831665039,0.0,0.7842867970466614,0.8768172264099121,0.8737265467643738,0.4656784236431122,5.011363983154297,"{'0': {'0': 0.9610544443130493, '1': 0.7842867970466614}, '1': {'0': 0.6033340096473694, '1': 0.8663579821586609}}","{'0': 0.9610544443130493, '1': 0.8663579821586609}"
tiejun.wei.egfr_binder_design_208_dldesign_10_af2pred.pdb_A,0.8198456764221191,0.700201690196991,0.7904016375541687,0.0,0.700201690196991,0.84975665807724,0.8049691915512085,0.5817565321922302,6.021382808685303,"{'0': {'0': 0.8309959769248962, '1': 0.700201690196991}, '1': {'0': 0.6108777523040771, '1': 0.7981419563293457}}","{'0': 0.8309959769248962, '1': 0.7981419563293457}"
salireza111.Seq166_3_002_4,0.8347568511962891,0.758548378944397,0.8186559081077576,0.0,0.758548378944397,0.8538089394569397,0.8087841272354126,0.5685662627220154,6.434841632843018,"{'0': {'0': 0.9774307608604431, '1': 0.758548378944397}, '1': {'0': 0.6054702401161194, '1': 0.8315537571907043}}","{'0': 0.9774307608604431, '1': 0.8315537571907043}"
chrisxushaoyong.hu_nano1_3_eef94e,0.9183668494224548,0.8763315081596375,0.8426343202590942,0.0,0.8763315081596375,0.9288756847381592,0.9101796746253967,0.4485778510570526,3.788970708847046,"{'0': {'0': 0.9882785081863403, '1': 0.8763315081596375}, '1': {'0': 0.72532719373703, '1': 0.8638917803764343}}","{'0': 0.9882785081863403, '1': 0.8638917803764343}"
cameron.kroll.Gertrude_gen3_S69D_N61E,0.8743314146995544,0.8685483336448669,0.678554117679596,0.0,0.8685483336448669,0.8757771849632263,0.8680263161659241,0.4662787914276123,3.5905697345733643,"{'0': {'0': 0.9761059880256653, '1': 0.8685483336448669}, '1': {'0': 0.5583791732788086, '1': 0.6933351159095764}}","{'0': 0.9761059880256653, '1': 0.6933351159095764}"
noah.holzleitner.Noah_EGFR-Binder_2,0.7586696743965149,0.5277663469314575,0.7616674900054932,0.0,0.5277663469314575,0.8163955211639404,0.7860631346702576,0.5866490006446838,12.98792839050293,"{'0': {'0': 0.9772287607192993, '1': 0.5277663469314575}, '1': {'0': 0.35047534108161926, '1': 0.7968616485595703}}","{'0': 0.9772287607192993, '1': 0.7968616485595703}"
cchallacombe.1,0.854498565196991,0.7607385516166687,0.7659592032432556,0.0,0.7607385516166687,0.8779386281967163,0.833186686038971,0.6004548668861389,7.929077625274658,"{'0': {'0': 0.981979489326477, '1': 0.7607385516166687}, '1': {'0': 0.5754950642585754, '1': 0.7671540975570679}}","{'0': 0.981979489326477, '1': 0.7671540975570679}"
coreyhowe99.corey82,0.8918997645378113,0.9620229601860046,0.6797906160354614,0.0,0.9620229601860046,0.8743690252304077,0.876889705657959,0.43429818749427795,1.0984323024749756,"{'0': {'0': 0.9843698143959045, '1': 0.9620229601860046}, '1': {'0': 0.6208463907241821, '1': 0.7032285332679749}}","{'0': 0.9843698143959045, '1': 0.7032285332679749}"
xiuming_li2015.Eureka_seq_4,0.8923202753067017,0.8487920761108398,0.7412840127944946,0.0,0.8487920761108398,0.9032023549079895,0.9022390246391296,0.5621447563171387,5.144407749176025,"{'0': {'0': 0.9652206897735596, '1': 0.8487920761108398}, '1': {'0': 0.6170795559883118, '1': 0.7086465954780579}}","{'0': 0.9652206897735596, '1': 0.7086465954780579}"
qy.qilin.yu.10-13-21_sample267_complex_42_complex,0.8499118685722351,0.8801620006561279,0.8557838797569275,0.0,0.8801620006561279,0.8423493504524231,0.8140102028846741,0.4678490161895752,2.9973559379577637,"{'0': {'0': 0.9712356328964233, '1': 0.8801620006561279}, '1': {'0': 0.7389441728591919, '1': 0.8587799668312073}}","{'0': 0.9712356328964233, '1': 0.8587799668312073}"
markus.braun.egfr_binder_8,0.6867538690567017,0.2222726047039032,0.5361948013305664,0.0,0.2222726047039032,0.8028741478919983,0.7776890993118286,1.0209786891937256,15.83582592010498,"{'0': {'0': 0.703147292137146, '1': 0.2222726047039032}, '1': {'0': 0.19520753622055054, '1': 0.6661316752433777}}","{'0': 0.703147292137146, '1': 0.6661316752433777}"
biolucasmachado.engineered_binder_7,0.8897099494934082,0.9172453284263611,0.8630196452140808,0.0,0.9172453284263611,0.8828261494636536,0.8786101937294006,0.449718177318573,2.1231894493103027,"{'0': {'0': 0.9664153456687927, '1': 0.9172453284263611}, '1': {'0': 0.7922849655151367, '1': 0.8594233393669128}}","{'0': 0.9664153456687927, '1': 0.8594233393669128}"
briannaughton.2_plus_1,0.8013846278190613,0.664566159248352,0.6527244448661804,0.0,0.664566159248352,0.8355892896652222,0.8307865858078003,0.6144137382507324,5.983776569366455,"{'0': {'0': 0.6947487592697144, '1': 0.664566159248352}, '1': {'0': 0.6163459420204163, '1': 0.6885839104652405}}","{'0': 0.6947487592697144, '1': 0.6885839104652405}"
kerrding.seq6,0.8697072863578796,0.9218153357505798,0.8818450570106506,0.0,0.9218153357505798,0.8566803336143494,0.8593605160713196,0.4365604519844055,2.3130736351013184,"{'0': {'0': 0.966749906539917, '1': 0.9218153357505798}, '1': {'0': 0.8056433200836182, '1': 0.8788601756095886}}","{'0': 0.966749906539917, '1': 0.8788601756095886}"
tim.silica_corpora_regions_sampled_epitope_0_generated_variant_6_rank_7_phase_2,0.8234423995018005,0.6227508187294006,0.7918343544006348,0.0,0.6227508187294006,0.8736152052879333,0.8266671299934387,0.5377615094184875,7.878764629364014,"{'0': {'0': 0.9811663031578064, '1': 0.6227508187294006}, '1': {'0': 0.5384662747383118, '1': 0.8267905116081238}}","{'0': 0.9811663031578064, '1': 0.8267905116081238}"
toluwase.fatoki.Toluwase_Sequence6_112,0.750836968421936,0.6327587366104126,0.7338951826095581,0.0,0.6327587366104126,0.7803565263748169,0.691889762878418,0.8119896054267883,9.088144302368164,"{'0': {'0': 0.7337307929992676, '1': 0.6327587366104126}, '1': {'0': 0.4639946520328522, '1': 0.7642339468002319}}","{'0': 0.7337307929992676, '1': 0.7642339468002319}"
kerrding.seq5,0.8812203407287598,0.9223963618278503,0.8819292783737183,0.0,0.9223963618278503,0.8709263205528259,0.8622903823852539,0.41754987835884094,1.7683671712875366,"{'0': {'0': 0.9642408490180969, '1': 0.9223963618278503}, '1': {'0': 0.8155816793441772, '1': 0.878716766834259}}","{'0': 0.9642408490180969, '1': 0.878716766834259}"
biolucasmachado.engineered_binder_2,0.8265491724014282,0.8429365158081055,0.8454892039299011,0.0,0.8429365158081055,0.8224522471427917,0.7614967823028564,0.487479567527771,4.12769889831543,"{'0': {'0': 0.9344059824943542, '1': 0.8429365158081055}, '1': {'0': 0.6885846257209778, '1': 0.8517307639122009}}","{'0': 0.9344059824943542, '1': 0.8517307639122009}"
s1995825.cotimed_egf_netsolp_usability_5,0.9134799838066101,0.9420585632324219,0.8751533031463623,0.0,0.9420585632324219,0.9063353538513184,0.908414900302887,0.4074968099594116,1.8508051633834839,"{'0': {'0': 0.9775485396385193, '1': 0.9420585632324219}, '1': {'0': 0.8137350678443909, '1': 0.8703603744506836}}","{'0': 0.9775485396385193, '1': 0.8703603744506836}"
a.tucs.Andrejs_Tucs_seq9,0.9034835696220398,0.9491883516311646,0.8846765160560608,0.0,0.9491883516311646,0.8920574188232422,0.8963751196861267,0.41147464513778687,1.3935517072677612,"{'0': {'0': 0.9760332107543945, '1': 0.9491883516311646}, '1': {'0': 0.831538736820221, '1': 0.881456732749939}}","{'0': 0.9760332107543945, '1': 0.881456732749939}"
christoph.gruber.UpperBinder_Scaffold1_LowerBinder,0.8226780891418457,0.7196177244186401,0.8067191243171692,0.0,0.7196177244186401,0.8484432101249695,0.8036543726921082,0.5821777582168579,6.867326736450195,"{'0': {'0': 0.9338009357452393, '1': 0.7196177244186401}, '1': {'0': 0.5935080051422119, '1': 0.8266359567642212}}","{'0': 0.9338009357452393, '1': 0.8266359567642212}"
binom16.pocket2pep89,0.8999215364456177,0.9373370409011841,0.9036805629730225,0.0,0.9373370409011841,0.8905676007270813,0.842232346534729,0.36900416016578674,1.5207321643829346,"{'0': {'0': 0.960965096950531, '1': 0.9373370409011841}, '1': {'0': 0.793935239315033, '1': 0.9032384157180786}}","{'0': 0.960965096950531, '1': 0.9032384157180786}"
klima.jason.8HGO_design_94eja_1_5,0.7544512748718262,0.6677350401878357,0.7674388885498047,0.0,0.6677350401878357,0.7761303186416626,0.6994719505310059,0.7270918488502502,5.660436630249023,"{'0': {'0': 0.733422040939331, '1': 0.6677350401878357}, '1': {'0': 0.5118990540504456, '1': 0.7923421859741211}}","{'0': 0.733422040939331, '1': 0.7923421859741211}"
toluwase.fatoki.Toluwase_Sequence4_148,0.7339060306549072,0.7599394917488098,0.7681227326393127,0.0,0.7599394917488098,0.7273976802825928,0.6349248290061951,0.7171884179115295,5.793149948120117,"{'0': {'0': 0.8581598997116089, '1': 0.7599394917488098}, '1': {'0': 0.6152279376983643, '1': 0.7896361351013184}}","{'0': 0.8581598997116089, '1': 0.7896361351013184}"
724928537.DBZ7___A,0.8796596527099609,0.8660352230072021,0.8788209557533264,0.0,0.8660352230072021,0.8830657005310059,0.8507102727890015,0.4302545189857483,4.010027885437012,"{'0': {'0': 0.9899301528930664, '1': 0.8660352230072021}, '1': {'0': 0.7650982737541199, '1': 0.8830996751785278}}","{'0': 0.9899301528930664, '1': 0.8830996751785278}"
nitesh.mishra3.stepwise_egf_based_egfr_binder_3,0.871950089931488,0.9369662404060364,0.8696749806404114,0.0,0.9369662404060364,0.8556959629058838,0.8489477038383484,0.42675885558128357,2.3328003883361816,"{'0': {'0': 0.985412061214447, '1': 0.9369662404060364}, '1': {'0': 0.7924160361289978, '1': 0.868963897228241}}","{'0': 0.985412061214447, '1': 0.868963897228241}"
alejandro.corrochano-navarro.eng_scfv_binder_3,0.8837775588035583,0.808641254901886,0.7515543699264526,0.0,0.808641254901886,0.902561604976654,0.897612452507019,0.5853796005249023,5.987050533294678,"{'0': {'0': 0.9635747671127319, '1': 0.808641254901886}, '1': {'0': 0.6171811819076538, '1': 0.7355243563652039}}","{'0': 0.9635747671127319, '1': 0.7355243563652039}"
aureliabustos.wwt_noised_I_scaffold_shorted_var9391,0.885436475276947,0.9612423181533813,0.8861997723579407,0.0,0.9612423181533813,0.8664849400520325,0.8706757426261902,0.3973855972290039,1.2753945589065552,"{'0': {'0': 0.9836305379867554, '1': 0.9612423181533813}, '1': {'0': 0.8380937576293945, '1': 0.8823464512825012}}","{'0': 0.9836305379867554, '1': 0.8823464512825012}"
tarkhov.andrey.Erithacus_rubecula_gigantus_7,0.6285400986671448,0.26340582966804504,0.5634104013442993,0.0,0.26340582966804504,0.7198236584663391,0.6486683487892151,1.419222116470337,14.188680648803711,"{'0': {'0': 0.4662737548351288, '1': 0.26340582966804504}, '1': {'0': 0.23254232108592987, '1': 0.6550198793411255}}","{'0': 0.4662737548351288, '1': 0.6550198793411255}"
noah.holzleitner.Noah_EGFR-Binder_1,0.8528664708137512,0.8276494145393372,0.7942156195640564,0.0,0.8276494145393372,0.85917067527771,0.8155791759490967,0.5817683339118958,9.536781311035156,"{'0': {'0': 0.9682614803314209, '1': 0.8276494145393372}, '1': {'0': 0.6308635473251343, '1': 0.7941536903381348}}","{'0': 0.9682614803314209, '1': 0.7941536903381348}"
akash.arunabharathi.design4,0.7678202986717224,0.5779193043708801,0.7344028353691101,0.0,0.5779193043708801,0.8152955770492554,0.7837599515914917,0.7724631428718567,10.294127464294434,"{'0': {'0': 0.5940676927566528, '1': 0.34317299723625183}, '1': {'0': 0.5779193043708801, '1': 0.8385522961616516}}","{'0': 0.5940676927566528, '1': 0.8385522961616516}"
keaun.GWFGVVFKADIARDSEFVAILESQGYLSSITTFSGWNQ,0.8073201179504395,0.7018871903419495,0.8285556435585022,0.0,0.7018871903419495,0.8336783647537231,0.761034369468689,0.5653699040412903,7.940532207489014,"{'0': {'0': 0.891474187374115, '1': 0.7018871903419495}, '1': {'0': 0.5662487745285034, '1': 0.8388122320175171}}","{'0': 0.891474187374115, '1': 0.8388122320175171}"
maxall4.EGFR_ED_BINDER_l134_s906486_mpnn2_model1_unrelaxed_rank_001_alphafold2_multimer_v3_model_1_seed_000_top1_mutation_G108S_round1_Chain_A,0.9022356867790222,0.9344566464424133,0.6907100677490234,0.0,0.9344566464424133,0.8941804766654968,0.8923434615135193,0.4540495276451111,1.8876904249191284,"{'0': {'0': 0.9813752770423889, '1': 0.9344566464424133}, '1': {'0': 0.590878963470459, '1': 0.6881813406944275}}","{'0': 0.9813752770423889, '1': 0.6881813406944275}"
baptiste.roelens.ognk,0.8910595178604126,0.9531285762786865,0.8772298097610474,0.0,0.9531285762786865,0.8755422234535217,0.8791977167129517,0.4128167927265167,1.9203144311904907,"{'0': {'0': 0.9872139692306519, '1': 0.9531285762786865}, '1': {'0': 0.8235529661178589, '1': 0.8707878589630127}}","{'0': 0.9872139692306519, '1': 0.8707878589630127}"
elian.elian1,0.8653462529182434,0.9272948503494263,0.6865099668502808,0.0,0.9272948503494263,0.8498591184616089,0.8319335579872131,0.4634283185005188,1.3893535137176514,"{'0': {'0': 0.9592563509941101, '1': 0.9272948503494263}, '1': {'0': 0.5952755808830261, '1': 0.6989786624908447}}","{'0': 0.9592563509941101, '1': 0.6989786624908447}"
rohith.mohan.model_67_69_2,0.8706275820732117,0.8739668130874634,0.8458324670791626,0.0,0.8739668130874634,0.8697928190231323,0.8499592542648315,0.4798945486545563,3.317192316055298,"{'0': {'0': 0.9447218775749207, '1': 0.8739668130874634}, '1': {'0': 0.765623927116394, '1': 0.8434779644012451}}","{'0': 0.9447218775749207, '1': 0.8434779644012451}"
paulafcfranklin.synth_rosetta_6,0.8879855275154114,0.9414928555488586,0.8817430138587952,0.0,0.9414928555488586,0.8746086955070496,0.8525851368904114,0.39791691303253174,1.3658040761947632,"{'0': {'0': 0.9749412536621094, '1': 0.9414928555488586}, '1': {'0': 0.8258179426193237, '1': 0.8771334886550903}}","{'0': 0.9749412536621094, '1': 0.8771334886550903}"
biolucasmachado.engineered_binder_6,0.8946752548217773,0.8925111293792725,0.8501268029212952,0.0,0.8925111293792725,0.8952162265777588,0.8825345635414124,0.47334131598472595,2.6162118911743164,"{'0': {'0': 0.9415198564529419, '1': 0.8925111293792725}, '1': {'0': 0.7696400284767151, '1': 0.8501846194267273}}","{'0': 0.9415198564529419, '1': 0.8501846194267273}"
dre.LGDL_EGFR_001,0.8084757924079895,0.7043272256851196,0.8306791186332703,0.0,0.7043272256851196,0.8345128893852234,0.7385625243186951,0.6306408047676086,6.235403060913086,"{'0': {'0': 0.7067548036575317, '1': 0.7043272256851196}, '1': {'0': 0.5466768145561218, '1': 0.8415937423706055}}","{'0': 0.7067548036575317, '1': 0.8415937423706055}"
toluwase.fatoki.Toluwase_Sequence3_119,0.7499284148216248,0.6931219100952148,0.7882088422775269,0.0,0.6931219100952148,0.7641299962997437,0.6816186904907227,0.6628069877624512,6.474006175994873,"{'0': {'0': 0.8508513569831848, '1': 0.6931219100952148}, '1': {'0': 0.5863414406776428, '1': 0.8069736361503601}}","{'0': 0.8508513569831848, '1': 0.8069736361503601}"
biolucasmachado.engineered_binder_5,0.890511691570282,0.9459419846534729,0.8716195821762085,0.0,0.9459419846534729,0.8766540884971619,0.8881975412368774,0.4385894238948822,1.6888498067855835,"{'0': {'0': 0.9791279435157776, '1': 0.9459419846534729}, '1': {'0': 0.8081310987472534, '1': 0.8671560287475586}}","{'0': 0.9791279435157776, '1': 0.8671560287475586}"
joaosartori2.c1,0.8921764492988586,0.9203625917434692,0.884431779384613,0.0,0.9203625917434692,0.8851298689842224,0.8815836906433105,0.4257524907588959,2.0779013633728027,"{'0': {'0': 0.9538461565971375, '1': 0.9203625917434692}, '1': {'0': 0.8236692547798157, '1': 0.8834198117256165}}","{'0': 0.9538461565971375, '1': 0.8834198117256165}"
kurumida.yoichi.mg_05,0.8529096841812134,0.8714173436164856,0.8725692629814148,0.0,0.8714173436164856,0.8482827544212341,0.8162302374839783,0.4703204333782196,3.705836534500122,"{'0': {'0': 0.9782871603965759, '1': 0.8714173436164856}, '1': {'0': 0.708450973033905, '1': 0.8769035935401917}}","{'0': 0.9782871603965759, '1': 0.8769035935401917}"
tarkhov.andrey.Erithacus_rubecula_gigantus_8,0.7293059229850769,0.5888278484344482,0.7350308299064636,0.0,0.5888278484344482,0.7644254565238953,0.6965950131416321,0.9721831679344177,8.688922882080078,"{'0': {'0': 0.6508875489234924, '1': 0.5888278484344482}, '1': {'0': 0.5741421580314636, '1': 0.81280916929245}}","{'0': 0.6508875489234924, '1': 0.81280916929245}"
nicholas-schnicker.schnick_04,0.844875156879425,0.9074926972389221,0.8350696563720703,0.0,0.9074926972389221,0.8292207717895508,0.8132017254829407,0.4835590124130249,2.69669508934021,"{'0': {'0': 0.9741877913475037, '1': 0.9074926972389221}, '1': {'0': 0.735777735710144, '1': 0.8250850439071655}}","{'0': 0.9741877913475037, '1': 0.8250850439071655}"
youngsuko2000.fast4,0.8816317915916443,0.9101914763450623,0.8710538744926453,0.0,0.9101914763450623,0.874491810798645,0.8720466494560242,0.4301968514919281,2.375044584274292,"{'0': {'0': 0.9794139862060547, '1': 0.9101914763450623}, '1': {'0': 0.7875993251800537, '1': 0.8688846826553345}}","{'0': 0.9794139862060547, '1': 0.8688846826553345}"
zhoup1366.DBZ1___A,0.7561668753623962,0.24240365624427795,0.650489866733551,0.0,0.24240365624427795,0.8846076130867004,0.8186168670654297,0.8339818716049194,16.831165313720703,"{'0': {'0': 0.9819434285163879, '1': 0.24240365624427795}, '1': {'0': 0.16446472704410553, '1': 0.7434847354888916}}","{'0': 0.9819434285163879, '1': 0.7434847354888916}"
aureliabustos.wt_noised_I_scaffold_shorted_var71,0.868730366230011,0.9527012705802917,0.8684130311012268,0.0,0.9527012705802917,0.8477376103401184,0.84898442029953,0.42378729581832886,1.3932304382324219,"{'0': {'0': 0.9774670600891113, '1': 0.9527012705802917}, '1': {'0': 0.8134380578994751, '1': 0.8644746541976929}}","{'0': 0.9774670600891113, '1': 0.8644746541976929}"
zalavi.zalavi3_mergedaltered_rustamov,0.8372127413749695,0.7450594902038574,0.675288736820221,0.0,0.7450594902038574,0.8602510094642639,0.8612362742424011,0.4925444424152374,1.4170196056365967,"{'0': {'0': 0.7988817095756531, '1': 0.7450594902038574}, '1': {'0': 0.6071398854255676, '1': 0.6514415144920349}}","{'0': 0.7988817095756531, '1': 0.6514415144920349}"
mosquitolkfo.nAb_design_3,0.815189778804779,0.5937197804450989,0.768797755241394,0.0,0.5937197804450989,0.8705571889877319,0.8218432068824768,0.6083476543426514,9.444660186767578,"{'0': {'0': 0.9735851883888245, '1': 0.5937197804450989}, '1': {'0': 0.4597896337509155, '1': 0.8046028017997742}}","{'0': 0.9735851883888245, '1': 0.8046028017997742}"
x.rustamov.traj_9_8_model_1_0,0.833106517791748,0.7842958569526672,0.7739560604095459,0.0,0.7842958569526672,0.8453091382980347,0.7913660407066345,0.6175661683082581,7.579502582550049,"{'0': {'0': 0.9800626039505005, '1': 0.7842958569526672}, '1': {'0': 0.5948747992515564, '1': 0.8071188926696777}}","{'0': 0.9800626039505005, '1': 0.8071188926696777}"
jude.wells.21.6b3s_necitumumab_fused_trimmed_task_211_iter_150,0.9092097282409668,0.9201969504356384,0.8692367672920227,0.0,0.9201969504356384,0.9064629077911377,0.9109517931938171,0.4584554433822632,3.149106502532959,"{'0': {'0': 0.9758572578430176, '1': 0.9201969504356384}, '1': {'0': 0.7839163541793823, '1': 0.853091835975647}}","{'0': 0.9758572578430176, '1': 0.853091835975647}"
qilin_y.test5,0.8445258140563965,0.7916226387023926,0.7975574135780334,0.0,0.7916226387023926,0.8577516078948975,0.8505606651306152,0.5646681189537048,6.331408977508545,"{'0': {'0': 0.9723770022392273, '1': 0.7916226387023926}, '1': {'0': 0.6109548211097717, '1': 0.8020540475845337}}","{'0': 0.9723770022392273, '1': 0.8020540475845337}"
joaosartori2.c4,0.8167145848274231,0.712629497051239,0.782842218875885,0.0,0.712629497051239,0.8427358865737915,0.8140488862991333,0.6004692912101746,6.613653182983398,"{'0': {'0': 0.9207014441490173, '1': 0.712629497051239}, '1': {'0': 0.578977644443512, '1': 0.7932406067848206}}","{'0': 0.9207014441490173, '1': 0.7932406067848206}"
maxall4.EGFR_TRIM_l126_s498823_mpnn2_model1_unrelaxed_rank_001_alphafold2_multimer_v3_model_1_seed_000_top1_mutation_L39G_round1_Chain_A,0.873364269733429,0.9212848544120789,0.7564069628715515,0.0,0.9212848544120789,0.8613841533660889,0.8698345422744751,0.5418916344642639,3.995508909225464,"{'0': {'0': 0.9709553122520447, '1': 0.9212848544120789}, '1': {'0': 0.6726855635643005, '1': 0.7231429815292358}}","{'0': 0.9709553122520447, '1': 0.7231429815292358}"
jvogt4.vogt_scFV_2279,0.7383307814598083,0.21064956486225128,0.6315562129020691,0.0,0.21064956486225128,0.8702511191368103,0.8325762748718262,0.7520277500152588,15.674938201904297,"{'0': {'0': 0.948375403881073, '1': 0.21064956486225128}, '1': {'0': 0.18742382526397705, '1': 0.8020969033241272}}","{'0': 0.948375403881073, '1': 0.8020969033241272}"
stocco.filippo.1.3.3.18_40_0_iteration12_1.0321554292304749,0.8799888491630554,0.9421992301940918,0.8765277862548828,0.0,0.9421992301940918,0.8644362092018127,0.853348970413208,0.42934945225715637,1.58344566822052,"{'0': {'0': 0.9662250280380249, '1': 0.9421992301940918}, '1': {'0': 0.8161308169364929, '1': 0.8730948567390442}}","{'0': 0.9662250280380249, '1': 0.8730948567390442}"
enzo.morro.design_0_n_0_mpnn_1.117_plddt_0.713_i_ptm_0.082_i_pae_27.542_rmsd_25.669,0.7840170860290527,0.7455661296844482,0.811654806137085,0.0,0.7455661296844482,0.7936298251152039,0.7544798851013184,0.5745914578437805,5.484833240509033,"{'0': {'0': 0.9346897602081299, '1': 0.7455661296844482}, '1': {'0': 0.6568529605865479, '1': 0.8294273614883423}}","{'0': 0.9346897602081299, '1': 0.8294273614883423}"
alessio.daddio.AD_1,0.8589546084403992,0.910910964012146,0.7986940145492554,0.0,0.910910964012146,0.845965564250946,0.8461401462554932,0.5303329825401306,2.8838422298431396,"{'0': {'0': 0.9684569239616394, '1': 0.910910964012146}, '1': {'0': 0.7138758301734924, '1': 0.7830644249916077}}","{'0': 0.9684569239616394, '1': 0.7830644249916077}"
jakublala.epitope_1_20aa.pdb,0.8905631303787231,0.9152758717536926,0.8920875787734985,0.0,0.9152758717536926,0.8843848705291748,0.8511161804199219,0.3939465880393982,1.8609442710876465,"{'0': {'0': 0.936622679233551, '1': 0.9152758717536926}, '1': {'0': 0.7750886082649231, '1': 0.8914122581481934}}","{'0': 0.936622679233551, '1': 0.8914122581481934}"
enzo.morro.design_0_n_1_mpnn_1.085_plddt_0.817_i_ptm_0.076_i_pae_28.084_rmsd_25.372,0.742909848690033,0.30202358961105347,0.6601220369338989,0.0,0.30202358961105347,0.8531313538551331,0.8376172184944153,0.7217076420783997,14.395379066467285,"{'0': {'0': 0.9031126499176025, '1': 0.30202358961105347}, '1': {'0': 0.2443528175354004, '1': 0.7727699279785156}}","{'0': 0.9031126499176025, '1': 0.7727699279785156}"
jakublala.full_dibinder_45aa.pdb,0.8316473960876465,0.7202664613723755,0.8531838655471802,0.0,0.7202664613723755,0.8594926595687866,0.8087531924247742,0.54664146900177,5.824695110321045,"{'0': {'0': 0.8818970918655396, '1': 0.7202664613723755}, '1': {'0': 0.6255521774291992, '1': 0.8628155589103699}}","{'0': 0.8818970918655396, '1': 0.8628155589103699}"
amelie.schreiber.model_60_151_9,0.8542999625205994,0.8878347873687744,0.6433038115501404,0.0,0.8878347873687744,0.8459161520004272,0.8273832201957703,0.49807751178741455,2.601219654083252,"{'0': {'0': 0.9562682509422302, '1': 0.8878347873687744}, '1': {'0': 0.47714394330978394, '1': 0.6757714748382568}}","{'0': 0.9562682509422302, '1': 0.6757714748382568}"
stocco.filippo.1.3.3.18_37_0_iteration3_1.024851931427025,0.8849576115608215,0.9277865290641785,0.8718851804733276,0.0,0.9277865290641785,0.8742503523826599,0.880577564239502,0.42501312494277954,2.2088027000427246,"{'0': {'0': 0.977360188961029, '1': 0.9277865290641785}, '1': {'0': 0.8059106469154358, '1': 0.8681733012199402}}","{'0': 0.977360188961029, '1': 0.8681733012199402}"
tim.silica_corpora_regions_sampled_epitope_2_generated_variant_8_rank_3_phase_2,0.8718719482421875,0.8058443069458008,0.8355390429496765,0.0,0.8058443069458008,0.8883788585662842,0.8531007766723633,0.49771273136138916,4.639053821563721,"{'0': {'0': 0.980135977268219, '1': 0.8058443069458008}, '1': {'0': 0.6907669901847839, '1': 0.8502362370491028}}","{'0': 0.980135977268219, '1': 0.8502362370491028}"
binom16.pocket2pep86,0.8612914085388184,0.8509302735328674,0.887880265712738,0.0,0.8509302735328674,0.8638817071914673,0.8278563022613525,0.409233033657074,2.978381395339966,"{'0': {'0': 0.8839758038520813, '1': 0.8509302735328674}, '1': {'0': 0.7358525395393372, '1': 0.8898270130157471}}","{'0': 0.8839758038520813, '1': 0.8898270130157471}"
duynth29.Duy_L111_mpnn14_L80M_L42M,0.84770268201828,0.877093493938446,0.7958882451057434,0.0,0.877093493938446,0.8403550386428833,0.8300673961639404,0.5473315715789795,3.741415500640869,"{'0': {'0': 0.9811484813690186, '1': 0.877093493938446}, '1': {'0': 0.6875278353691101, '1': 0.7834531664848328}}","{'0': 0.9811484813690186, '1': 0.7834531664848328}"
allongoldberg.3_52_1_refined,0.8508655428886414,0.7520921230316162,0.7220249772071838,0.0,0.7520921230316162,0.8755589127540588,0.8534600138664246,0.6148185133934021,8.656233787536621,"{'0': {'0': 0.9543567895889282, '1': 0.7520921230316162}, '1': {'0': 0.517737090587616, '1': 0.7393072247505188}}","{'0': 0.9543567895889282, '1': 0.7393072247505188}"
amelie.schreiber.model_83_156_16,0.8588761687278748,0.9131999015808105,0.6776635050773621,0.0,0.9131999015808105,0.8452951908111572,0.8216390013694763,0.46911120414733887,2.072827100753784,"{'0': {'0': 0.9694299101829529, '1': 0.9131999015808105}, '1': {'0': 0.5583415627479553, '1': 0.6821890473365784}}","{'0': 0.9694299101829529, '1': 0.6821890473365784}"
salireza111.Seq166_1_001_7,0.8824421167373657,0.9329937696456909,0.9015588760375977,0.0,0.9329937696456909,0.8698042035102844,0.844369649887085,0.396090030670166,1.882986068725586,"{'0': {'0': 0.9839448928833008, '1': 0.9329937696456909}, '1': {'0': 0.8074448108673096, '1': 0.8995316028594971}}","{'0': 0.9839448928833008, '1': 0.8995316028594971}"
lhallee.lhallee_40_full_driveid_8_9,0.8618330359458923,0.9350132346153259,0.888296902179718,0.0,0.9350132346153259,0.8435379266738892,0.7594045996665955,0.41826534271240234,1.7826510667800903,"{'0': {'0': 0.954369843006134, '1': 0.9350132346153259}, '1': {'0': 0.7941285967826843, '1': 0.8866825699806213}}","{'0': 0.954369843006134, '1': 0.8866825699806213}"
niklas.7A72D922-1677-4FC8-9315-D7996BA05D8E_l150_s530325711_mpnn12,0.8084174394607544,0.7226459980010986,0.7610488533973694,0.0,0.7226459980010986,0.829860270023346,0.8003655076026917,0.5970538854598999,9.141926765441895,"{'0': {'0': 0.9762547612190247, '1': 0.7226459980010986}, '1': {'0': 0.5316192507743835, '1': 0.7824341654777527}}","{'0': 0.9762547612190247, '1': 0.7824341654777527}"
martin.EGFR_l177_s77884_mpnn7,0.8278056979179382,0.8622704744338989,0.8269393444061279,0.0,0.8622704744338989,0.8191895484924316,0.7796489596366882,0.5369141697883606,4.661470890045166,"{'0': {'0': 0.9625018239021301, '1': 0.8622704744338989}, '1': {'0': 0.6961241960525513, '1': 0.8237028121948242}}","{'0': 0.9625018239021301, '1': 0.8237028121948242}"
x.rustamov.traj_6_1_model_1_8,0.7691056132316589,0.5453035831451416,0.6475226879119873,0.0,0.5453035831451416,0.8250560760498047,0.7892939448356628,0.6990736126899719,11.438881874084473,"{'0': {'0': 0.9490100145339966, '1': 0.5453035831451416}, '1': {'0': 0.3674071431159973, '1': 0.6961010694503784}}","{'0': 0.9490100145339966, '1': 0.6961010694503784}"
alex.naka.Venusaur,0.8818992972373962,0.9437162280082703,0.889970064163208,0.0,0.9437162280082703,0.8664450645446777,0.8666010499000549,0.4039732813835144,1.4754747152328491,"{'0': {'0': 0.9800766706466675, '1': 0.9437162280082703}, '1': {'0': 0.8286305665969849, '1': 0.8860081434249878}}","{'0': 0.9800766706466675, '1': 0.8860081434249878}"
bundit.b_s18.manbaritone_Seq5_EGFR-binder-70-100_beta_303_dldesign_1_Length=71,0.7696310877799988,0.34519246220588684,0.6907055974006653,0.0,0.34519246220588684,0.8757407069206238,0.8615627288818359,0.6097400188446045,14.911092758178711,"{'0': {'0': 0.9654037952423096, '1': 0.34519246220588684}, '1': {'0': 0.26564979553222656, '1': 0.730208694934845}}","{'0': 0.9654037952423096, '1': 0.730208694934845}"
round1zeroshot.K5Q_N70S_K71R_N73T_S87T_N88D_R179K_K183R_E213D_S214P,0.8964999318122864,0.8694748878479004,0.7890586853027344,0.0,0.8694748878479004,0.9032561779022217,0.9025503993034363,0.5276293158531189,4.112872123718262,"{'0': {'0': 0.9657040238380432, '1': 0.8694748878479004}, '1': {'0': 0.6849663853645325, '1': 0.7637332081794739}}","{'0': 0.9657040238380432, '1': 0.7637332081794739}"
julie.jg26n,0.8898566365242004,0.9607043266296387,0.8500691056251526,0.0,0.9607043266296387,0.8721446990966797,0.8717991709709167,0.4353797137737274,1.7336227893829346,"{'0': {'0': 0.9898741841316223, '1': 0.9607043266296387}, '1': {'0': 0.7707984447479248, '1': 0.8565946817398071}}","{'0': 0.9898741841316223, '1': 0.8565946817398071}"
youngsuko2000.last,0.9042677283287048,0.9498098492622375,0.8952562808990479,0.0,0.9498098492622375,0.8928821086883545,0.8976582884788513,0.3986595869064331,1.4070258140563965,"{'0': {'0': 0.9780517816543579, '1': 0.9498098492622375}, '1': {'0': 0.8467799425125122, '1': 0.8924930095672607}}","{'0': 0.9780517816543579, '1': 0.8924930095672607}"
keaun.GIFGVVFKADIARVSIDVAIDYSTGYLGSLTTFSGCNQ,0.8255553245544434,0.7981230616569519,0.8356996774673462,0.0,0.7981230616569519,0.832413375377655,0.7587051391601562,0.5204565525054932,5.121673583984375,"{'0': {'0': 0.8630070090293884, '1': 0.7981230616569519}, '1': {'0': 0.6325274705886841, '1': 0.841520369052887}}","{'0': 0.8630070090293884, '1': 0.841520369052887}"
carson.vaux.Baker1_18,0.870689332485199,0.8806928992271423,0.8225123286247253,0.0,0.8806928992271423,0.8681884407997131,0.8626733422279358,0.5035779476165771,3.821991443634033,"{'0': {'0': 0.9845909476280212, '1': 0.8806928992271423}, '1': {'0': 0.7229365110397339, '1': 0.8167815804481506}}","{'0': 0.9845909476280212, '1': 0.8167815804481506}"
alan.blakely.12_3,0.7478503584861755,0.6463934779167175,0.6407535672187805,0.0,0.6463934779167175,0.77321457862854,0.73274165391922,0.8342105150222778,6.180278301239014,"{'0': {'0': 0.6930863857269287, '1': 0.6463934779167175}, '1': {'0': 0.5896912813186646, '1': 0.6519280076026917}}","{'0': 0.6930863857269287, '1': 0.6519280076026917}"
a.tucs.Andrejs_Tucs_seq5,0.8968530893325806,0.9490766525268555,0.882405161857605,0.0,0.9490766525268555,0.8837971687316895,0.8850056529045105,0.412280797958374,1.3440972566604614,"{'0': {'0': 0.9784601330757141, '1': 0.9490766525268555}, '1': {'0': 0.8301643133163452, '1': 0.878028154373169}}","{'0': 0.9784601330757141, '1': 0.878028154373169}"
maxall4.EGFR_ED_BINDER_l132_s581930_mpnn1_model1_unrelaxed_rank_001_alphafold2_multimer_v3_model_1_seed_000_top1_mutation_R79A_round1_Chain_A,0.8888654708862305,0.9240335822105408,0.6989321112632751,0.0,0.9240335822105408,0.8800734281539917,0.8868589997291565,0.4477274417877197,2.098773241043091,"{'0': {'0': 0.9762563109397888, '1': 0.9240335822105408}, '1': {'0': 0.6017580032348633, '1': 0.7140446901321411}}","{'0': 0.9762563109397888, '1': 0.7140446901321411}"
qilin_y.test6,0.7800285220146179,0.7110762596130371,0.7729083299636841,0.0,0.7110762596130371,0.7972665429115295,0.732783854007721,0.6631578207015991,6.054365158081055,"{'0': {'0': 0.8107746839523315, '1': 0.7110762596130371}, '1': {'0': 0.5233511924743652, '1': 0.793679416179657}}","{'0': 0.8107746839523315, '1': 0.793679416179657}"
mlange05.B,0.8354751467704773,0.848153293132782,0.6869863271713257,0.0,0.848153293132782,0.8323056697845459,0.807550847530365,0.5691689252853394,3.7849438190460205,"{'0': {'0': 0.9708266854286194, '1': 0.848153293132782}, '1': {'0': 0.5397421717643738, '1': 0.6610710620880127}}","{'0': 0.9708266854286194, '1': 0.6610710620880127}"
"colby.TUPEGFR_010___anti-EGFR,_Fv-like_protein,_diffused_with_EvoDiff",0.7004523277282715,0.463769793510437,0.645853579044342,0.0,0.463769793510437,0.7596229314804077,0.6932014226913452,1.171809434890747,11.623332023620605,"{'0': {'0': 0.6494003534317017, '1': 0.463769793510437}, '1': {'0': 0.4470522403717041, '1': 0.7322729825973511}}","{'0': 0.6494003534317017, '1': 0.7322729825973511}"
lhallee.lhallee_40_target_driveid_10,0.8172109723091125,0.6381781697273254,0.8143527507781982,0.0,0.6381781697273254,0.8619691133499146,0.7691764831542969,0.669429361820221,7.893682956695557,"{'0': {'0': 0.7791537046432495, '1': 0.6381781697273254}, '1': {'0': 0.4872298538684845, '1': 0.8295676112174988}}","{'0': 0.7791537046432495, '1': 0.8295676112174988}"
youngsuko2000.queen,0.877231776714325,0.9129871726036072,0.8821312785148621,0.0,0.9129871726036072,0.8682929873466492,0.8588317632675171,0.4188261330127716,1.8184939622879028,"{'0': {'0': 0.9605047702789307, '1': 0.9129871726036072}, '1': {'0': 0.8203225135803223, '1': 0.8795134425163269}}","{'0': 0.9605047702789307, '1': 0.8795134425163269}"
maxall4.EGFR_ED_BINDER_l124_s860500_mpnn1_model1_unrelaxed_rank_001_alphafold2_multimer_v3_model_1_seed_000_top1_mutation_D81N_round1_Chain_A,0.8911165595054626,0.9348470568656921,0.6817038655281067,0.0,0.9348470568656921,0.8801838755607605,0.8703252673149109,0.4716538190841675,1.9334468841552734,"{'0': {'0': 0.9704375267028809, '1': 0.9348470568656921}, '1': {'0': 0.5987574458122253, '1': 0.68187415599823}}","{'0': 0.9704375267028809, '1': 0.68187415599823}"
lyu.3,0.8698854446411133,0.8896415829658508,0.7366510033607483,0.0,0.8896415829658508,0.8649463653564453,0.866845965385437,0.5548932552337646,3.8985989093780518,"{'0': {'0': 0.9768257141113281, '1': 0.8896415829658508}, '1': {'0': 0.6216242909431458, '1': 0.7122995257377625}}","{'0': 0.9768257141113281, '1': 0.7122995257377625}"
nitesh.mishra3.stepwise_scaffold_egfr_binder_6,0.8192079663276672,0.6456805467605591,0.8058397769927979,0.0,0.6456805467605591,0.8625897765159607,0.8409919738769531,0.5557013154029846,8.558395385742188,"{'0': {'0': 0.9672712683677673, '1': 0.6456805467605591}, '1': {'0': 0.5038327574729919, '1': 0.8211643099784851}}","{'0': 0.9672712683677673, '1': 0.8211643099784851}"
biolucasmachado.engineered_binder_4,0.8808687329292297,0.8999612331390381,0.8751718401908875,0.0,0.8999612331390381,0.8760955929756165,0.8690480589866638,0.4484204053878784,2.0210120677948,"{'0': {'0': 0.9372690916061401, '1': 0.8999612331390381}, '1': {'0': 0.8149043321609497, '1': 0.8747774958610535}}","{'0': 0.9372690916061401, '1': 0.8747774958610535}"
zhoup1366.DBZ7___A,0.8395184874534607,0.8022588491439819,0.8169718980789185,0.0,0.8022588491439819,0.8488333225250244,0.8102373480796814,0.5399549603462219,5.269974708557129,"{'0': {'0': 0.9802448749542236, '1': 0.8022588491439819}, '1': {'0': 0.6992716193199158, '1': 0.8283659815788269}}","{'0': 0.9802448749542236, '1': 0.8283659815788269}"
fernando.meireles.design_hybrid_partial_diff_7_1_binder,0.8628273010253906,0.8942828178405762,0.8267784714698792,0.0,0.8942828178405762,0.8549633622169495,0.8445186018943787,0.4962558448314667,2.716921329498291,"{'0': {'0': 0.9209336042404175, '1': 0.8942828178405762}, '1': {'0': 0.7363795042037964, '1': 0.8212684988975525}}","{'0': 0.9209336042404175, '1': 0.8212684988975525}"
lyu.2,0.8860999345779419,0.9355267882347107,0.6643365025520325,0.0,0.9355267882347107,0.8737432360649109,0.8720560669898987,0.4790284037590027,1.6065856218338013,"{'0': {'0': 0.9701613783836365, '1': 0.9355267882347107}, '1': {'0': 0.5760312676429749, '1': 0.6727926731109619}}","{'0': 0.9701613783836365, '1': 0.6727926731109619}"
christoph.gruber.UpperBinder_XTEN_LowerBinder,0.7976872324943542,0.7535399198532104,0.8512268662452698,0.0,0.7535399198532104,0.808724045753479,0.745110809803009,0.6294955611228943,5.868453502655029,"{'0': {'0': 0.8271282911300659, '1': 0.7535399198532104}, '1': {'0': 0.6906948685646057, '1': 0.8634628057479858}}","{'0': 0.8271282911300659, '1': 0.8634628057479858}"
briannaughton.EGFR_plus_EGFR,0.7665963172912598,0.8154414892196655,0.8548546433448792,0.0,0.8154414892196655,0.7543850541114807,0.7301002740859985,0.571357786655426,4.0423078536987305,"{'0': {'0': 0.8461326360702515, '1': 0.8154414892196655}, '1': {'0': 0.7700496912002563, '1': 0.8628515601158142}}","{'0': 0.8461326360702515, '1': 0.8628515601158142}"
revoli.mutated_nAb_5,0.8890671730041504,0.7230895161628723,0.7751341462135315,0.0,0.7230895161628723,0.9305616021156311,0.9168727993965149,0.5622110962867737,7.8850789070129395,"{'0': {'0': 0.9885395765304565, '1': 0.7230895161628723}, '1': {'0': 0.5634596347808838, '1': 0.7857967019081116}}","{'0': 0.9885395765304565, '1': 0.7857967019081116}"
noah.holzleitner.Noah_EGFR-Binder_3,0.8074209094047546,0.7201870083808899,0.8368641138076782,0.0,0.7201870083808899,0.8292293548583984,0.8143402338027954,0.5375081896781921,8.184813499450684,"{'0': {'0': 0.979976236820221, '1': 0.7201870083808899}, '1': {'0': 0.6156790256500244, '1': 0.8603094816207886}}","{'0': 0.979976236820221, '1': 0.8603094816207886}"
niklas.E5A28FA3-3501-41C2-922C-EC848E0BC020_l81_s514858345_mpnn4,0.856227695941925,0.9341142773628235,0.7588860988616943,0.0,0.9341142773628235,0.8367559909820557,0.8399354815483093,0.5100387334823608,2.3995862007141113,"{'0': {'0': 0.9818645715713501, '1': 0.9341142773628235}, '1': {'0': 0.6720321178436279, '1': 0.7367793321609497}}","{'0': 0.9818645715713501, '1': 0.7367793321609497}"
revoli.mutated_nAb_8,0.8442571759223938,0.514623761177063,0.7332794666290283,0.0,0.514623761177063,0.9266654849052429,0.9055770039558411,0.6423956155776978,11.097819328308105,"{'0': {'0': 0.9872874021530151, '1': 0.514623761177063}, '1': {'0': 0.3928205072879791, '1': 0.797544002532959}}","{'0': 0.9872874021530151, '1': 0.797544002532959}"
"colby.TUPEGFR_006___anti-EGFR,_Fv-like_protein,_diffused_with_EvoDiff",0.7623674273490906,0.605313241481781,0.6814470291137695,0.0,0.605313241481781,0.801630973815918,0.7371273040771484,0.831292450428009,10.18348503112793,"{'0': {'0': 0.9185198545455933, '1': 0.605313241481781}, '1': {'0': 0.4175315797328949, '1': 0.7157230973243713}}","{'0': 0.9185198545455933, '1': 0.7157230973243713}"
darius.szablowski.EGFR_binder_1___top_binder_1,0.8506315350532532,0.9111673831939697,0.7310919761657715,0.0,0.9111673831939697,0.8354975581169128,0.8357253670692444,0.5453413724899292,2.7371983528137207,"{'0': {'0': 0.9854037761688232, '1': 0.9111673831939697}, '1': {'0': 0.6065462231636047, '1': 0.7067986130714417}}","{'0': 0.9854037761688232, '1': 0.7067986130714417}"
tadaskluonis.cotimed_egf_BCseq_1,0.9070415496826172,0.9487297534942627,0.8892338871955872,0.0,0.9487297534942627,0.896619439125061,0.8951408863067627,0.40471842885017395,1.4221305847167969,"{'0': {'0': 0.9801702499389648, '1': 0.9487297534942627}, '1': {'0': 0.8375015258789062, '1': 0.8848304152488708}}","{'0': 0.9801702499389648, '1': 0.8848304152488708}"
pastei5.egfr_binder_01,0.7447681427001953,0.2731751799583435,0.659673273563385,0.0,0.2731751799583435,0.8626663684844971,0.8208436369895935,0.7948091626167297,16.391342163085938,"{'0': {'0': 0.9217017292976379, '1': 0.2731751799583435}, '1': {'0': 0.20328903198242188, '1': 0.7189339995384216}}","{'0': 0.9217017292976379, '1': 0.7189339995384216}"
mosquitolkfo.nAb_design_6,0.7717987895011902,0.3736853301525116,0.7081827521324158,0.0,0.3736853301525116,0.8713271021842957,0.8274090886116028,0.7015893459320068,12.88226318359375,"{'0': {'0': 0.9639682769775391, '1': 0.3736853301525116}, '1': {'0': 0.2999859154224396, '1': 0.7786840796470642}}","{'0': 0.9639682769775391, '1': 0.7786840796470642}"
ccalia.Paesani_Lab_design8,0.7613961100578308,0.6435519456863403,0.6711568236351013,0.0,0.6435519456863403,0.7908571362495422,0.7713483572006226,0.6844804286956787,5.759036540985107,"{'0': {'0': 0.6614611744880676, '1': 0.5792771577835083}, '1': {'0': 0.6435519456863403, '1': 0.7067810297012329}}","{'0': 0.6614611744880676, '1': 0.7067810297012329}"
paulafcfranklin.synth_rosetta_7,0.8816347122192383,0.9335811138153076,0.8820408582687378,0.0,0.9335811138153076,0.8686480522155762,0.8608136773109436,0.3984653949737549,1.536033034324646,"{'0': {'0': 0.9730764627456665, '1': 0.9335811138153076}, '1': {'0': 0.8172875046730042, '1': 0.8794568181037903}}","{'0': 0.9730764627456665, '1': 0.8794568181037903}"
fernando.meireles.design_hybrid_partial_diff_4_31_binder,0.8707751631736755,0.851704478263855,0.7898697853088379,0.0,0.851704478263855,0.8755427598953247,0.8597539663314819,0.5248515009880066,4.714158535003662,"{'0': {'0': 0.9228810667991638, '1': 0.851704478263855}, '1': {'0': 0.6655474901199341, '1': 0.7960655093193054}}","{'0': 0.9228810667991638, '1': 0.7960655093193054}"
biolucasmachado.engineered_binder_3,0.8599618077278137,0.9433625936508179,0.8905372023582458,0.0,0.9433625936508179,0.8391116261482239,0.8231590986251831,0.39837291836738586,1.39072585105896,"{'0': {'0': 0.9699164628982544, '1': 0.9433625936508179}, '1': {'0': 0.8339681625366211, '1': 0.8879827857017517}}","{'0': 0.9699164628982544, '1': 0.8879827857017517}"
keaun.GWFGVVFKADIAGVSEKVAIELSGGYEGSLTTPSGWNQ,0.7815559506416321,0.5307679176330566,0.7613478302955627,0.0,0.5307679176330566,0.8442529439926147,0.779508650302887,0.6417922973632812,11.112223625183105,"{'0': {'0': 0.7164027690887451, '1': 0.5307679176330566}, '1': {'0': 0.3947339653968811, '1': 0.7768754363059998}}","{'0': 0.7164027690887451, '1': 0.7768754363059998}"
tadej.satler.egfr_binder_3,0.8743057250976562,0.9291574358940125,0.8654862642288208,0.0,0.9291574358940125,0.8605928421020508,0.877957820892334,0.453037291765213,2.1133391857147217,"{'0': {'0': 0.9853155016899109, '1': 0.9291574358940125}, '1': {'0': 0.8270047307014465, '1': 0.8553992509841919}}","{'0': 0.9853155016899109, '1': 0.8553992509841919}"
aswini.seed2_3,0.8676024675369263,0.9390639662742615,0.8701685070991516,0.0,0.9390639662742615,0.8497371077537537,0.8019425272941589,0.42650526762008667,1.7594385147094727,"{'0': {'0': 0.9766164422035217, '1': 0.9390639662742615}, '1': {'0': 0.7756536602973938, '1': 0.8683344721794128}}","{'0': 0.9766164422035217, '1': 0.8683344721794128}"
binom16.pocket7pep80,0.8933358192443848,0.9282647371292114,0.8932425379753113,0.0,0.9282647371292114,0.8846035599708557,0.8431674838066101,0.38955745100975037,1.8552347421646118,"{'0': {'0': 0.9385567903518677, '1': 0.9282647371292114}, '1': {'0': 0.7197778820991516, '1': 0.8923724889755249}}","{'0': 0.9385567903518677, '1': 0.8923724889755249}"
keaun.GAFPVVFKADIARVSEFVAIGPSTGYLGSLTTMSGVNQ,0.7840736508369446,0.6742449998855591,0.7948409914970398,0.0,0.6742449998855591,0.8115307688713074,0.7340726256370544,0.6817819476127625,7.842189311981201,"{'0': {'0': 0.776807427406311, '1': 0.6742449998855591}, '1': {'0': 0.48851683735847473, '1': 0.8061190247535706}}","{'0': 0.776807427406311, '1': 0.8061190247535706}"
binom16.pocket1pep15,0.8907012939453125,0.8875652551651001,0.8853448033332825,0.0,0.8875652551651001,0.891485333442688,0.8423388600349426,0.404323935508728,2.9392127990722656,"{'0': {'0': 0.9661181569099426, '1': 0.8875652551651001}, '1': {'0': 0.695781946182251, '1': 0.8856706619262695}}","{'0': 0.9661181569099426, '1': 0.8856706619262695}"
chuh.EGFR_Seg1_l58_s941869_mpnn2,0.8923736810684204,0.9510205984115601,0.7780968546867371,0.0,0.9510205984115601,0.8777119517326355,0.8752560019493103,0.46242356300354004,3.067844867706299,"{'0': {'0': 0.9895544648170471, '1': 0.9510205984115601}, '1': {'0': 0.681086540222168, '1': 0.7801485061645508}}","{'0': 0.9895544648170471, '1': 0.7801485061645508}"
s1995825.cotimed_egf_netsolp_usability_4,0.8865591287612915,0.9466370344161987,0.888034999370575,0.0,0.9466370344161987,0.8715396523475647,0.8662371039390564,0.3931952714920044,1.4956059455871582,"{'0': {'0': 0.9749273657798767, '1': 0.9466370344161987}, '1': {'0': 0.8267422318458557, '1': 0.8840457797050476}}","{'0': 0.9749273657798767, '1': 0.8840457797050476}"
salireza111.Seq119_3_001_8,0.8658837676048279,0.8678178787231445,0.8748817443847656,0.0,0.8678178787231445,0.8654001951217651,0.8538699150085449,0.44462913274765015,3.584411382675171,"{'0': {'0': 0.978857159614563, '1': 0.8678178787231445}, '1': {'0': 0.7339456677436829, '1': 0.8773735165596008}}","{'0': 0.978857159614563, '1': 0.8773735165596008}"
elian.elian5,0.8680038452148438,0.9259859323501587,0.6894286274909973,0.0,0.9259859323501587,0.8535083532333374,0.8403623700141907,0.4566550552845001,1.475331425666809,"{'0': {'0': 0.9603281617164612, '1': 0.9259859323501587}, '1': {'0': 0.5945183038711548, '1': 0.6911749839782715}}","{'0': 0.9603281617164612, '1': 0.6911749839782715}"
praghava531.seq2,0.9000110030174255,0.907204806804657,0.8418822288513184,0.0,0.907204806804657,0.8982124924659729,0.8932777047157288,0.44202011823654175,2.1754868030548096,"{'0': {'0': 0.9852585196495056, '1': 0.907204806804657}, '1': {'0': 0.7888397574424744, '1': 0.8404993414878845}}","{'0': 0.9852585196495056, '1': 0.8404993414878845}"
salireza111.Seq206_1_001_6,0.8255915641784668,0.8313774466514587,0.875133752822876,0.0,0.8313774466514587,0.8241451382637024,0.7692569494247437,0.49759721755981445,4.74392557144165,"{'0': {'0': 0.9475654363632202, '1': 0.8313774466514587}, '1': {'0': 0.6797572374343872, '1': 0.8807868361473083}}","{'0': 0.9475654363632202, '1': 0.8807868361473083}"
huiyu.cai.H3_15_2847_H,0.8230399489402771,0.6336883306503296,0.6838935613632202,0.0,0.6336883306503296,0.870377779006958,0.8252004384994507,0.7443799376487732,11.992445945739746,"{'0': {'0': 0.9781022667884827, '1': 0.6336883306503296}, '1': {'0': 0.3991069495677948, '1': 0.6970395445823669}}","{'0': 0.9781022667884827, '1': 0.6970395445823669}"
mosquitolkfo.nAb_design_1,0.8452876210212708,0.7606119513511658,0.8221630454063416,0.0,0.7606119513511658,0.8664565682411194,0.8272805213928223,0.527996301651001,6.31358528137207,"{'0': {'0': 0.9847347140312195, '1': 0.7606119513511658}, '1': {'0': 0.6433852314949036, '1': 0.8351045250892639}}","{'0': 0.9847347140312195, '1': 0.8351045250892639}"
a.tucs.Andrejs_Tucs_seq4,0.8970174789428711,0.9618203043937683,0.8889245986938477,0.0,0.9618203043937683,0.8808168172836304,0.8866561055183411,0.39605602622032166,1.1756600141525269,"{'0': {'0': 0.9824674725532532, '1': 0.9618203043937683}, '1': {'0': 0.8414364457130432, '1': 0.8850409388542175}}","{'0': 0.9824674725532532, '1': 0.8850409388542175}"
jvogt4.vogt_scFV_0128,0.8105389475822449,0.5983728766441345,0.709472119808197,0.0,0.5983728766441345,0.8635805249214172,0.8149502277374268,0.6616775393486023,9.619887351989746,"{'0': {'0': 0.9595598578453064, '1': 0.5983728766441345}, '1': {'0': 0.43117937445640564, '1': 0.7650213241577148}}","{'0': 0.9595598578453064, '1': 0.7650213241577148}"
mchrnwsk.marta_chronowska_dom1_l99_s666690_mpnn16,0.8760547637939453,0.8873723149299622,0.7723747491836548,0.0,0.8873723149299622,0.8732253909111023,0.8639453649520874,0.5274534821510315,4.499908447265625,"{'0': {'0': 0.9741334915161133, '1': 0.8873723149299622}, '1': {'0': 0.6395651698112488, '1': 0.7737419605255127}}","{'0': 0.9741334915161133, '1': 0.7737419605255127}"
jack.li.EGFRbindingCandidate_7,0.7478603720664978,0.16431225836277008,0.6195607781410217,0.0,0.16431225836277008,0.8937473893165588,0.8845099210739136,0.6725775599479675,17.73152732849121,"{'0': {'0': 0.9045736193656921, '1': 0.16431225836277008}, '1': {'0': 0.16089041531085968, '1': 0.7869316935539246}}","{'0': 0.9045736193656921, '1': 0.7869316935539246}"
alan.blakely.12_6,0.7479289174079895,0.6266084313392639,0.6076861023902893,0.0,0.6266084313392639,0.7782590389251709,0.7431249022483826,0.8665504455566406,7.2334980964660645,"{'0': {'0': 0.6682208776473999, '1': 0.6266084313392639}, '1': {'0': 0.5601414442062378, '1': 0.6187554597854614}}","{'0': 0.6682208776473999, '1': 0.6187554597854614}"
junhee.park1999.EGFR_binder_6,0.7563392519950867,0.39592888951301575,0.6063902378082275,0.0,0.39592888951301575,0.8464418649673462,0.8128466606140137,0.8261467218399048,15.931134223937988,"{'0': {'0': 0.9380553960800171, '1': 0.39592888951301575}, '1': {'0': 0.2960726320743561, '1': 0.7028740048408508}}","{'0': 0.9380553960800171, '1': 0.7028740048408508}"
minji.lee.386,0.7329225540161133,0.3989388346672058,0.7235051393508911,0.0,0.3989388346672058,0.816418468952179,0.7766119241714478,0.6922749280929565,13.921420097351074,"{'0': {'0': 0.9533802270889282, '1': 0.3989388346672058}, '1': {'0': 0.28605005145072937, '1': 0.7647945284843445}}","{'0': 0.9533802270889282, '1': 0.7647945284843445}"
allongoldberg.4_44,0.7449852824211121,0.5239721536636353,0.7008613348007202,0.0,0.5239721536636353,0.8002386093139648,0.7547427415847778,0.7030972838401794,10.129800796508789,"{'0': {'0': 0.8501173257827759, '1': 0.5239721536636353}, '1': {'0': 0.43403351306915283, '1': 0.7440668344497681}}","{'0': 0.8501173257827759, '1': 0.7440668344497681}"
biolucasmachado.engineered_binder_1,0.910998523235321,0.9387045502662659,0.8879382014274597,0.0,0.9387045502662659,0.9040720462799072,0.906135082244873,0.4176763594150543,1.6747746467590332,"{'0': {'0': 0.9668821096420288, '1': 0.9387045502662659}, '1': {'0': 0.8358410000801086, '1': 0.8850517272949219}}","{'0': 0.9668821096420288, '1': 0.8850517272949219}"
junhee.park1999.EGFR_binder_7,0.791550874710083,0.5733129382133484,0.6605186462402344,0.0,0.5733129382133484,0.8461103439331055,0.7989033460617065,0.7447395324707031,12.46741771697998,"{'0': {'0': 0.944404661655426, '1': 0.5733129382133484}, '1': {'0': 0.4054831564426422, '1': 0.7024067044258118}}","{'0': 0.944404661655426, '1': 0.7024067044258118}"
a.tucs.Andrejs_Tucs_seq2,0.9145809412002563,0.9617632627487183,0.8927186727523804,0.0,0.9617632627487183,0.9027853608131409,0.9127607941627502,0.3971366286277771,1.1646331548690796,"{'0': {'0': 0.9821985960006714, '1': 0.9617632627487183}, '1': {'0': 0.8404049873352051, '1': 0.8888861536979675}}","{'0': 0.9821985960006714, '1': 0.8888861536979675}"
tadaskluonis.cotimed_egf_BCseq_2,0.8920585513114929,0.9426769018173218,0.8839147686958313,0.0,0.9426769018173218,0.8794040083885193,0.8735780119895935,0.4040711522102356,1.5748162269592285,"{'0': {'0': 0.9743415117263794, '1': 0.9426769018173218}, '1': {'0': 0.821344792842865, '1': 0.8800983428955078}}","{'0': 0.9743415117263794, '1': 0.8800983428955078}"
duynth29.Duy_L111_mpnn14,0.8266274333000183,0.7455781102180481,0.7868236303329468,0.0,0.7455781102180481,0.8468897938728333,0.8259133696556091,0.5966008305549622,5.895428657531738,"{'0': {'0': 0.9815502762794495, '1': 0.7455781102180481}, '1': {'0': 0.5921415686607361, '1': 0.7948784232139587}}","{'0': 0.9815502762794495, '1': 0.7948784232139587}"
kerrding.seq7,0.9146654009819031,0.9398866295814514,0.8860507011413574,0.0,0.9398866295814514,0.9083601236343384,0.9143166542053223,0.41055378317832947,1.408176302909851,"{'0': {'0': 0.9687694311141968, '1': 0.9398866295814514}, '1': {'0': 0.8272503614425659, '1': 0.8827273845672607}}","{'0': 0.9687694311141968, '1': 0.8827273845672607}"
spacecruiser42.d2_prompt_binder_t1.0_37,0.8906914591789246,0.8909578919410706,0.8778576850891113,0.0,0.8909578919410706,0.8906248211860657,0.8475894331932068,0.40902432799339294,2.871140718460083,"{'0': {'0': 0.9583282470703125, '1': 0.8909578919410706}, '1': {'0': 0.6993732452392578, '1': 0.8789229393005371}}","{'0': 0.9583282470703125, '1': 0.8789229393005371}"
alessio.daddio.AD_4,0.8826389312744141,0.955477774143219,0.8652886152267456,0.0,0.955477774143219,0.8644291758537292,0.8710715770721436,0.4225809872150421,1.8322724103927612,"{'0': {'0': 0.9845914244651794, '1': 0.955477774143219}, '1': {'0': 0.8081036806106567, '1': 0.8566794991493225}}","{'0': 0.9845914244651794, '1': 0.8566794991493225}"
Human_EGF,0.8491409420967102,0.882143497467041,0.8267418146133423,0.0,0.882143497467041,0.8408902287483215,0.8421158194541931,0.5097545385360718,4.192630767822266,"{'0': {'0': 0.957908570766449, '1': 0.882143497467041}, '1': {'0': 0.7010999321937561, '1': 0.8239298462867737}}","{'0': 0.957908570766449, '1': 0.8239298462867737}"
Ali.RASOULI.intern.model_77_142_3,0.792376697063446,0.6628527641296387,0.8416531085968018,0.0,0.6628527641296387,0.8247576951980591,0.7716706395149231,0.5838170647621155,8.615166664123535,"{'0': {'0': 0.9480392336845398, '1': 0.6628527641296387}, '1': {'0': 0.5792016386985779, '1': 0.8648791909217834}}","{'0': 0.9480392336845398, '1': 0.8648791909217834}"
chrisxushaoyong.hu_nano1_5_559c85,0.8510853052139282,0.5831393003463745,0.7586506009101868,0.0,0.5831393003463745,0.9180717468261719,0.890291690826416,0.5984233021736145,9.885825157165527,"{'0': {'0': 0.985626757144928, '1': 0.5831393003463745}, '1': {'0': 0.5053399205207825, '1': 0.7962633967399597}}","{'0': 0.985626757144928, '1': 0.7962633967399597}"
paulafcfranklin.synth_rosetta_8,0.8826869130134583,0.9222933650016785,0.8853585124015808,0.0,0.9222933650016785,0.8727852702140808,0.8662986159324646,0.41279590129852295,1.7217427492141724,"{'0': {'0': 0.9603484272956848, '1': 0.9222933650016785}, '1': {'0': 0.8228030800819397, '1': 0.8821333646774292}}","{'0': 0.9603484272956848, '1': 0.8821333646774292}"
tim.silica_corpora_sampled_epitope_2_generated_variant_9_rank_6_phase_2,0.7603113651275635,0.32867366075515747,0.659214198589325,0.0,0.32867366075515747,0.8682208061218262,0.8393428325653076,0.7683380246162415,15.843832015991211,"{'0': {'0': 0.9700974822044373, '1': 0.32867366075515747}, '1': {'0': 0.23795931041240692, '1': 0.7366238832473755}}","{'0': 0.9700974822044373, '1': 0.7366238832473755}"
jude.wells.21.6b3s_necitumumab_fused_trimmed_task_89_iter_216,0.9003041386604309,0.9006479382514954,0.8287916779518127,0.0,0.9006479382514954,0.9002181887626648,0.9018803238868713,0.499961793422699,3.786158800125122,"{'0': {'0': 0.9713304042816162, '1': 0.9006479382514954}, '1': {'0': 0.7316212058067322, '1': 0.8030425906181335}}","{'0': 0.9713304042816162, '1': 0.8030425906181335}"
jakublala.epitope_1_30aa.pdb,0.8253235816955566,0.67411869764328,0.845449686050415,0.0,0.67411869764328,0.8631248474121094,0.8377524018287659,0.5000283718109131,7.366937637329102,"{'0': {'0': 0.957413911819458, '1': 0.67411869764328}, '1': {'0': 0.5584348440170288, '1': 0.8577591776847839}}","{'0': 0.957413911819458, '1': 0.8577591776847839}"
paulafcfranklin.synth_rosetta_10,0.8820945024490356,0.9051148891448975,0.8575853705406189,0.0,0.9051148891448975,0.8763393759727478,0.8752439618110657,0.45373329520225525,2.2305831909179688,"{'0': {'0': 0.9571989178657532, '1': 0.9051148891448975}, '1': {'0': 0.7766811847686768, '1': 0.8531462550163269}}","{'0': 0.9571989178657532, '1': 0.8531462550163269}"
alex.naka.Squirtle,0.8857361078262329,0.9659091830253601,0.9029948711395264,0.0,0.9659091830253601,0.8656927943229675,0.8555665612220764,0.37765324115753174,1.1675459146499634,"{'0': {'0': 0.983946681022644, '1': 0.9659091830253601}, '1': {'0': 0.8501821756362915, '1': 0.8994309902191162}}","{'0': 0.983946681022644, '1': 0.8994309902191162}"
julian.faust.BecotatugxPimurutamab_scfv,0.8692998290061951,0.8202562928199768,0.7836716771125793,0.0,0.8202562928199768,0.8815606832504272,0.8582119941711426,0.5725443363189697,4.950313091278076,"{'0': {'0': 0.9473230242729187, '1': 0.8202562928199768}, '1': {'0': 0.661325991153717, '1': 0.7767333984375}}","{'0': 0.9473230242729187, '1': 0.7767333984375}"
mlange05.A,0.7507624626159668,0.4686202108860016,0.7024262547492981,0.0,0.4686202108860016,0.8212980031967163,0.7904691696166992,0.631386935710907,11.732136726379395,"{'0': {'0': 0.9559988975524902, '1': 0.4686202108860016}, '1': {'0': 0.4067921042442322, '1': 0.7891955375671387}}","{'0': 0.9559988975524902, '1': 0.7891955375671387}"
paulafcfranklin.synth_rosetta_5,0.891032338142395,0.9203686118125916,0.8851683139801025,0.0,0.9203686118125916,0.8836982846260071,0.8788641691207886,0.41999995708465576,1.6717860698699951,"{'0': {'0': 0.9503929018974304, '1': 0.9203686118125916}, '1': {'0': 0.8272685408592224, '1': 0.8831841349601746}}","{'0': 0.9503929018974304, '1': 0.8831841349601746}"
AmirM.MHosseini.seq9,0.8806244134902954,0.8799014687538147,0.8179402947425842,0.0,0.8799014687538147,0.8808051347732544,0.8735661506652832,0.5041149854660034,4.302531719207764,"{'0': {'0': 0.9692971110343933, '1': 0.8799014687538147}, '1': {'0': 0.6954458951950073, '1': 0.8248255848884583}}","{'0': 0.9692971110343933, '1': 0.8248255848884583}"
stocco.filippo.1.3.3.18_4_2_iteration0_1.0407930462953479,0.8262344598770142,0.9385012984275818,0.8525616526603699,0.0,0.9385012984275818,0.7981677055358887,0.7847611904144287,0.44654494524002075,1.9650685787200928,"{'0': {'0': 0.9689029455184937, '1': 0.9385012984275818}, '1': {'0': 0.788050651550293, '1': 0.8500730991363525}}","{'0': 0.9689029455184937, '1': 0.8500730991363525}"
markus.braun.egfr_binder_3,0.717240035533905,0.2931731343269348,0.5640209913253784,0.0,0.2931731343269348,0.82325679063797,0.8033938407897949,0.7933721542358398,15.177508354187012,"{'0': {'0': 0.9477410316467285, '1': 0.2931731343269348}, '1': {'0': 0.23013736307621002, '1': 0.6755210161209106}}","{'0': 0.9477410316467285, '1': 0.6755210161209106}"
allongoldberg.3_52,0.7011224627494812,0.12410874664783478,0.6880975961685181,0.0,0.12410874664783478,0.8453758955001831,0.8272266983985901,0.7262041568756104,19.007904052734375,"{'0': {'0': 0.8636391758918762, '1': 0.12410874664783478}, '1': {'0': 0.10385046154260635, '1': 0.7391833066940308}}","{'0': 0.8636391758918762, '1': 0.7391833066940308}"
alex.naka.Blastoise,0.8703503012657166,0.8689854741096497,0.8452780246734619,0.0,0.8689854741096497,0.8706914782524109,0.867070734500885,0.49184706807136536,3.452479600906372,"{'0': {'0': 0.9688334465026855, '1': 0.8689854741096497}, '1': {'0': 0.7432734370231628, '1': 0.8432164788246155}}","{'0': 0.9688334465026855, '1': 0.8432164788246155}"
keaun.GWFGVVFKADIARVSEFVAIGLSTGPLGSESTFSIWRQ,0.7879277467727661,0.7009960412979126,0.832140326499939,0.0,0.7009960412979126,0.8096606135368347,0.7178663015365601,0.6045522093772888,6.4759840965271,"{'0': {'0': 0.728877067565918, '1': 0.7009960412979126}, '1': {'0': 0.5614208579063416, '1': 0.8403551578521729}}","{'0': 0.728877067565918, '1': 0.8403551578521729}"
antorsae.TA_5_2,0.8899936676025391,0.9663728475570679,0.8746016621589661,0.0,0.9663728475570679,0.8708989024162292,0.8735944628715515,0.40298572182655334,1.563040018081665,"{'0': {'0': 0.9903586506843567, '1': 0.9663728475570679}, '1': {'0': 0.8146839737892151, '1': 0.8730413913726807}}","{'0': 0.9903586506843567, '1': 0.8730413913726807}"
jude.wells.21.panitumumab_fused_trimmed_crossbreed3,0.8908413052558899,0.9018762707710266,0.8342270851135254,0.0,0.9018762707710266,0.8880825042724609,0.8911985158920288,0.5107123851776123,3.631561517715454,"{'0': {'0': 0.964100182056427, '1': 0.9018762707710266}, '1': {'0': 0.7438028454780579, '1': 0.8116156458854675}}","{'0': 0.964100182056427, '1': 0.8116156458854675}"
zalavi.shortrustamov_GGG_zalavi3,0.8191258311271667,0.7735402584075928,0.7137670516967773,0.0,0.7735402584075928,0.8305222392082214,0.832118570804596,0.5178884863853455,2.2544784545898438,"{'0': {'0': 0.849349856376648, '1': 0.7735402584075928}, '1': {'0': 0.636012077331543, '1': 0.7296687960624695}}","{'0': 0.849349856376648, '1': 0.7296687960624695}"
jvogt4.vogt_scFV_2009,0.7220554351806641,0.17511415481567383,0.6275787949562073,0.0,0.17511415481567383,0.8587907552719116,0.8239985108375549,0.7709429860115051,16.003284454345703,"{'0': {'0': 0.9444689154624939, '1': 0.17511415481567383}, '1': {'0': 0.16244865953922272, '1': 0.8102664947509766}}","{'0': 0.9444689154624939, '1': 0.8102664947509766}"
qilin_y.test8,0.8326286673545837,0.7711553573608398,0.8087167739868164,0.0,0.7711553573608398,0.8479970097541809,0.7660505771636963,0.5421898365020752,5.306521892547607,"{'0': {'0': 0.8547994494438171, '1': 0.7711553573608398}, '1': {'0': 0.5995151996612549, '1': 0.8107444047927856}}","{'0': 0.8547994494438171, '1': 0.8107444047927856}"
spacecruiser42.d2_prompt_binder_t1.0_139,0.9006313681602478,0.9413301944732666,0.8969197869300842,0.0,0.9413301944732666,0.8904566764831543,0.867843508720398,0.37814441323280334,1.388019323348999,"{'0': {'0': 0.9783428311347961, '1': 0.9413301944732666}, '1': {'0': 0.7887268662452698, '1': 0.8958126902580261}}","{'0': 0.9783428311347961, '1': 0.8958126902580261}"
biolucasmachado.engineered_binder_9,0.8994476199150085,0.9176607131958008,0.8676005601882935,0.0,0.9176607131958008,0.8948943018913269,0.9005451798439026,0.43125519156455994,2.2227883338928223,"{'0': {'0': 0.971393346786499, '1': 0.9176607131958008}, '1': {'0': 0.797107458114624, '1': 0.8649660348892212}}","{'0': 0.971393346786499, '1': 0.8649660348892212}"
begonia.sp.13.EGFR_l88_s11832_mpnn1_model2,0.9044947028160095,0.9404544234275818,0.8579134345054626,0.0,0.9404544234275818,0.8955047130584717,0.8920285105705261,0.4571751654148102,2.1340537071228027,"{'0': {'0': 0.980348527431488, '1': 0.9404544234275818}, '1': {'0': 0.7852498888969421, '1': 0.8466064929962158}}","{'0': 0.980348527431488, '1': 0.8466064929962158}"
lhallee.lhallee_128_driveid_1_2,0.7169541120529175,0.6267704963684082,0.7195169925689697,0.0,0.6267704963684082,0.7394999861717224,0.6542824506759644,0.7838134765625,7.5913615226745605,"{'0': {'0': 0.825016438961029, '1': 0.6267704963684082}, '1': {'0': 0.49845239520072937, '1': 0.7397283315658569}}","{'0': 0.825016438961029, '1': 0.7397283315658569}"
klima.jason.8HGO_design_jt8s1_0_3_proteinmpnn_20,0.7812551856040955,0.7430717945098877,0.8057071566581726,0.0,0.7430717945098877,0.7908010482788086,0.6970275640487671,0.6067522168159485,4.168621063232422,"{'0': {'0': 0.8351036906242371, '1': 0.7430717945098877}, '1': {'0': 0.6269552111625671, '1': 0.8372943997383118}}","{'0': 0.8351036906242371, '1': 0.8372943997383118}"
cameron.kroll.Leitner,0.800430953502655,0.6548914909362793,0.7641838192939758,0.0,0.6548914909362793,0.8368158340454102,0.8121814131736755,0.5570560693740845,8.483416557312012,"{'0': {'0': 0.9737036228179932, '1': 0.6548914909362793}, '1': {'0': 0.5735751986503601, '1': 0.8058066964149475}}","{'0': 0.9737036228179932, '1': 0.8058066964149475}"
lennart.nickel.EGFR_l170_s20625_mpnn10,0.8589717745780945,0.8996484279632568,0.8079055547714233,0.0,0.8996484279632568,0.8488025665283203,0.8541013598442078,0.5256924629211426,3.3576035499572754,"{'0': {'0': 0.9670486450195312, '1': 0.8996484279632568}, '1': {'0': 0.6920538544654846, '1': 0.7841999530792236}}","{'0': 0.9670486450195312, '1': 0.7841999530792236}"
aswini.clipgen30,0.7921909689903259,0.6786762475967407,0.8018969297409058,0.0,0.6786762475967407,0.8205695748329163,0.7666139602661133,0.595199704170227,7.527199745178223,"{'0': {'0': 0.8438183069229126, '1': 0.6786762475967407}, '1': {'0': 0.5711486339569092, '1': 0.8118739128112793}}","{'0': 0.8438183069229126, '1': 0.8118739128112793}"
lennart.nickel.EGFR_l98_s70756_mpnn3,0.8225095868110657,0.8077623844146729,0.858293354511261,0.0,0.8077623844146729,0.8261963129043579,0.7710931897163391,0.4837587773799896,3.775479555130005,"{'0': {'0': 0.9546168446540833, '1': 0.8077623844146729}, '1': {'0': 0.6890465617179871, '1': 0.8662675619125366}}","{'0': 0.9546168446540833, '1': 0.8662675619125366}"
dre.LGDL_EGFR_008,0.7430375814437866,0.3253941833972931,0.6670606136322021,0.0,0.3253941833972931,0.8474484086036682,0.7858749628067017,0.7558554410934448,14.99741268157959,"{'0': {'0': 0.5154603123664856, '1': 0.3253941833972931}, '1': {'0': 0.19494473934173584, '1': 0.6883369088172913}}","{'0': 0.5154603123664856, '1': 0.6883369088172913}"
gitter.yolo23,0.8666772246360779,0.9169349074363708,0.7981102466583252,0.0,0.9169349074363708,0.8541128039360046,0.8536368012428284,0.5354409217834473,3.046029567718506,"{'0': {'0': 0.9744173288345337, '1': 0.9169349074363708}, '1': {'0': 0.701932430267334, '1': 0.7880553007125854}}","{'0': 0.9744173288345337, '1': 0.7880553007125854}"
alex.naka.Charmeleon,0.9122967720031738,0.932320237159729,0.8795742392539978,0.0,0.932320237159729,0.9072908759117126,0.9090550541877747,0.42010971903800964,2.0511691570281982,"{'0': {'0': 0.9770617485046387, '1': 0.932320237159729}, '1': {'0': 0.8115050792694092, '1': 0.8775068521499634}}","{'0': 0.9770617485046387, '1': 0.8775068521499634}"
duynth29.L88_MPNN5,0.8971150517463684,0.9569329619407654,0.6689748167991638,0.0,0.9569329619407654,0.8821605443954468,0.877776563167572,0.45922091603279114,1.2799162864685059,"{'0': {'0': 0.9825950264930725, '1': 0.9569329619407654}, '1': {'0': 0.593734085559845, '1': 0.6738119125366211}}","{'0': 0.9825950264930725, '1': 0.6738119125366211}"
biolucasmachado.engineered_binder_8,0.8781805038452148,0.9176036715507507,0.8770010471343994,0.0,0.9176036715507507,0.8683247566223145,0.867927074432373,0.4439314603805542,1.854785442352295,"{'0': {'0': 0.9445322155952454, '1': 0.9176036715507507}, '1': {'0': 0.8179755806922913, '1': 0.8751905560493469}}","{'0': 0.9445322155952454, '1': 0.8751905560493469}"
chrisxushaoyong.hu_nano2_4_85252b,0.7358667254447937,0.20092518627643585,0.6305676102638245,0.0,0.20092518627643585,0.8696021437644958,0.8321245312690735,0.7708012461662292,16.113115310668945,"{'0': {'0': 0.9693255424499512, '1': 0.20092518627643585}, '1': {'0': 0.16230013966560364, '1': 0.7250932455062866}}","{'0': 0.9693255424499512, '1': 0.7250932455062866}"
cameron.kroll.Gertrude_gen3,0.8338838815689087,0.7299918532371521,0.6054145097732544,0.0,0.7299918532371521,0.859856903553009,0.8521796464920044,0.6705873608589172,9.373712539672852,"{'0': {'0': 0.9733174443244934, '1': 0.7299918532371521}, '1': {'0': 0.43594661355018616, '1': 0.6144319772720337}}","{'0': 0.9733174443244934, '1': 0.6144319772720337}"
hughy.7om4_B_A_17_rnd2_v2_full,0.7573362588882446,0.23414917290210724,0.661665678024292,0.0,0.23414917290210724,0.8881329894065857,0.8653201460838318,0.7836623787879944,15.935702323913574,"{'0': {'0': 0.974382221698761, '1': 0.23414917290210724}, '1': {'0': 0.18563160300254822, '1': 0.7462207674980164}}","{'0': 0.974382221698761, '1': 0.7462207674980164}"
eceiiitn786.8s2,0.8446656465530396,0.8814062476158142,0.8541097640991211,0.0,0.8814062476158142,0.8354805111885071,0.7547280788421631,0.49274876713752747,3.612091541290283,"{'0': {'0': 0.950063169002533, '1': 0.8814062476158142}, '1': {'0': 0.6916559338569641, '1': 0.8583575487136841}}","{'0': 0.950063169002533, '1': 0.8583575487136841}"
ccalia.Paesani_Lab_design2,0.659977376461029,0.3135082423686981,0.6414645314216614,0.0,0.3135082423686981,0.7465946078300476,0.6835897564888,1.0498640537261963,12.856850624084473,"{'0': {'0': 0.5206670165061951, '1': 0.3135082423686981}, '1': {'0': 0.3010413348674774, '1': 0.7721598148345947}}","{'0': 0.5206670165061951, '1': 0.7721598148345947}"
martin.EGFR_l111_s89744_mpnn1,0.6808280944824219,0.19659504294395447,0.5992233157157898,0.0,0.19659504294395447,0.8018863797187805,0.7673055529594421,0.8568769097328186,17.464061737060547,"{'0': {'0': 0.9009494185447693, '1': 0.19659504294395447}, '1': {'0': 0.15405838191509247, '1': 0.6716132760047913}}","{'0': 0.9009494185447693, '1': 0.6716132760047913}"
z_peplib.pepseq_design_8,0.8111844062805176,0.7040181756019592,0.8020840287208557,0.0,0.7040181756019592,0.8379759192466736,0.7738070487976074,0.5846959948539734,7.300361156463623,"{'0': {'0': 0.8139006495475769, '1': 0.7040181756019592}, '1': {'0': 0.49781522154808044, '1': 0.8170964121818542}}","{'0': 0.8139006495475769, '1': 0.8170964121818542}"
chrisxushaoyong.hu_nano1_1_ff3e18,0.8326812982559204,0.4823170006275177,0.7123197913169861,0.0,0.4823170006275177,0.9202723503112793,0.8971725702285767,0.6621821522712708,11.824921607971191,"{'0': {'0': 0.9840434789657593, '1': 0.4823170006275177}, '1': {'0': 0.40812283754348755, '1': 0.758246123790741}}","{'0': 0.9840434789657593, '1': 0.758246123790741}"
724928537.DBZ6___A,0.7641462087631226,0.2977972626686096,0.6977773308753967,0.0,0.2977972626686096,0.8807334303855896,0.8527816534042358,0.703966498374939,15.03040599822998,"{'0': {'0': 0.9805153608322144, '1': 0.2977972626686096}, '1': {'0': 0.2319733053445816, '1': 0.7913427948951721}}","{'0': 0.9805153608322144, '1': 0.7913427948951721}"
deepsatflow.6aru_final_chain_A_domain_3_l138_s466479_mpnn9,0.8561879992485046,0.9285730719566345,0.7108266949653625,0.0,0.9285730719566345,0.8380917310714722,0.8283517956733704,0.44290897250175476,1.472443699836731,"{'0': {'0': 0.9763126969337463, '1': 0.9285730719566345}, '1': {'0': 0.622378945350647, '1': 0.7058219909667969}}","{'0': 0.9763126969337463, '1': 0.7058219909667969}"
martin.EGFR_l121_s46924_mpnn18,0.7982072234153748,0.6812058687210083,0.7299555540084839,0.0,0.6812058687210083,0.8274575471878052,0.7877417802810669,0.7014723420143127,7.998096466064453,"{'0': {'0': 0.9454983472824097, '1': 0.6812058687210083}, '1': {'0': 0.5582115650177002, '1': 0.7642666101455688}}","{'0': 0.9454983472824097, '1': 0.7642666101455688}"
tarkhov.andrey.Erithacus_rubecula_gigantus_9,0.7625800967216492,0.7548829317092896,0.7947529554367065,0.0,0.7548829317092896,0.7645044326782227,0.7096235156059265,0.77144455909729,5.9997053146362305,"{'0': {'0': 0.7975982427597046, '1': 0.7548829317092896}, '1': {'0': 0.5998469591140747, '1': 0.817189633846283}}","{'0': 0.7975982427597046, '1': 0.817189633846283}"
Reed.HARRISON.model_56_119_0,0.8755025267601013,0.8724901676177979,0.8243215084075928,0.0,0.8724901676177979,0.8762555718421936,0.8672515153884888,0.48997294902801514,3.644545078277588,"{'0': {'0': 0.9881945252418518, '1': 0.8724901676177979}, '1': {'0': 0.6752825379371643, '1': 0.8204683661460876}}","{'0': 0.9881945252418518, '1': 0.8204683661460876}"
nhaas.2,0.8746148347854614,0.8218376040458679,0.8164692521095276,0.0,0.8218376040458679,0.8878090977668762,0.8549555540084839,0.5631529092788696,5.084353446960449,"{'0': {'0': 0.9569332003593445, '1': 0.8218376040458679}, '1': {'0': 0.7089887261390686, '1': 0.8205754160881042}}","{'0': 0.9569332003593445, '1': 0.8205754160881042}"
christoph.gruber.UpperBinder_Scaffold2_LowerBinder,0.6962985992431641,0.2303989678621292,0.694064736366272,0.0,0.2303989678621292,0.8127735257148743,0.7895253896713257,0.8369389772415161,17.532533645629883,"{'0': {'0': 0.7799742817878723, '1': 0.22523652017116547}, '1': {'0': 0.2303989678621292, '1': 0.7937462329864502}}","{'0': 0.7799742817878723, '1': 0.7937462329864502}"
briannaughton.2_plus_2,0.7273856997489929,0.5350594520568848,0.631986141204834,0.0,0.5350594520568848,0.7754672765731812,0.7493624091148376,0.9893352389335632,14.19820499420166,"{'0': {'0': 0.5586611032485962, '1': 0.43940818309783936}, '1': {'0': 0.5350594520568848, '1': 0.7034329175949097}}","{'0': 0.5586611032485962, '1': 0.7034329175949097}"
xiuming_li2015.Eureka_seq_3,0.888195812702179,0.8389989733695984,0.7825876474380493,0.0,0.8389989733695984,0.9004950523376465,0.9002130031585693,0.5453723073005676,4.977354526519775,"{'0': {'0': 0.9639024138450623, '1': 0.8389989733695984}, '1': {'0': 0.6648837327957153, '1': 0.7672945261001587}}","{'0': 0.9639024138450623, '1': 0.7672945261001587}"
qxy615.s1_rfd_comp_beta_782_81,0.7697486877441406,0.42791804671287537,0.7535597085952759,0.0,0.42791804671287537,0.8552063703536987,0.8340357542037964,0.6642168164253235,13.120542526245117,"{'0': {'0': 0.9688032865524292, '1': 0.42791804671287537}, '1': {'0': 0.3085571825504303, '1': 0.8038698434829712}}","{'0': 0.9688032865524292, '1': 0.8038698434829712}"
jakublala.epitope_2_30aa_1.pdb,0.8919486999511719,0.9075048565864563,0.8846623301506042,0.0,0.9075048565864563,0.888059675693512,0.8398080468177795,0.41856157779693604,2.3545548915863037,"{'0': {'0': 0.9591406583786011, '1': 0.9075048565864563}, '1': {'0': 0.7955241799354553, '1': 0.8856502175331116}}","{'0': 0.9591406583786011, '1': 0.8856502175331116}"
zhoup1366.DBZ6___A,0.8379577994346619,0.73717200756073,0.7519161701202393,0.0,0.73717200756073,0.8631542325019836,0.8213858008384705,0.6608078479766846,9.658429145812988,"{'0': {'0': 0.9838546514511108, '1': 0.73717200756073}, '1': {'0': 0.5141206383705139, '1': 0.7665224671363831}}","{'0': 0.9838546514511108, '1': 0.7665224671363831}"
chuh.EGFR_Seg2_l58_s53469_mpnn1,0.8902387619018555,0.9519043564796448,0.8062222003936768,0.0,0.9519043564796448,0.8748223781585693,0.8758107423782349,0.47994449734687805,2.1043689250946045,"{'0': {'0': 0.9853113293647766, '1': 0.9519043564796448}, '1': {'0': 0.7241184115409851, '1': 0.7927249073982239}}","{'0': 0.9853113293647766, '1': 0.7927249073982239}"
jakublala.full_dibinder_45aa_2.pdb,0.8201290369033813,0.6978679895401001,0.8431728482246399,0.0,0.6978679895401001,0.8506942391395569,0.7889142632484436,0.579889714717865,6.608898639678955,"{'0': {'0': 0.8758000135421753, '1': 0.6978679895401001}, '1': {'0': 0.5851085782051086, '1': 0.853702187538147}}","{'0': 0.8758000135421753, '1': 0.853702187538147}"
"colby.TUPEGFR_012___anti-EGFR,_Fv-like_protein,_diffused_with_EvoDiff",0.7287207841873169,0.5907398462295532,0.7238681316375732,0.0,0.5907398462295532,0.763215959072113,0.7124760150909424,0.9959273338317871,8.518360137939453,"{'0': {'0': 0.6821140646934509, '1': 0.5876185297966003}, '1': {'0': 0.5907398462295532, '1': 0.7964766025543213}}","{'0': 0.6821140646934509, '1': 0.7964766025543213}"
enzo.morro.design_0_n_2_mpnn_1.120_plddt_0.858_i_ptm_0.072_i_pae_28.117_rmsd_30.276,0.7676905989646912,0.44156619906425476,0.6593747138977051,0.0,0.44156619906425476,0.8492216467857361,0.8182935118675232,0.7449339628219604,12.660737037658691,"{'0': {'0': 0.9073498249053955, '1': 0.44156619906425476}, '1': {'0': 0.3252483010292053, '1': 0.7193025350570679}}","{'0': 0.9073498249053955, '1': 0.7193025350570679}"
zhoup1366.DBZ8___A,0.8605977296829224,0.7120997309684753,0.8084549903869629,0.0,0.7120997309684753,0.8977222442626953,0.8573176264762878,0.5704142451286316,7.753842830657959,"{'0': {'0': 0.9868676066398621, '1': 0.7120997309684753}, '1': {'0': 0.6004289984703064, '1': 0.840625524520874}}","{'0': 0.9868676066398621, '1': 0.840625524520874}"
tarkhov.andrey.Erithacus_rubecula_gigantus_1,0.7429457902908325,0.756714940071106,0.8101283311843872,0.0,0.756714940071106,0.7395035028457642,0.6647495031356812,0.7085543870925903,4.5893874168396,"{'0': {'0': 0.7770601511001587, '1': 0.756714940071106}, '1': {'0': 0.688912570476532, '1': 0.8533163070678711}}","{'0': 0.7770601511001587, '1': 0.8533163070678711}"
zulfatmi.pocket7pep42,0.7891727685928345,0.5305894017219543,0.7822427153587341,0.0,0.5305894017219543,0.8538185954093933,0.8058056235313416,0.5473889708518982,8.69572925567627,"{'0': {'0': 0.8281534314155579, '1': 0.5305894017219543}, '1': {'0': 0.3643941879272461, '1': 0.7882566452026367}}","{'0': 0.8281534314155579, '1': 0.7882566452026367}"
lennart.nickel.EGFR_l114_s69310_mpnn7,0.8242608904838562,0.7682201862335205,0.7152497172355652,0.0,0.7682201862335205,0.8382710218429565,0.817628026008606,0.6007874608039856,6.527726173400879,"{'0': {'0': 0.9621018767356873, '1': 0.7682201862335205}, '1': {'0': 0.565972626209259, '1': 0.7228691577911377}}","{'0': 0.9621018767356873, '1': 0.7228691577911377}"
elian.elian4,0.8646542429924011,0.9365057945251465,0.8663712739944458,0.0,0.9365057945251465,0.846691370010376,0.8363449573516846,0.4488562345504761,1.6293329000473022,"{'0': {'0': 0.9746451377868652, '1': 0.9365057945251465}, '1': {'0': 0.8033667802810669, '1': 0.8554844856262207}}","{'0': 0.9746451377868652, '1': 0.8554844856262207}"
akash.arunabharathi.design9,0.6665780544281006,0.20020724833011627,0.6180105805397034,0.0,0.20020724833011627,0.783170759677887,0.7431137561798096,1.1067630052566528,17.688922882080078,"{'0': {'0': 0.36614906787872314, '1': 0.18858325481414795}, '1': {'0': 0.20020724833011627, '1': 0.7759425044059753}}","{'0': 0.36614906787872314, '1': 0.7759425044059753}"
huiyu.cai.H3_15_2431_H,0.7215501666069031,0.1330116093158722,0.6548723578453064,0.0,0.1330116093158722,0.8686848282814026,0.830707311630249,0.8345581889152527,17.534061431884766,"{'0': {'0': 0.9730847477912903, '1': 0.1330116093158722}, '1': {'0': 0.12466906011104584, '1': 0.7570967078208923}}","{'0': 0.9730847477912903, '1': 0.7570967078208923}"
cbrown.cbrown_0005_2_EGFR_l81_s801188_mpnn1_model1,0.8917518854141235,0.944229245185852,0.666831374168396,0.0,0.944229245185852,0.8786324858665466,0.8759922981262207,0.4633937478065491,1.7820017337799072,"{'0': {'0': 0.9785529375076294, '1': 0.944229245185852}, '1': {'0': 0.597316324710846, '1': 0.686115562915802}}","{'0': 0.9785529375076294, '1': 0.686115562915802}"
s1995825.timed_egf_netsolp_usability_consensus_1,0.8836216330528259,0.9309332966804504,0.8720162510871887,0.0,0.9309332966804504,0.8717936277389526,0.8677020072937012,0.4314698874950409,1.9815375804901123,"{'0': {'0': 0.9770171046257019, '1': 0.9309332966804504}, '1': {'0': 0.8015885949134827, '1': 0.8695151209831238}}","{'0': 0.9770171046257019, '1': 0.8695151209831238}"
darius.szablowski.EGFR_binder_3___ggggs_3_linked_top_binders_1_rev_and_2_rev,0.6771687865257263,0.44530075788497925,0.6063514947891235,0.0,0.44530075788497925,0.7351357340812683,0.6762153506278992,0.9529736042022705,11.581445693969727,"{'0': {'0': 0.7913239002227783, '1': 0.44530075788497925}, '1': {'0': 0.35789403319358826, '1': 0.6745312809944153}}","{'0': 0.7913239002227783, '1': 0.6745312809944153}"
ccalia.Paesani_Lab_design9,0.7665820121765137,0.5853062868118286,0.5954490303993225,0.0,0.5853062868118286,0.8119009137153625,0.7934449911117554,0.8112621307373047,8.729164123535156,"{'0': {'0': 0.5103272795677185, '1': 0.4488931894302368}, '1': {'0': 0.5853062868118286, '1': 0.6543468832969666}}","{'0': 0.5103272795677185, '1': 0.6543468832969666}"
briannaughton.1_plus_EGFR,0.7549663782119751,0.8007633686065674,0.7182486653327942,0.0,0.8007633686065674,0.7435171008110046,0.7306423187255859,0.7327637076377869,5.404133319854736,"{'0': {'0': 0.8498993515968323, '1': 0.8007633686065674}, '1': {'0': 0.6600219011306763, '1': 0.6922988295555115}}","{'0': 0.8498993515968323, '1': 0.6922988295555115}"
hughy.7om4_B_A_33_rnd2_v2_full,0.7780911922454834,0.43828779458999634,0.7132583260536194,0.0,0.43828779458999634,0.8630420565605164,0.8492066860198975,0.5944785475730896,12.196924209594727,"{'0': {'0': 0.9847267866134644, '1': 0.43828779458999634}, '1': {'0': 0.3323037624359131, '1': 0.7871053218841553}}","{'0': 0.9847267866134644, '1': 0.7871053218841553}"
nhaas.8,0.8334060907363892,0.6510902643203735,0.741019606590271,0.0,0.6510902643203735,0.8789850473403931,0.8506760597229004,0.678490400314331,9.629012107849121,"{'0': {'0': 0.9545436501502991, '1': 0.6510902643203735}, '1': {'0': 0.5422676205635071, '1': 0.7815027832984924}}","{'0': 0.9545436501502991, '1': 0.7815027832984924}"
jude.wells.21.6b3s_necitumumab_fused_trimmed_task_98_iter_184,0.8853427767753601,0.8907020688056946,0.8342697024345398,0.0,0.8907020688056946,0.8840029239654541,0.8768429756164551,0.5063099265098572,3.980680465698242,"{'0': {'0': 0.9672957062721252, '1': 0.8907020688056946}, '1': {'0': 0.7310968041419983, '1': 0.8159071803092957}}","{'0': 0.9672957062721252, '1': 0.8159071803092957}"
alex.naka.Ivysaur,0.9131132364273071,0.9525458216667175,0.8938706517219543,0.0,0.9525458216667175,0.903255045413971,0.8960330486297607,0.3847756087779999,1.468559980392456,"{'0': {'0': 0.9814236164093018, '1': 0.9525458216667175}, '1': {'0': 0.8371726274490356, '1': 0.8902018070220947}}","{'0': 0.9814236164093018, '1': 0.8902018070220947}"
tarkhov.andrey.Erithacus_rubecula_gigantus_4,0.6022884249687195,0.253974974155426,0.5285664796829224,0.0,0.253974974155426,0.6893667578697205,0.5846160054206848,2.4783833026885986,13.011290550231934,"{'0': {'0': 0.3548213839530945, '1': 0.253974974155426}, '1': {'0': 0.19069480895996094, '1': 0.6394667625427246}}","{'0': 0.3548213839530945, '1': 0.6394667625427246}"
begonia.sp.13.EGFR_l110_s478327_mpnn7_model2,0.8858402371406555,0.8906940221786499,0.7918278574943542,0.0,0.8906940221786499,0.8846267461776733,0.8764727711677551,0.5443735122680664,4.031721591949463,"{'0': {'0': 0.9672021269798279, '1': 0.8906940221786499}, '1': {'0': 0.6777393221855164, '1': 0.7754128575325012}}","{'0': 0.9672021269798279, '1': 0.7754128575325012}"
mlange05.C,0.705146312713623,0.3272354304790497,0.5932726860046387,0.0,0.3272354304790497,0.7996240258216858,0.7581756711006165,0.721291720867157,14.08957576751709,"{'0': {'0': 0.9504296779632568, '1': 0.3272354304790497}, '1': {'0': 0.25524476170539856, '1': 0.6792957782745361}}","{'0': 0.9504296779632568, '1': 0.6792957782745361}"
noah.holzleitner.Noah_EGFR-Binder_4,0.872877299785614,0.9286760091781616,0.8096542954444885,0.0,0.9286760091781616,0.8589276671409607,0.83314049243927,0.46643415093421936,1.7865943908691406,"{'0': {'0': 0.9846240878105164, '1': 0.9286760091781616}, '1': {'0': 0.6135514974594116, '1': 0.8161335587501526}}","{'0': 0.9846240878105164, '1': 0.8161335587501526}"
akash.arunabharathi.design10,0.8654612898826599,0.9114265441894531,0.8890860676765442,0.0,0.9114265441894531,0.853969931602478,0.7909795641899109,0.4260212182998657,2.072981595993042,"{'0': {'0': 0.9617298245429993, '1': 0.9114265441894531}, '1': {'0': 0.7729254364967346, '1': 0.8875067830085754}}","{'0': 0.9617298245429993, '1': 0.8875067830085754}"
xiuming_li2015.Eureka_seq_1,0.8977127075195312,0.8805893659591675,0.7861980199813843,0.0,0.8805893659591675,0.9019935131072998,0.9016141891479492,0.5192009806632996,4.028297424316406,"{'0': {'0': 0.9682614207267761, '1': 0.8805893659591675}, '1': {'0': 0.6807408928871155, '1': 0.7531582117080688}}","{'0': 0.9682614207267761, '1': 0.7531582117080688}"
hughy.7om4_B_A_180_rnd1_v1_full,0.7680522203445435,0.3514869213104248,0.6397407054901123,0.0,0.3514869213104248,0.8721935153007507,0.8272091150283813,0.7465721964836121,13.782302856445312,"{'0': {'0': 0.9667900800704956, '1': 0.3514869213104248}, '1': {'0': 0.24179190397262573, '1': 0.7038156986236572}}","{'0': 0.9667900800704956, '1': 0.7038156986236572}"
joaosartori2.c3,0.8713903427124023,0.9299116730690002,0.8696215152740479,0.0,0.9299116730690002,0.8567600250244141,0.8452988266944885,0.43443411588668823,1.8534735441207886,"{'0': {'0': 0.9681627154350281, '1': 0.9299116730690002}, '1': {'0': 0.8067461848258972, '1': 0.8669654726982117}}","{'0': 0.9681627154350281, '1': 0.8669654726982117}"
niklas.95B59203-B642-4754-BCD3-8E670A722C8D_l91_s349792600_mpnn2,0.8717326521873474,0.8586114645004272,0.7782221436500549,0.0,0.8586114645004272,0.8750128746032715,0.8737990260124207,0.5006026029586792,5.071048736572266,"{'0': {'0': 0.9678342938423157, '1': 0.8586114645004272}, '1': {'0': 0.632534921169281, '1': 0.7814738154411316}}","{'0': 0.9678342938423157, '1': 0.7814738154411316}"
chenceshi1105.steven_binder_design_l75_s60968_it100_mpnn0,0.8591724634170532,0.9515778422355652,0.6350350975990295,0.0,0.9515778422355652,0.8360711336135864,0.8359944820404053,0.5473141670227051,1.5513168573379517,"{'0': {'0': 0.9898775219917297, '1': 0.9515778422355652}, '1': {'0': 0.530319333076477, '1': 0.5968483686447144}}","{'0': 0.9898775219917297, '1': 0.5968483686447144}"
zhoup1366.DBZ10___A,0.8451942801475525,0.6714972257614136,0.8273499011993408,0.0,0.6714972257614136,0.8886184692382812,0.8550333976745605,0.5742734670639038,8.216484069824219,"{'0': {'0': 0.9865692257881165, '1': 0.6714972257614136}, '1': {'0': 0.593721330165863, '1': 0.8567718267440796}}","{'0': 0.9865692257881165, '1': 0.8567718267440796}"
a.tucs.Andrejs_Tucs_seq10,0.8961151242256165,0.9554764032363892,0.8929000496864319,0.0,0.9554764032363892,0.8812747597694397,0.8859760165214539,0.3876890540122986,1.2136415243148804,"{'0': {'0': 0.9839656949043274, '1': 0.9554764032363892}, '1': {'0': 0.84661865234375, '1': 0.8886335492134094}}","{'0': 0.9839656949043274, '1': 0.8886335492134094}"
alejandro.corrochano-navarro.eng_scfv_binder_2,0.8823608756065369,0.8120287656784058,0.7347943186759949,0.0,0.8120287656784058,0.8999438285827637,0.8955313563346863,0.5917956829071045,5.9414143562316895,"{'0': {'0': 0.9611883163452148, '1': 0.8120287656784058}, '1': {'0': 0.5984985828399658, '1': 0.7134547233581543}}","{'0': 0.9611883163452148, '1': 0.7134547233581543}"
flowuenne.nf-proteindesign_design8,0.7601032257080078,0.30212506651878357,0.6992433071136475,0.0,0.30212506651878357,0.8745977878570557,0.8365343809127808,0.7412781715393066,14.536872863769531,"{'0': {'0': 0.8682862520217896, '1': 0.30212506651878357}, '1': {'0': 0.22614213824272156, '1': 0.7316716909408569}}","{'0': 0.8682862520217896, '1': 0.7316716909408569}"
s1995825.timed_egf_netsolp_usability_consensus_2,0.783589243888855,0.44646596908569336,0.756257951259613,0.0,0.44646596908569336,0.867870032787323,0.8237059116363525,0.6619604825973511,11.477343559265137,"{'0': {'0': 0.9500312209129333, '1': 0.44646596908569336}, '1': {'0': 0.3254255950450897, '1': 0.7802973985671997}}","{'0': 0.9500312209129333, '1': 0.7802973985671997}"
paulafcfranklin.synth_rosetta_2,0.8976957201957703,0.9472888708114624,0.8816819190979004,0.0,0.9472888708114624,0.885297417640686,0.8863315582275391,0.40966325998306274,1.5413271188735962,"{'0': {'0': 0.9800938367843628, '1': 0.9472888708114624}, '1': {'0': 0.8191322088241577, '1': 0.8771603107452393}}","{'0': 0.9800938367843628, '1': 0.8771603107452393}"
julian.faust.Pimurutamab_mpnn_17_scfv,0.8324912190437317,0.7880175709724426,0.6896272897720337,0.0,0.7880175709724426,0.843609631061554,0.821683943271637,0.6573934555053711,6.222468852996826,"{'0': {'0': 0.9419190287590027, '1': 0.7880175709724426}, '1': {'0': 0.5524733066558838, '1': 0.6688686609268188}}","{'0': 0.9419190287590027, '1': 0.6688686609268188}"
chrisxushaoyong.hu_nano2_2_7ef96e,0.7575621008872986,0.26879748702049255,0.6879331469535828,0.0,0.26879748702049255,0.8797532320022583,0.8418360352516174,0.7009751200675964,14.745187759399414,"{'0': {'0': 0.9731684923171997, '1': 0.26879748702049255}, '1': {'0': 0.2171173393726349, '1': 0.7744016051292419}}","{'0': 0.9731684923171997, '1': 0.7744016051292419}"
minji.lee.3995,0.7726520895957947,0.5225076675415039,0.7597594261169434,0.0,0.5225076675415039,0.8351882100105286,0.8033360242843628,0.6632428765296936,12.000797271728516,"{'0': {'0': 0.9537858963012695, '1': 0.5225076675415039}, '1': {'0': 0.3746549189090729, '1': 0.8015174865722656}}","{'0': 0.9537858963012695, '1': 0.8015174865722656}"
x.rustamov.P_vhh_partial_1_32,0.7917999625205994,0.4495683014392853,0.6848307847976685,0.0,0.4495683014392853,0.8773578405380249,0.8673542141914368,0.7109360694885254,13.320810317993164,"{'0': {'0': 0.978291928768158, '1': 0.4495683014392853}, '1': {'0': 0.3228704333305359, '1': 0.7451629638671875}}","{'0': 0.978291928768158, '1': 0.7451629638671875}"
klima.jason.8HGO_design_8gswy_1_2,0.8358703851699829,0.8840252757072449,0.8757940530776978,0.0,0.8840252757072449,0.8238316774368286,0.782071053981781,0.46021854877471924,1.9333006143569946,"{'0': {'0': 0.9055927991867065, '1': 0.8840252757072449}, '1': {'0': 0.774186372756958, '1': 0.8747334480285645}}","{'0': 0.9055927991867065, '1': 0.8747334480285645}"
markus.braun.egfr_binder_1,0.8922363519668579,0.957700788974762,0.7518917918205261,0.0,0.957700788974762,0.8758701682090759,0.8761184811592102,0.41988736391067505,1.2188597917556763,"{'0': {'0': 0.9846012592315674, '1': 0.957700788974762}, '1': {'0': 0.6442651748657227, '1': 0.7147584557533264}}","{'0': 0.9846012592315674, '1': 0.7147584557533264}"
amirmhosseini47.mohammad_seq2,0.8808425068855286,0.9295413494110107,0.894067108631134,0.0,0.9295413494110107,0.8686677813529968,0.864016056060791,0.4100080132484436,1.6379023790359497,"{'0': {'0': 0.9643623232841492, '1': 0.9295413494110107}, '1': {'0': 0.8367176651954651, '1': 0.8914519548416138}}","{'0': 0.9643623232841492, '1': 0.8914519548416138}"
elian.elian3,0.8825820088386536,0.9229947924613953,0.6911213994026184,0.0,0.9229947924613953,0.8724788427352905,0.860965371131897,0.4533805549144745,1.500238299369812,"{'0': {'0': 0.9544483423233032, '1': 0.9229947924613953}, '1': {'0': 0.595772922039032, '1': 0.7063995003700256}}","{'0': 0.9544483423233032, '1': 0.7063995003700256}"
AmirM.MHosseini.seq1,0.8777796030044556,0.9382464289665222,0.8731458187103271,0.0,0.9382464289665222,0.8626629114151001,0.861347496509552,0.4307476580142975,1.5634937286376953,"{'0': {'0': 0.967177152633667, '1': 0.9382464289665222}, '1': {'0': 0.8113988041877747, '1': 0.8691467046737671}}","{'0': 0.967177152633667, '1': 0.8691467046737671}"
junhee.park1999.EGFR_binder_9,0.8433234095573425,0.7610564231872559,0.7780280113220215,0.0,0.7610564231872559,0.8638901710510254,0.8311381340026855,0.5909802317619324,6.546387195587158,"{'0': {'0': 0.9473439455032349, '1': 0.7610564231872559}, '1': {'0': 0.6600141525268555, '1': 0.7887120842933655}}","{'0': 0.9473439455032349, '1': 0.7887120842933655}"
huiyu.cai.H3_15_3351_H,0.7676215171813965,0.2794463634490967,0.6436723470687866,0.0,0.2794463634490967,0.8896653056144714,0.8572701811790466,0.7909901142120361,15.375778198242188,"{'0': {'0': 0.9795545339584351, '1': 0.2794463634490967}, '1': {'0': 0.23707430064678192, '1': 0.7158658504486084}}","{'0': 0.9795545339584351, '1': 0.7158658504486084}"
flowuenne.nf-proteindesign_design10,0.824924647808075,0.6779778003692627,0.7802696824073792,0.0,0.6779778003692627,0.861661434173584,0.8405168056488037,0.5902495980262756,10.135930061340332,"{'0': {'0': 0.9689255356788635, '1': 0.6779778003692627}, '1': {'0': 0.45607882738113403, '1': 0.7912279963493347}}","{'0': 0.9689255356788635, '1': 0.7912279963493347}"
nitesh.mishra3.stepwise_rfdiff_egfr_binder_1,0.8036808371543884,0.5569376945495605,0.7276199460029602,0.0,0.5569376945495605,0.8653665781021118,0.8497927188873291,0.646506130695343,11.678793907165527,"{'0': {'0': 0.9592966437339783, '1': 0.5569376945495605}, '1': {'0': 0.4203852415084839, '1': 0.7452104687690735}}","{'0': 0.9592966437339783, '1': 0.7452104687690735}"
alejandro.corrochano-navarro.eng_scfv_binder_1,0.8846685290336609,0.8176316022872925,0.7344180345535278,0.0,0.8176316022872925,0.9014278054237366,0.8958014249801636,0.5953163504600525,5.751907825469971,"{'0': {'0': 0.9610565304756165, '1': 0.8176316022872925}, '1': {'0': 0.6043083667755127, '1': 0.7141314148902893}}","{'0': 0.9610565304756165, '1': 0.7141314148902893}"
binom16.pocket3pep98,0.8752743601799011,0.9574912190437317,0.8914033770561218,0.0,0.9574912190437317,0.8547201752662659,0.8470231890678406,0.38196638226509094,1.280791997909546,"{'0': {'0': 0.9775369167327881, '1': 0.9574912190437317}, '1': {'0': 0.8095985054969788, '1': 0.8898686170578003}}","{'0': 0.9775369167327881, '1': 0.8898686170578003}"
lyu.1,0.8852735757827759,0.8958161473274231,0.8130581378936768,0.0,0.8958161473274231,0.8826379179954529,0.8802602291107178,0.5218954682350159,3.059479236602783,"{'0': {'0': 0.9678456783294678, '1': 0.8958161473274231}, '1': {'0': 0.7030142545700073, '1': 0.800413191318512}}","{'0': 0.9678456783294678, '1': 0.800413191318512}"
jvogt4.vogt_scFV_2470,0.7236053943634033,0.16494344174861908,0.6228784322738647,0.0,0.16494344174861908,0.8632708787918091,0.8264831900596619,0.7759910821914673,16.511478424072266,"{'0': {'0': 0.9505141973495483, '1': 0.16494344174861908}, '1': {'0': 0.15867206454277039, '1': 0.8091073632240295}}","{'0': 0.9505141973495483, '1': 0.8091073632240295}"
cameron.kroll.Gertrude_gen6,0.7537160515785217,0.37779760360717773,0.6611695885658264,0.0,0.37779760360717773,0.8476956486701965,0.8385331034660339,0.6614510416984558,13.745824813842773,"{'0': {'0': 0.9662314653396606, '1': 0.37779760360717773}, '1': {'0': 0.30432581901550293, '1': 0.7302263975143433}}","{'0': 0.9662314653396606, '1': 0.7302263975143433}"
aswini.seed1_1,0.823178768157959,0.7651294469833374,0.8111655116081238,0.0,0.7651294469833374,0.837691068649292,0.7731406092643738,0.5722127556800842,5.490548133850098,"{'0': {'0': 0.9160975217819214, '1': 0.7651294469833374}, '1': {'0': 0.5800380706787109, '1': 0.8192561268806458}}","{'0': 0.9160975217819214, '1': 0.8192561268806458}"
julian.faust.Pimurutamab_mpnn_18_scfv,0.8295135498046875,0.7288731336593628,0.6912572979927063,0.0,0.7288731336593628,0.8546736836433411,0.8139150738716125,0.664362370967865,6.773844242095947,"{'0': {'0': 0.9387151598930359, '1': 0.7288731336593628}, '1': {'0': 0.5318865180015564, '1': 0.6913548707962036}}","{'0': 0.9387151598930359, '1': 0.6913548707962036}"
karmanyaaggarwal.DS003076,0.7683475017547607,0.27982285618782043,0.6563403606414795,0.0,0.27982285618782043,0.8904786705970764,0.8635919094085693,0.6653110384941101,15.514939308166504,"{'0': {'0': 0.985691249370575, '1': 0.27982285618782043}, '1': {'0': 0.20793911814689636, '1': 0.7462306618690491}}","{'0': 0.985691249370575, '1': 0.7462306618690491}"
huiyu.cai.H3_15_4373_H,0.7633511424064636,0.2492799609899521,0.6810453534126282,0.0,0.2492799609899521,0.8918688893318176,0.8479467034339905,0.7530844807624817,14.994649887084961,"{'0': {'0': 0.9801794290542603, '1': 0.2492799609899521}, '1': {'0': 0.20461620390415192, '1': 0.7681345343589783}}","{'0': 0.9801794290542603, '1': 0.7681345343589783}"
tadaskluonis.cotimed_egf_BCseq_0,0.8820989727973938,0.9357458353042603,0.8879842162132263,0.0,0.9357458353042603,0.8686872720718384,0.8285020589828491,0.4057910740375519,1.6227405071258545,"{'0': {'0': 0.970852792263031, '1': 0.9357458353042603}, '1': {'0': 0.8029652237892151, '1': 0.885744571685791}}","{'0': 0.970852792263031, '1': 0.885744571685791}"
AmirM.MHosseini.seq3,0.8612573742866516,0.8781219124794006,0.7923941016197205,0.0,0.8781219124794006,0.8570411801338196,0.8520817160606384,0.528576135635376,4.938694953918457,"{'0': {'0': 0.9638508558273315, '1': 0.8781219124794006}, '1': {'0': 0.6651034355163574, '1': 0.8010265827178955}}","{'0': 0.9638508558273315, '1': 0.8010265827178955}"
julie.rj0aa,0.8085404634475708,0.7093931436538696,0.8199577331542969,0.0,0.7093931436538696,0.8333272933959961,0.8015886545181274,0.5046979784965515,5.942529678344727,"{'0': {'0': 0.9887488484382629, '1': 0.7093931436538696}, '1': {'0': 0.5639808773994446, '1': 0.8344826698303223}}","{'0': 0.9887488484382629, '1': 0.8344826698303223}"
darius.szablowski.EGFR_binder_2___ggggs_3_linked_top_binders_1_and_2,0.7560855746269226,0.5345070958137512,0.5654550790786743,0.0,0.5345070958137512,0.8114802241325378,0.798305094242096,0.6803011894226074,5.505523681640625,"{'0': {'0': 0.581660807132721, '1': 0.5345070958137512}, '1': {'0': 0.5113998651504517, '1': 0.5924835801124573}}","{'0': 0.581660807132721, '1': 0.5924835801124573}"
deepsatflow.6aru_final_chain_A_domain_3_l147_s945609_mpnn1,0.8656406402587891,0.8853364586830139,0.7599698901176453,0.0,0.8853364586830139,0.8607166409492493,0.8377870917320251,0.5065156817436218,2.933422803878784,"{'0': {'0': 0.985541820526123, '1': 0.8853364586830139}, '1': {'0': 0.6475470066070557, '1': 0.7314944863319397}}","{'0': 0.985541820526123, '1': 0.7314944863319397}"
"antorsae.T=0.1,_sample=939,_score=0.9451,_global_score=1.3625,_seq_recovery=0.4250",0.8827316164970398,0.9513265490531921,0.8957521319389343,0.0,0.9513265490531921,0.8655828833580017,0.8673710227012634,0.3867884874343872,1.424649953842163,"{'0': {'0': 0.9838136434555054, '1': 0.9513265490531921}, '1': {'0': 0.8488499522209167, '1': 0.8923516869544983}}","{'0': 0.9838136434555054, '1': 0.8923516869544983}"
qilin_y.test4,0.8628008961677551,0.9053166508674622,0.8621711134910583,0.0,0.9053166508674622,0.8521719574928284,0.8431350588798523,0.42255860567092896,2.3195950984954834,"{'0': {'0': 0.9798089861869812, '1': 0.9053166508674622}, '1': {'0': 0.7765973806381226, '1': 0.8580121994018555}}","{'0': 0.9798089861869812, '1': 0.8580121994018555}"
akash.arunabharathi.design3,0.8694397211074829,0.858134388923645,0.8557419776916504,0.0,0.858134388923645,0.8722660541534424,0.7959754467010498,0.48135101795196533,3.121971368789673,"{'0': {'0': 0.9164847731590271, '1': 0.858134388923645}, '1': {'0': 0.6796576976776123, '1': 0.8579831719398499}}","{'0': 0.9164847731590271, '1': 0.8579831719398499}"
begonia.sp.13.EGFR_l61_s456546_mpnn1_model1,0.8941593170166016,0.9283302426338196,0.8538156747817993,0.0,0.9283302426338196,0.8856165409088135,0.8859110474586487,0.43345001339912415,2.5231258869171143,"{'0': {'0': 0.9832016825675964, '1': 0.9283302426338196}, '1': {'0': 0.7823180556297302, '1': 0.8468354940414429}}","{'0': 0.9832016825675964, '1': 0.8468354940414429}"
markus.braun.egfr_binder_6,0.7756544947624207,0.437664270401001,0.7492643594741821,0.0,0.437664270401001,0.860152006149292,0.8326537013053894,0.6328635215759277,9.429527282714844,"{'0': {'0': 0.9766339659690857, '1': 0.437664270401001}, '1': {'0': 0.4069056212902069, '1': 0.8794893622398376}}","{'0': 0.9766339659690857, '1': 0.8794893622398376}"
aureliabustos.bce_var702,0.8872385025024414,0.9601680636405945,0.8924140334129333,0.0,0.9601680636405945,0.8690061569213867,0.873883843421936,0.3933890461921692,1.264804482460022,"{'0': {'0': 0.9810101985931396, '1': 0.9601680636405945}, '1': {'0': 0.8381041288375854, '1': 0.8887670040130615}}","{'0': 0.9810101985931396, '1': 0.8887670040130615}"
lennart.nickel.EGFR_l179_s82283_mpnn1,0.8303767442703247,0.822678804397583,0.7000517845153809,0.0,0.822678804397583,0.8323011994361877,0.8345202207565308,0.672547459602356,4.814267158508301,"{'0': {'0': 0.9199173450469971, '1': 0.822678804397583}, '1': {'0': 0.5623065829277039, '1': 0.6680917739868164}}","{'0': 0.9199173450469971, '1': 0.6680917739868164}"
chenceshi1105.steven_binder_design_l82_s44755_it100_mpnn6,0.8666946291923523,0.9298967719078064,0.734322190284729,0.0,0.9298967719078064,0.8508941531181335,0.8493807315826416,0.5267999172210693,2.1488144397735596,"{'0': {'0': 0.9781736135482788, '1': 0.9298967719078064}, '1': {'0': 0.6503782272338867, '1': 0.7108287811279297}}","{'0': 0.9781736135482788, '1': 0.7108287811279297}"
fernando.meireles.design_hybrid_partial_diff_9_54_binder,0.8694316744804382,0.8491107225418091,0.8208274245262146,0.0,0.8491107225418091,0.8745118975639343,0.8549096584320068,0.49932920932769775,3.003330945968628,"{'0': {'0': 0.9002271294593811, '1': 0.8491107225418091}, '1': {'0': 0.6948702335357666, '1': 0.8236775994300842}}","{'0': 0.9002271294593811, '1': 0.8236775994300842}"
hughy.7om4_B_A_8_rnd2_v2_full,0.7497995495796204,0.26854100823402405,0.6898156404495239,0.0,0.26854100823402405,0.8701141476631165,0.8274164795875549,0.7230377793312073,16.08038330078125,"{'0': {'0': 0.9816954731941223, '1': 0.26854100823402405}, '1': {'0': 0.2121310979127884, '1': 0.7815104722976685}}","{'0': 0.9816954731941223, '1': 0.7815104722976685}"
fgndd1.fg_seq1,0.7285727858543396,0.25254592299461365,0.6018038988113403,0.0,0.25254592299461365,0.8475794792175293,0.8201941847801208,0.7823358178138733,15.55208969116211,"{'0': {'0': 0.9594448208808899, '1': 0.25254592299461365}, '1': {'0': 0.16470062732696533, '1': 0.6931947469711304}}","{'0': 0.9594448208808899, '1': 0.6931947469711304}"
ccalia.Paesani_Lab_design3,0.7368337512016296,0.5447619557380676,0.6170594692230225,0.0,0.5447619557380676,0.7848516702651978,0.7648541927337646,0.9952327013015747,10.520760536193848,"{'0': {'0': 0.5893703699111938, '1': 0.4807325303554535}, '1': {'0': 0.5447619557380676, '1': 0.6698304414749146}}","{'0': 0.5893703699111938, '1': 0.6698304414749146}"
s1995825.cotimed_egf_netsolp_usability_6,0.8927645087242126,0.929797351360321,0.8757326006889343,0.0,0.929797351360321,0.8835062980651855,0.8858010768890381,0.41871026158332825,1.8536146879196167,"{'0': {'0': 0.9753884077072144, '1': 0.929797351360321}, '1': {'0': 0.8117932081222534, '1': 0.8721048831939697}}","{'0': 0.9753884077072144, '1': 0.8721048831939697}"
allongoldberg.4_44_0_refined,0.7387130260467529,0.24851439893245697,0.6338204741477966,0.0,0.24851439893245697,0.8612626791000366,0.860184907913208,0.7236942052841187,18.273189544677734,"{'0': {'0': 0.9668635725975037, '1': 0.24851439893245697}, '1': {'0': 0.2069224715232849, '1': 0.7271734476089478}}","{'0': 0.9668635725975037, '1': 0.7271734476089478}"
alan.blakely.16_2,0.771394670009613,0.6509754061698914,0.6852165460586548,0.0,0.6509754061698914,0.8014994859695435,0.7824928760528564,0.8262407779693604,7.478000164031982,"{'0': {'0': 0.6649265885353088, '1': 0.6230879426002502}, '1': {'0': 0.6509754061698914, '1': 0.7096295952796936}}","{'0': 0.6649265885353088, '1': 0.7096295952796936}"
mosquitolkfo.nAb_design_7,0.7675792574882507,0.38154077529907227,0.708074152469635,0.0,0.38154077529907227,0.8640888929367065,0.8307273387908936,0.6803944706916809,12.449119567871094,"{'0': {'0': 0.9605423808097839, '1': 0.38154077529907227}, '1': {'0': 0.32475608587265015, '1': 0.7760121822357178}}","{'0': 0.9605423808097839, '1': 0.7760121822357178}"
merlettaia.seq0v4,0.8084535002708435,0.4971828758716583,0.7135514616966248,0.0,0.4971828758716583,0.8862711191177368,0.8446304798126221,0.6492097973823547,12.530323028564453,"{'0': {'0': 0.9811378717422485, '1': 0.4971828758716583}, '1': {'0': 0.3745054006576538, '1': 0.779356837272644}}","{'0': 0.9811378717422485, '1': 0.779356837272644}"
"colby.TUPEGFR_001___anti-EGFR,_Fv-like_protein,_diffused_with_EvoDiff",0.7033235430717468,0.3922896683216095,0.6239749193191528,0.0,0.3922896683216095,0.781082034111023,0.7191410064697266,1.1898711919784546,12.298344612121582,"{'0': {'0': 0.6942770481109619, '1': 0.3922896683216095}, '1': {'0': 0.35030868649482727, '1': 0.7265413403511047}}","{'0': 0.6942770481109619, '1': 0.7265413403511047}"
antorsae.ta397unsafety_2,0.9105666279792786,0.9728211760520935,0.8978561162948608,0.0,0.9728211760520935,0.8950029611587524,0.903749406337738,0.3709423542022705,1.0234588384628296,"{'0': {'0': 0.9908812046051025, '1': 0.9728211760520935}, '1': {'0': 0.853416919708252, '1': 0.8949717879295349}}","{'0': 0.9908812046051025, '1': 0.8949717879295349}"
"colby.TUPEGFR_018___anti-EGFR,_Fv-like_protein,_diffused_with_ESM3",0.8078093528747559,0.5490422248840332,0.7344236373901367,0.0,0.5490422248840332,0.8725011348724365,0.8390333652496338,0.6970034241676331,10.575498580932617,"{'0': {'0': 0.9338434934616089, '1': 0.5490422248840332}, '1': {'0': 0.4941919445991516, '1': 0.8126978874206543}}","{'0': 0.9338434934616089, '1': 0.8126978874206543}"
a.tucs.Andrejs_Tucs_seq3,0.8975312113761902,0.9572957754135132,0.8866907954216003,0.0,0.9572957754135132,0.882590115070343,0.890884518623352,0.3987024426460266,1.168950080871582,"{'0': {'0': 0.9807294011116028, '1': 0.9572957754135132}, '1': {'0': 0.8340615034103394, '1': 0.8821644186973572}}","{'0': 0.9807294011116028, '1': 0.8821644186973572}"
christoph.gruber.UpperBinder_Scaffold3_LowerBinder,0.757633626461029,0.3448472321033478,0.6946297883987427,0.0,0.3448472321033478,0.8608302474021912,0.8042795062065125,0.8336659669876099,14.009121894836426,"{'0': {'0': 0.7247173190116882, '1': 0.3448472321033478}, '1': {'0': 0.3140627145767212, '1': 0.7666468024253845}}","{'0': 0.7247173190116882, '1': 0.7666468024253845}"
z_peplib.pepseq_design_6,0.8349332809448242,0.8762041926383972,0.8652732968330383,0.0,0.8762041926383972,0.8246155381202698,0.7629230618476868,0.47164052724838257,2.6946542263031006,"{'0': {'0': 0.9069225788116455, '1': 0.8762041926383972}, '1': {'0': 0.7391707897186279, '1': 0.8654757738113403}}","{'0': 0.9069225788116455, '1': 0.8654757738113403}"
qilin_y.test7,0.8460444808006287,0.7602750062942505,0.8510501384735107,0.0,0.7602750062942505,0.867486834526062,0.805109977722168,0.5503329634666443,4.743302822113037,"{'0': {'0': 0.7915476560592651, '1': 0.7602750062942505}, '1': {'0': 0.574468731880188, '1': 0.8577471971511841}}","{'0': 0.7915476560592651, '1': 0.8577471971511841}"
aureliabustos.bce_var433,0.8933616876602173,0.9623039960861206,0.8888015151023865,0.0,0.9623039960861206,0.8761261105537415,0.8828992247581482,0.4021962583065033,1.280673861503601,"{'0': {'0': 0.9825547933578491, '1': 0.9623039960861206}, '1': {'0': 0.8313242793083191, '1': 0.8847965002059937}}","{'0': 0.9825547933578491, '1': 0.8847965002059937}"
kerrding.seq9,0.7947493195533752,0.6659778952598572,0.8321097493171692,0.0,0.6659778952598572,0.8269421458244324,0.7900232076644897,0.5520634055137634,7.276927471160889,"{'0': {'0': 0.9300426840782166, '1': 0.6659778952598572}, '1': {'0': 0.5125618577003479, '1': 0.8462885022163391}}","{'0': 0.9300426840782166, '1': 0.8462885022163391}"
s1995825.cotimed_egf_netsolp_usability_1,0.767372727394104,0.46190592646598816,0.7341009974479675,0.0,0.46190592646598816,0.84373939037323,0.7945173978805542,0.7344733476638794,13.649649620056152,"{'0': {'0': 0.9346365332603455, '1': 0.46190592646598816}, '1': {'0': 0.3204248547554016, '1': 0.7639119029045105}}","{'0': 0.9346365332603455, '1': 0.7639119029045105}"
joaosartori2.c6,0.8614358305931091,0.9091737270355225,0.8687635660171509,0.0,0.9091737270355225,0.8495013117790222,0.8437936305999756,0.44368207454681396,1.9547091722488403,"{'0': {'0': 0.9507513046264648, '1': 0.9091737270355225}, '1': {'0': 0.7971872687339783, '1': 0.8659528493881226}}","{'0': 0.9507513046264648, '1': 0.8659528493881226}"
maxall4.EGFR_ED_BINDER_l134_s906486_mpnn2_model1_unrelaxed_rank_001_alphafold2_multimer_v3_model_1_seed_000_top1_mutation_G108S_round1_Y80D_Chain_A,0.897960364818573,0.939269483089447,0.6951800584793091,0.0,0.939269483089447,0.8876330852508545,0.8876047730445862,0.4498835504055023,1.8578978776931763,"{'0': {'0': 0.9824122190475464, '1': 0.939269483089447}, '1': {'0': 0.5997021794319153, '1': 0.6931278109550476}}","{'0': 0.9824122190475464, '1': 0.6931278109550476}"
noah.holzleitner.Noah_EGFR-Binder_8,0.7899719476699829,0.6143807172775269,0.7560131549835205,0.0,0.6143807172775269,0.8338696956634521,0.7955231666564941,0.6227693557739258,9.995406150817871,"{'0': {'0': 0.9690582156181335, '1': 0.6143807172775269}, '1': {'0': 0.4303635060787201, '1': 0.7843098044395447}}","{'0': 0.9690582156181335, '1': 0.7843098044395447}"
markus.braun.egfr_binder_7,0.6959494948387146,0.17181484401226044,0.5386877655982971,0.0,0.17181484401226044,0.8269831538200378,0.8197499513626099,0.7651416063308716,15.940975189208984,"{'0': {'0': 0.9219151139259338, '1': 0.17181484401226044}, '1': {'0': 0.1333792358636856, '1': 0.6894325017929077}}","{'0': 0.9219151139259338, '1': 0.6894325017929077}"
