complex_id,plddt,gpde,ptm,iptm,chain_gpde,chain_pair_gpde,chain_ptm,chain_iptm,chain_pair_iptm,chain_pair_iptm_global,chain_plddt,chain_pair_plddt,has_clash,disorder,ranking_score,num_recycles
binom16.pocket3pep98,32.47544860839844,4.916508197784424,0.1964976042509079,0.11425471305847168,"[0.8111537098884583, 4.816766738891602]","[[0.0, 15.716352462768555], [15.716352462768555, 0.0]]","[0.3735533654689789, 0.19666552543640137]","[0.11425471305847168, 0.11425471305847168]","[[0.0, 0.11425471305847168], [0.11425471305847168, 0.0]]","[[0.0, 0.11425471305847168], [0.11425471305847168, 0.0]]","[0.4575246572494507, 0.32008126378059387]","[[0.0, 0.3247544765472412], [0.3247544765472412, 0.0]]",False,0.0,0.13070330023765564,10
paulafcfranklin.synth_rosetta_4,33.86803436279297,4.79750919342041,0.21009297668933868,0.1295805424451828,"[2.827415704727173, 4.580162525177002]","[[0.0, 15.087814331054688], [15.087814331054688, 0.0]]","[0.19939428567886353, 0.21189630031585693]","[0.1295805424451828, 0.1295805424451828]","[[0.0, 0.1295805424451828], [0.1295805424451828, 0.0]]","[[0.0, 0.1295805424451828], [0.1295805424451828, 0.0]]","[0.33482903242111206, 0.3389982581138611]","[[0.0, 0.33868032693862915], [0.33868032693862915, 0.0]]",False,0.0,0.14568303525447845,10
paulafcfranklin.synth_rosetta_9,32.567630767822266,4.97799015045166,0.18767495453357697,0.10834743827581406,"[2.6595652103424072, 4.7867608070373535]","[[0.0, 16.396818161010742], [16.396818161010742, 0.0]]","[0.1546783745288849, 0.18797370791435242]","[0.10834743827581406, 0.10834743827581406]","[[0.0, 0.10834743827581406], [0.10834743827581406, 0.0]]","[[0.0, 0.10834743827581406], [0.10834743827581406, 0.0]]","[0.34139829874038696, 0.32415449619293213]","[[0.0, 0.3256763219833374], [0.3256763219833374, 0.0]]",False,0.0,0.12421295046806335,10
keaun.GWFGVVFKADIAGVSEKVAIELSGGYEGSLTTPSGWNQ,31.383237838745117,5.109601020812988,0.20143550634384155,0.1412116289138794,"[2.322321653366089, 4.774051189422607]","[[0.0, 15.291553497314453], [15.291553497314453, 0.0]]","[0.12351859360933304, 0.20173001289367676]","[0.1412116289138794, 0.1412116289138794]","[[0.0, 0.1412116289138794], [0.1412116289138794, 0.0]]","[[0.0, 0.1412116289138794], [0.1412116289138794, 0.0]]","[0.2682507634162903, 0.31651586294174194]","[[0.0, 0.3138323724269867], [0.3138323724269867, 0.0]]",False,0.0,0.1532564014196396,10
merlettaia.seq0v4,35.940677642822266,4.625216960906982,0.2283346801996231,0.19526216387748718,"[1.597744107246399, 4.838744163513184]","[[0.0, 16.51575469970703], [16.51575469970703, 0.0]]","[0.634867250919342, 0.1905340701341629]","[0.19526216387748718, 0.19526216387748718]","[[0.0, 0.19526216387748718], [0.19526216387748718, 0.0]]","[[0.0, 0.19526216387748718], [0.19526216387748718, 0.0]]","[0.5747200846672058, 0.31718316674232483]","[[0.0, 0.3594067692756653], [0.3594067692756653, 0.0]]",False,0.0,0.2018766701221466,10
a.tucs.Andrejs_Tucs_seq7,33.19025421142578,4.745143890380859,0.1957208663225174,0.12362701445817947,"[1.858744502067566, 4.641280174255371]","[[0.0, 14.879972457885742], [14.879972457885742, 0.0]]","[0.2780425250530243, 0.1967262327671051]","[0.12362701445817947, 0.12362701445817947]","[[0.0, 0.12362701445817947], [0.12362701445817947, 0.0]]","[[0.0, 0.12362701445817947], [0.12362701445817947, 0.0]]","[0.3876492977142334, 0.3275226652622223]","[[0.0, 0.33190253376960754], [0.33190253376960754, 0.0]]",False,0.0,0.1380457878112793,10
alex.naka.Ivysaur,33.024112701416016,4.707232475280762,0.20134326815605164,0.11530137807130814,"[1.7425169944763184, 4.586714267730713]","[[0.0, 14.154216766357422], [14.154216766357422, 0.0]]","[0.30675020813941956, 0.20216727256774902]","[0.11530137807130814, 0.11530137807130814]","[[0.0, 0.11530137807130814], [0.11530137807130814, 0.0]]","[[0.0, 0.11530137807130814], [0.11530137807130814, 0.0]]","[0.38306543231010437, 0.32537147402763367]","[[0.0, 0.3302411139011383], [0.3302411139011383, 0.0]]",False,0.0,0.1325097531080246,10
akash.arunabharathi.design9,43.24986267089844,4.143917083740234,0.21394698321819305,0.16330458223819733,"[1.2000161409378052, 4.453868389129639]","[[0.0, 18.667587280273438], [18.667587280273438, 0.0]]","[0.2624286115169525, 0.2089439332485199]","[0.16330458223819733, 0.16330458223819733]","[[0.0, 0.16330458223819733], [0.16330458223819733, 0.0]]","[[0.0, 0.16330458223819733], [0.16330458223819733, 0.0]]","[0.590302586555481, 0.3759629726409912]","[[0.0, 0.43249863386154175], [0.43249863386154175, 0.0]]",False,0.0,0.1734330654144287,10
cbrown.cbrown_0005_2_EGFR_l81_s801188_mpnn1_model1,36.74111557006836,4.469968795776367,0.2219007909297943,0.13828499615192413,"[0.416814923286438, 4.73646354675293]","[[0.0, 14.582001686096191], [14.582001686096191, 0.0]]","[0.8250077962875366, 0.20330950617790222]","[0.13828499615192413, 0.13828499615192413]","[[0.0, 0.13828499615192413], [0.13828499615192413, 0.0]]","[[0.0, 0.13828499615192413], [0.13828499615192413, 0.0]]","[0.6979938745498657, 0.3200366497039795]","[[0.0, 0.36741116642951965], [0.36741116642951965, 0.0]]",False,0.0,0.15500816702842712,10
lhallee.lhallee_128_driveid_3_4,32.51997756958008,5.130427360534668,0.19556638598442078,0.10908344388008118,"[3.6538236141204834, 4.810343265533447]","[[0.0, 16.082544326782227], [16.082544326782227, 0.0]]","[0.1737309992313385, 0.1984800398349762]","[0.10908344388008118, 0.10908344388008118]","[[0.0, 0.10908344388008118], [0.10908344388008118, 0.0]]","[[0.0, 0.10908344388008118], [0.10908344388008118, 0.0]]","[0.3251574635505676, 0.3252088129520416]","[[0.0, 0.32519978284835815], [0.32519978284835815, 0.0]]",False,0.0,0.1263800412416458,10
nhaas.2,40.02764129638672,4.49238395690918,0.2243649810552597,0.15982162952423096,"[2.1742875576019287, 4.572847843170166]","[[0.0, 15.920222282409668], [15.920222282409668, 0.0]]","[0.4203645586967468, 0.19430263340473175]","[0.15982162952423096, 0.15982162952423096]","[[0.0, 0.15982162952423096], [0.15982162952423096, 0.0]]","[[0.0, 0.15982162952423096], [0.15982162952423096, 0.0]]","[0.5666645169258118, 0.3353317379951477]","[[0.0, 0.40027642250061035], [0.40027642250061035, 0.0]]",False,0.0,0.17273031175136566,10
chrisxushaoyong.hu_nano1_5_559c85,32.6702880859375,4.796693325042725,0.20758022367954254,0.11226917058229446,"[3.4752368927001953, 4.575379848480225]","[[0.0, 15.19994831085205], [15.19994831085205, 0.0]]","[0.21615907549858093, 0.21152134239673615]","[0.11226917058229446, 0.11226917058229446]","[[0.0, 0.11226917058229446], [0.11226917058229446, 0.0]]","[[0.0, 0.11226917058229446], [0.11226917058229446, 0.0]]","[0.32845956087112427, 0.3263525366783142]","[[0.0, 0.32670289278030396], [0.32670289278030396, 0.0]]",False,0.0,0.13133138418197632,10
baptiste.roelens.ognk,38.119415283203125,4.325551986694336,0.2077779322862625,0.6890836358070374,"[0.39696168899536133, 4.414791584014893]","[[0.0, 13.453935623168945], [13.453935623168945, 0.0]]","[0.82292640209198, 0.2009117603302002]","[0.6890836358070374, 0.6890836358070374]","[[0.0, 0.6890836358070374], [0.6890836358070374, 0.0]]","[[0.0, 0.6890836358070374], [0.6890836358070374, 0.0]]","[0.715015709400177, 0.349861204624176]","[[0.0, 0.381194144487381], [0.381194144487381, 0.0]]",False,0.0,0.5928224921226501,10
jude.wells.21.panitumumab_fused_trimmed_task_12_iter_123,33.82865905761719,4.931203842163086,0.20282727479934692,0.13688530027866364,"[3.8631889820098877, 4.69312858581543]","[[0.0, 15.547995567321777], [15.547995567321777, 0.0]]","[0.277336448431015, 0.20159558951854706]","[0.13688530027866364, 0.13688530027866364]","[[0.0, 0.13688530027866364], [0.13688530027866364, 0.0]]","[[0.0, 0.13688530027866364], [0.13688530027866364, 0.0]]","[0.3722538948059082, 0.325384259223938]","[[0.0, 0.3382866084575653], [0.3382866084575653, 0.0]]",False,0.0,0.15007369220256805,10
alessio.daddio.AD_4,34.85102462768555,4.736466407775879,0.2000390887260437,0.11296027153730392,"[0.4889407455921173, 4.797491550445557]","[[0.0, 15.914484024047852], [15.914484024047852, 0.0]]","[0.7103336453437805, 0.201040118932724]","[0.11296027153730392, 0.11296027153730392]","[[0.0, 0.11296027153730392], [0.11296027153730392, 0.0]]","[[0.0, 0.11296027153730392], [0.11296027153730392, 0.0]]","[0.6759846806526184, 0.318459153175354]","[[0.0, 0.3485102355480194], [0.3485102355480194, 0.0]]",False,0.0,0.13037604093551636,10
spacecruiser42.d2_prompt_binder_t1.0_37,32.09856033325195,5.043089389801025,0.18975654244422913,0.10602764040231705,"[1.1115623712539673, 4.97667932510376]","[[0.0, 17.00592041015625], [17.00592041015625, 0.0]]","[0.04167230427265167, 0.19022339582443237]","[0.10602764040231705, 0.10602764040231705]","[[0.0, 0.10602764040231705], [0.10602764040231705, 0.0]]","[[0.0, 0.10602764040231705], [0.10602764040231705, 0.0]]","[0.4056791067123413, 0.3183949291706085]","[[0.0, 0.3209856152534485], [0.3209856152534485, 0.0]]",False,0.0,0.1227734237909317,10
nhaas.3,40.13890075683594,4.6081342697143555,0.22637499868869781,0.17369705438613892,"[2.1685454845428467, 4.572277069091797]","[[0.0, 16.699583053588867], [16.699583053588867, 0.0]]","[0.39699453115463257, 0.1992892622947693]","[0.17369705438613892, 0.17369705438613892]","[[0.0, 0.17369705438613892], [0.17369705438613892, 0.0]]","[[0.0, 0.17369705438613892], [0.17369705438613892, 0.0]]","[0.5635725855827332, 0.3384251892566681]","[[0.0, 0.4013890027999878], [0.4013890027999878, 0.0]]",False,0.0,0.1842326521873474,10
qilin_y.test5,35.36806869506836,4.622708320617676,0.20716896653175354,0.155231773853302,"[1.8872621059417725, 4.63322114944458]","[[0.0, 14.69080924987793], [14.69080924987793, 0.0]]","[0.7175166010856628, 0.20932070910930634]","[0.155231773853302, 0.155231773853302]","[[0.0, 0.155231773853302], [0.155231773853302, 0.0]]","[[0.0, 0.155231773853302], [0.155231773853302, 0.0]]","[0.6140151023864746, 0.3206275999546051]","[[0.0, 0.35368070006370544], [0.35368070006370544, 0.0]]",False,0.0,0.16561920940876007,10
joaosartori2.c1,34.83540344238281,4.623803615570068,0.20950061082839966,0.11023490130901337,"[2.600322723388672, 4.443843364715576]","[[0.0, 15.693473815917969], [15.693473815917969, 0.0]]","[0.2389347106218338, 0.2117478847503662]","[0.11023490130901337, 0.11023490130901337]","[[0.0, 0.11023490130901337], [0.11023490130901337, 0.0]]","[[0.0, 0.11023490130901337], [0.11023490130901337, 0.0]]","[0.3583545684814453, 0.3473629653453827]","[[0.0, 0.3483540415763855], [0.3483540415763855, 0.0]]",False,0.0,0.13008804619312286,10
dre.LGDL_EGFR_001,32.4934196472168,5.160525321960449,0.1874788999557495,0.11252503842115402,"[2.269454002380371, 4.849472522735596]","[[0.0, 17.303876876831055], [17.303876876831055, 0.0]]","[0.10159619152545929, 0.18770094215869904]","[0.11252503842115402, 0.11252503842115402]","[[0.0, 0.11252503842115402], [0.11252503842115402, 0.0]]","[[0.0, 0.11252503842115402], [0.11252503842115402, 0.0]]","[0.34941428899765015, 0.32357504963874817]","[[0.0, 0.3249342143535614], [0.3249342143535614, 0.0]]",False,0.0,0.12751580774784088,10
alex.naka.Wartortle,34.471580505371094,4.566569805145264,0.21165215969085693,0.11645673960447311,"[2.0689525604248047, 4.391789436340332]","[[0.0, 13.983429908752441], [13.983429908752441, 0.0]]","[0.2605544626712799, 0.2134304642677307]","[0.11645673960447311, 0.11645673960447311]","[[0.0, 0.11645673960447311], [0.11645673960447311, 0.0]]","[[0.0, 0.11645673960447311], [0.11645673960447311, 0.0]]","[0.352289080619812, 0.34402239322662354]","[[0.0, 0.34471580386161804], [0.34471580386161804, 0.0]]",False,0.0,0.13549582660198212,10
begonia.sp.13.EGFR_l88_s11832_mpnn1_model2,37.99713897705078,4.404721260070801,0.22100473940372467,0.1765211671590805,"[0.562366247177124, 4.619301795959473]","[[0.0, 15.95961856842041], [15.95961856842041, 0.0]]","[0.7755141854286194, 0.20564047992229462]","[0.1765211671590805, 0.1765211671590805]","[[0.0, 0.1765211671590805], [0.1765211671590805, 0.0]]","[[0.0, 0.1765211671590805], [0.1765211671590805, 0.0]]","[0.6836855411529541, 0.3314840495586395]","[[0.0, 0.37997138500213623], [0.37997138500213623, 0.0]]",False,0.0,0.18541789054870605,10
aswini.seed1,33.07537841796875,4.999780654907227,0.19339576363563538,0.11015357822179794,"[3.0210397243499756, 4.768885135650635]","[[0.0, 17.72494888305664], [17.72494888305664, 0.0]]","[0.15429529547691345, 0.1936635971069336]","[0.11015357822179794, 0.11015357822179794]","[[0.0, 0.11015357822179794], [0.11015357822179794, 0.0]]","[[0.0, 0.11015357822179794], [0.11015357822179794, 0.0]]","[0.36260315775871277, 0.3281514048576355]","[[0.0, 0.33075380325317383], [0.33075380325317383, 0.0]]",False,0.0,0.12680202722549438,10
elian.elian4,37.65157699584961,4.4482102394104,0.23308607935905457,0.18582241237163544,"[0.434099942445755, 4.671922206878662]","[[0.0, 15.942709922790527], [15.942709922790527, 0.0]]","[0.7528234720230103, 0.20023837685585022]","[0.18582241237163544, 0.18582241237163544]","[[0.0, 0.18582241237163544], [0.18582241237163544, 0.0]]","[[0.0, 0.18582241237163544], [0.18582241237163544, 0.0]]","[0.7038458585739136, 0.32377806305885315]","[[0.0, 0.37651577591896057], [0.37651577591896057, 0.0]]",False,0.0,0.19527515769004822,10
alejandro.corrochano-navarro.eng_scfv_binder_3,41.88047409057617,4.314254283905029,0.23312817513942719,0.2262871414422989,"[1.3792951107025146, 4.671292781829834]","[[0.0, 15.44006633758545], [15.44006633758545, 0.0]]","[0.44434741139411926, 0.1936730295419693]","[0.2262871414422989, 0.2262871414422989]","[[0.0, 0.2262871414422989], [0.2262871414422989, 0.0]]","[[0.0, 0.2262871414422989], [0.2262871414422989, 0.0]]","[0.633621096611023, 0.33630767464637756]","[[0.0, 0.41880473494529724], [0.41880473494529724, 0.0]]",False,0.0,0.2276553511619568,10
aswini.clipgen30,32.97825622558594,4.848729610443115,0.20412026345729828,0.10756119340658188,"[2.3485116958618164, 4.711870193481445]","[[0.0, 16.46851921081543], [16.46851921081543, 0.0]]","[0.2011164426803589, 0.20546866953372955]","[0.10756119340658188, 0.10756119340658188]","[[0.0, 0.10756119340658188], [0.10756119340658188, 0.0]]","[[0.0, 0.10756119340658188], [0.10756119340658188, 0.0]]","[0.3586733341217041, 0.32735535502433777]","[[0.0, 0.3297825753688812], [0.3297825753688812, 0.0]]",False,0.0,0.12687300145626068,10
chuh.EGFR_Seg1_l58_s941869_mpnn2,35.340938568115234,4.599061489105225,0.20084179937839508,0.1320425122976303,"[0.3709014356136322, 4.783384323120117]","[[0.0, 15.753046035766602], [15.753046035766602, 0.0]]","[0.878898024559021, 0.20329193770885468]","[0.1320425122976303, 0.1320425122976303]","[[0.0, 0.1320425122976303], [0.1320425122976303, 0.0]]","[[0.0, 0.1320425122976303], [0.1320425122976303, 0.0]]","[0.7604010105133057, 0.3121388852596283]","[[0.0, 0.35340937972068787], [0.35340937972068787, 0.0]]",False,0.0,0.14580237865447998,10
zulfatmi.pocket1pep78,32.8889045715332,4.881838321685791,0.19960542023181915,0.16817668080329895,"[0.660681426525116, 4.771146774291992]","[[0.0, 17.223575592041016], [17.223575592041016, 0.0]]","[0.06324028968811035, 0.19999930262565613]","[0.16817668080329895, 0.16817668080329895]","[[0.0, 0.16817668080329895], [0.16817668080329895, 0.0]]","[[0.0, 0.16817668080329895], [0.16817668080329895, 0.0]]","[0.41708922386169434, 0.32648682594299316]","[[0.0, 0.32888904213905334], [0.32888904213905334, 0.0]]",False,0.0,0.1744624376296997,10
x.rustamov.traj_9_8_model_1_0,37.32898712158203,4.3405070304870605,0.25338026881217957,0.1284557580947876,"[0.7647674083709717, 4.603277683258057]","[[0.0, 14.872498512268066], [14.872498512268066, 0.0]]","[0.8077293634414673, 0.20178627967834473]","[0.1284557580947876, 0.1284557580947876]","[[0.0, 0.1284557580947876], [0.1284557580947876, 0.0]]","[[0.0, 0.1284557580947876], [0.1284557580947876, 0.0]]","[0.6707696914672852, 0.3159503638744354]","[[0.0, 0.3732898533344269], [0.3732898533344269, 0.0]]",False,0.0,0.1534406542778015,10
merlettaia.seq0v3,38.24516677856445,4.346630096435547,0.24833226203918457,0.12165198475122452,"[1.108309030532837, 4.676960468292236]","[[0.0, 15.177903175354004], [15.177903175354004, 0.0]]","[0.7363024950027466, 0.20559212565422058]","[0.12165198475122452, 0.12165198475122452]","[[0.0, 0.12165198475122452], [0.12165198475122452, 0.0]]","[[0.0, 0.12165198475122452], [0.12165198475122452, 0.0]]","[0.6208731532096863, 0.3330989181995392]","[[0.0, 0.3824516534805298], [0.3824516534805298, 0.0]]",False,0.0,0.14698804914951324,10
a.tucs.Andrejs_Tucs_seq8,33.09714889526367,4.846095561981201,0.1850273460149765,0.11169793456792831,"[2.442568778991699, 4.715236186981201]","[[0.0, 16.457477569580078], [16.457477569580078, 0.0]]","[0.21853430569171906, 0.18567650020122528]","[0.11169793456792831, 0.11169793456792831]","[[0.0, 0.11169793456792831], [0.11169793456792831, 0.0]]","[[0.0, 0.11169793456792831], [0.11169793456792831, 0.0]]","[0.3855060040950775, 0.3268011212348938]","[[0.0, 0.33097147941589355], [0.33097147941589355, 0.0]]",False,0.0,0.1263638138771057,10
mlange05.C,42.36419677734375,3.940762996673584,0.30537906289100647,0.12907814979553223,"[0.7689552307128906, 4.5884833335876465]","[[0.0, 15.568206787109375], [15.568206787109375, 0.0]]","[0.7408069372177124, 0.21326038241386414]","[0.12907814979553223, 0.12907814979553223]","[[0.0, 0.12907814979553223], [0.12907814979553223, 0.0]]","[[0.0, 0.12907814979553223], [0.12907814979553223, 0.0]]","[0.6765696406364441, 0.33625924587249756]","[[0.0, 0.42364197969436646], [0.42364197969436646, 0.0]]",False,0.0,0.16433833539485931,10
huiyu.cai.H3_15_877_H,39.75187683105469,4.3103346824646,0.2531471848487854,0.12340474873781204,"[0.6395413875579834, 4.627273082733154]","[[0.0, 16.047468185424805], [16.047468185424805, 0.0]]","[0.8603001236915588, 0.20636138319969177]","[0.12340474873781204, 0.12340474873781204]","[[0.0, 0.12340474873781204], [0.12340474873781204, 0.0]]","[[0.0, 0.12340474873781204], [0.12340474873781204, 0.0]]","[0.7219286561012268, 0.3338329792022705]","[[0.0, 0.39751875400543213], [0.39751875400543213, 0.0]]",False,0.0,0.1493532359600067,10
spacecruiser42.d2_prompt_binder_t1.0_139,33.64360427856445,4.7758612632751465,0.1936291605234146,0.12277177721261978,"[0.6360984444618225, 4.718433856964111]","[[0.0, 16.547466278076172], [16.547466278076172, 0.0]]","[0.25384971499443054, 0.19384686648845673]","[0.12277177721261978, 0.12277177721261978]","[[0.0, 0.12277177721261978], [0.12277177721261978, 0.0]]","[[0.0, 0.12277177721261978], [0.12277177721261978, 0.0]]","[0.5012746453285217, 0.3303923010826111]","[[0.0, 0.33643603324890137], [0.33643603324890137, 0.0]]",False,0.0,0.1369432508945465,10
revoli.mutated_nAb_5,33.84243392944336,4.628016471862793,0.20239898562431335,0.12868238985538483,"[2.628462553024292, 4.576021671295166]","[[0.0, 14.9906644821167], [14.9906644821167, 0.0]]","[0.3790685534477234, 0.2067086547613144]","[0.12868238985538483, 0.12868238985538483]","[[0.0, 0.12868238985538483], [0.12868238985538483, 0.0]]","[[0.0, 0.12868238985538483], [0.12868238985538483, 0.0]]","[0.40666741132736206, 0.3246842622756958]","[[0.0, 0.33842435479164124], [0.33842435479164124, 0.0]]",False,0.0,0.14342571794986725,10
s1995825.cotimed_egf_netsolp_usability_4,35.61631393432617,4.549284934997559,0.20931850373744965,0.11000514775514603,"[2.332137107849121, 4.3760199546813965]","[[0.0, 15.64586067199707], [15.64586067199707, 0.0]]","[0.24746082723140717, 0.21099375188350677]","[0.11000514775514603, 0.11000514775514603]","[[0.0, 0.11000514775514603], [0.11000514775514603, 0.0]]","[[0.0, 0.11000514775514603], [0.11000514775514603, 0.0]]","[0.3786269724369049, 0.35445472598075867]","[[0.0, 0.3561631441116333], [0.3561631441116333, 0.0]]",False,0.0,0.129867821931839,10
jakublala.full_dibinder_45aa.pdb,34.66022491455078,4.798357009887695,0.19533027708530426,0.17368333041667938,"[0.8820552229881287, 4.689273357391357]","[[0.0, 17.046367645263672], [17.046367645263672, 0.0]]","[0.43509504199028015, 0.19137579202651978]","[0.17368333041667938, 0.17368333041667938]","[[0.0, 0.17368333041667938], [0.17368333041667938, 0.0]]","[[0.0, 0.17368333041667938], [0.17368333041667938, 0.0]]","[0.49093449115753174, 0.334869384765625]","[[0.0, 0.3466022312641144], [0.3466022312641144, 0.0]]",False,0.0,0.17801272869110107,10
amelie.schreiber.model_56_119_15,36.73051452636719,4.507918357849121,0.2055593729019165,0.1146727129817009,"[0.390583872795105, 4.758756637573242]","[[0.0, 15.942235946655273], [15.942235946655273, 0.0]]","[0.8400265574455261, 0.1936502754688263]","[0.1146727129817009, 0.1146727129817009]","[[0.0, 0.1146727129817009], [0.1146727129817009, 0.0]]","[[0.0, 0.1146727129817009], [0.1146727129817009, 0.0]]","[0.7327378392219543, 0.3181520104408264]","[[0.0, 0.36730512976646423], [0.36730512976646423, 0.0]]",False,0.0,0.1328500509262085,10
markus.braun.egfr_binder_6,45.493194580078125,3.919185161590576,0.38288235664367676,0.19049066305160522,"[0.34768930077552795, 4.889507293701172]","[[0.0, 15.945618629455566], [15.945618629455566, 0.0]]","[0.9209732413291931, 0.1900894194841385]","[0.19049066305160522, 0.19049066305160522]","[[0.0, 0.19049066305160522], [0.19049066305160522, 0.0]]","[[0.0, 0.19049066305160522], [0.19049066305160522, 0.0]]","[0.8026248216629028, 0.3054524064064026]","[[0.0, 0.45493194460868835], [0.45493194460868835, 0.0]]",False,0.0,0.228969007730484,10
hughy.4krp_B_A_89_rnd3_full,33.827884674072266,4.818375587463379,0.203907772898674,0.11032890528440475,"[3.017493963241577, 4.696483612060547]","[[0.0, 15.56517505645752], [15.56517505645752, 0.0]]","[0.30265089869499207, 0.20833785831928253]","[0.11032890528440475, 0.11032890528440475]","[[0.0, 0.11032890528440475], [0.11032890528440475, 0.0]]","[[0.0, 0.11032890528440475], [0.11032890528440475, 0.0]]","[0.38788509368896484, 0.32819753885269165]","[[0.0, 0.3382788300514221], [0.3382788300514221, 0.0]]",False,0.0,0.12904468178749084,10
bundit.b_s18.manbaritone_Seq5_EGFR-binder-70-100_beta_303_dldesign_1_Length71,37.626895904541016,4.489241123199463,0.20862291753292084,0.20381838083267212,"[0.39958441257476807, 4.730859279632568]","[[0.0, 17.41948890686035], [17.41948890686035, 0.0]]","[0.8381739854812622, 0.20890304446220398]","[0.20381838083267212, 0.20381838083267212]","[[0.0, 0.20381838083267212], [0.20381838083267212, 0.0]]","[[0.0, 0.20381838083267212], [0.20381838083267212, 0.0]]","[0.7534908652305603, 0.33224788308143616]","[[0.0, 0.3762689530849457], [0.3762689530849457, 0.0]]",False,0.0,0.20477929711341858,10
silvia.toscani.B_EGFR_6,37.79043960571289,4.309159755706787,0.2070697396993637,0.11940477043390274,"[0.428890585899353, 4.476597309112549]","[[0.0, 17.045177459716797], [17.045177459716797, 0.0]]","[0.8151569366455078, 0.20966525375843048]","[0.11940477043390274, 0.11940477043390274]","[[0.0, 0.11940477043390274], [0.11940477043390274, 0.0]]","[[0.0, 0.11940477043390274], [0.11940477043390274, 0.0]]","[0.7533400654792786, 0.33786740899086]","[[0.0, 0.37790438532829285], [0.37790438532829285, 0.0]]",False,0.0,0.13693776726722717,10
nitesh.mishra3.stepwise_egf_based_egfr_binder_3,33.336769104003906,4.898624897003174,0.20049495995044708,0.1268811970949173,"[2.195887565612793, 4.670802116394043]","[[0.0, 16.848421096801758], [16.848421096801758, 0.0]]","[0.3068635165691376, 0.2017136961221695]","[0.1268811970949173, 0.1268811970949173]","[[0.0, 0.1268811970949173], [0.1268811970949173, 0.0]]","[[0.0, 0.1268811970949173], [0.1268811970949173, 0.0]]","[0.3954416811466217, 0.32842570543289185]","[[0.0, 0.3333676755428314], [0.3333676755428314, 0.0]]",False,0.0,0.14160394668579102,10
minji.lee.3995,37.83563232421875,4.473552227020264,0.23161093890666962,0.3571318984031677,"[0.544335126876831, 4.748199462890625]","[[0.0, 15.360587120056152], [15.360587120056152, 0.0]]","[0.7982774972915649, 0.19779781997203827]","[0.3571318984031677, 0.3571318984031677]","[[0.0, 0.3571318984031677], [0.3571318984031677, 0.0]]","[[0.0, 0.3571318984031677], [0.3571318984031677, 0.0]]","[0.7290679812431335, 0.3309628665447235]","[[0.0, 0.37835633754730225], [0.37835633754730225, 0.0]]",False,0.0,0.33202773332595825,10
martin.EGFR_l165_s31019_mpnn3,42.32753372192383,4.090364933013916,0.3075852394104004,0.2140684574842453,"[0.42950814962387085, 4.589815616607666]","[[0.0, 16.367321014404297], [16.367321014404297, 0.0]]","[0.864180862903595, 0.19990359246730804]","[0.2140684574842453, 0.2140684574842453]","[[0.0, 0.2140684574842453], [0.2140684574842453, 0.0]]","[[0.0, 0.2140684574842453], [0.2140684574842453, 0.0]]","[0.7674894332885742, 0.32808101177215576]","[[0.0, 0.42327532172203064], [0.42327532172203064, 0.0]]",False,0.0,0.23277181386947632,10
aswinijavadi160197.8_A,38.66538619995117,4.312047958374023,0.21881797909736633,0.10391432046890259,"[0.42124080657958984, 4.715745449066162]","[[0.0, 16.800556182861328], [16.800556182861328, 0.0]]","[0.813260555267334, 0.19798198342323303]","[0.10391432046890259, 0.10391432046890259]","[[0.0, 0.10391432046890259], [0.10391432046890259, 0.0]]","[[0.0, 0.10391432046890259], [0.10391432046890259, 0.0]]","[0.7891941070556641, 0.3163168728351593]","[[0.0, 0.386653870344162], [0.386653870344162, 0.0]]",False,0.0,0.12689505517482758,10
paulafcfranklin.synth_rosetta_3,34.13811492919922,4.600351333618164,0.21377237141132355,0.12293391674757004,"[2.807727575302124, 4.347656726837158]","[[0.0, 15.026382446289062], [15.026382446289062, 0.0]]","[0.16404159367084503, 0.21579578518867493]","[0.12293391674757004, 0.12293391674757004]","[[0.0, 0.12293391674757004], [0.12293391674757004, 0.0]]","[[0.0, 0.12293391674757004], [0.12293391674757004, 0.0]]","[0.3081528842449188, 0.34455567598342896]","[[0.0, 0.34138113260269165], [0.34138113260269165, 0.0]]",False,0.0,0.14110161364078522,10
chenceshi1105.steven_binder_design_l75_s60968_it100_mpnn0,38.662017822265625,4.415390491485596,0.20162834227085114,0.11212804168462753,"[0.38415831327438354, 4.682220458984375]","[[0.0, 18.030038833618164], [18.030038833618164, 0.0]]","[0.8731814622879028, 0.2035444676876068]","[0.11212804168462753, 0.11212804168462753]","[[0.0, 0.11212804168462753], [0.11212804168462753, 0.0]]","[[0.0, 0.11212804168462753], [0.11212804168462753, 0.0]]","[0.7791635990142822, 0.3391662538051605]","[[0.0, 0.3866201937198639], [0.3866201937198639, 0.0]]",False,0.0,0.13002809882164001,10
cchallacombe.4,38.340396881103516,4.287833213806152,0.25231748819351196,0.12142564356327057,"[1.0514001846313477, 4.5798234939575195]","[[0.0, 14.884054183959961], [14.884054183959961, 0.0]]","[0.7613009214401245, 0.20002195239067078]","[0.12142564356327057, 0.12142564356327057]","[[0.0, 0.12142564356327057], [0.12142564356327057, 0.0]]","[[0.0, 0.12142564356327057], [0.12142564356327057, 0.0]]","[0.6400277018547058, 0.3294769823551178]","[[0.0, 0.3834039866924286], [0.3834039866924286, 0.0]]",False,0.0,0.14760401844978333,10
salireza111.Seq166_7_003_9,34.000030517578125,4.755640983581543,0.20340557396411896,0.11179657280445099,"[1.9485200643539429, 4.621493339538574]","[[0.0, 15.37292766571045], [15.37292766571045, 0.0]]","[0.2901241183280945, 0.2045823037624359]","[0.11179657280445099, 0.11179657280445099]","[[0.0, 0.11179657280445099], [0.11179657280445099, 0.0]]","[[0.0, 0.11179657280445099], [0.11179657280445099, 0.0]]","[0.40508121252059937, 0.33521437644958496]","[[0.0, 0.34000030159950256], [0.34000030159950256, 0.0]]",False,0.0,0.13011837005615234,10
jakublala.epitope_2_30aa_1.pdb,33.874427795410156,4.751069068908691,0.19925270974636078,0.11044451594352722,"[0.9823968410491943, 4.6477370262146]","[[0.0, 16.350969314575195], [16.350969314575195, 0.0]]","[0.3331720530986786, 0.1995246708393097]","[0.11044451594352722, 0.11044451594352722]","[[0.0, 0.11044451594352722], [0.11044451594352722, 0.0]]","[[0.0, 0.11044451594352722], [0.11044451594352722, 0.0]]","[0.4490123689174652, 0.3327145576477051]","[[0.0, 0.33874428272247314], [0.33874428272247314, 0.0]]",False,0.0,0.12820616364479065,10
elian.elian5,36.62449645996094,4.392951011657715,0.23496364057064056,0.2606530785560608,"[0.5565158724784851, 4.651283264160156]","[[0.0, 15.699809074401855], [15.699809074401855, 0.0]]","[0.6952787637710571, 0.20237252116203308]","[0.2606530785560608, 0.2606530785560608]","[[0.0, 0.2606530785560608], [0.2606530785560608, 0.0]]","[[0.0, 0.2606530785560608], [0.2606530785560608, 0.0]]","[0.6869252920150757, 0.3150489926338196]","[[0.0, 0.36624497175216675], [0.36624497175216675, 0.0]]",False,0.0,0.2555151879787445,10
tiejun.wei.egfr_binder_design_208_dldesign_10_af2pred.pdb_A,34.72847366333008,4.673151969909668,0.1932235211133957,0.12943467497825623,"[0.7913766503334045, 4.704360485076904]","[[0.0, 16.74460792541504], [16.74460792541504, 0.0]]","[0.4691317677497864, 0.1923576295375824]","[0.12943467497825623, 0.12943467497825623]","[[0.0, 0.12943467497825623], [0.12943467497825623, 0.0]]","[[0.0, 0.12943467497825623], [0.12943467497825623, 0.0]]","[0.5737819075584412, 0.32778117060661316]","[[0.0, 0.347284734249115], [0.347284734249115, 0.0]]",False,0.0,0.14219245314598083,10
fgndd1.fg_seq1,40.288238525390625,4.2561140060424805,0.2920588254928589,0.12676921486854553,"[0.5133649110794067, 4.848835468292236]","[[0.0, 15.890545845031738], [15.890545845031738, 0.0]]","[0.8883451819419861, 0.20308281481266022]","[0.12676921486854553, 0.12676921486854553]","[[0.0, 0.12676921486854553], [0.12676921486854553, 0.0]]","[[0.0, 0.12676921486854553], [0.12676921486854553, 0.0]]","[0.7671192288398743, 0.3156578838825226]","[[0.0, 0.4028823971748352], [0.4028823971748352, 0.0]]",False,0.0,0.15982714295387268,10
allongoldberg.3_52_1_refined,35.703216552734375,4.689689636230469,0.1923484206199646,0.11104566603899002,"[0.61573326587677, 4.829848289489746]","[[0.0, 17.071041107177734], [17.071041107177734, 0.0]]","[0.6542366743087769, 0.1939769983291626]","[0.11104566603899002, 0.11104566603899002]","[[0.0, 0.11104566603899002], [0.11104566603899002, 0.0]]","[[0.0, 0.11104566603899002], [0.11104566603899002, 0.0]]","[0.6608220338821411, 0.32622677087783813]","[[0.0, 0.3570321798324585], [0.3570321798324585, 0.0]]",False,0.0,0.12730622291564941,10
tarkhov.andrey.Erithacus_rubecula_gigantus_7,34.260074615478516,5.154842853546143,0.19486217200756073,0.11546164005994797,"[4.4108452796936035, 4.38953161239624]","[[0.0, 16.562686920166016], [16.562686920166016, 0.0]]","[0.13625377416610718, 0.19665513932704926]","[0.11546164005994797, 0.11546164005994797]","[[0.0, 0.11546164005994797], [0.11546164005994797, 0.0]]","[[0.0, 0.11546164005994797], [0.11546164005994797, 0.0]]","[0.3355275094509125, 0.3445168435573578]","[[0.0, 0.3426007330417633], [0.3426007330417633, 0.0]]",False,0.0,0.13134174048900604,10
chuh.EGFR_Seg2_l58_s53469_mpnn1,36.8305549621582,4.423100471496582,0.2158222198486328,0.3963111937046051,"[0.3371853232383728, 4.601156234741211]","[[0.0, 13.340279579162598], [13.340279579162598, 0.0]]","[0.808760941028595, 0.19844266772270203]","[0.3963111937046051, 0.3963111937046051]","[[0.0, 0.3963111937046051], [0.3963111937046051, 0.0]]","[[0.0, 0.3963111937046051], [0.3963111937046051, 0.0]]","[0.7043992280960083, 0.33359062671661377]","[[0.0, 0.3683055341243744], [0.3683055341243744, 0.0]]",False,0.0,0.36021339893341064,10
hughy.7om4_B_A_180_rnd1_v1_full,39.69277572631836,4.19814395904541,0.2835421562194824,0.3801417946815491,"[0.5962675213813782, 4.65216588973999]","[[0.0, 15.975679397583008], [15.975679397583008, 0.0]]","[0.8794107437133789, 0.20385345816612244]","[0.3801417946815491, 0.3801417946815491]","[[0.0, 0.3801417946815491], [0.3801417946815491, 0.0]]","[[0.0, 0.3801417946815491], [0.3801417946815491, 0.0]]","[0.7481628060340881, 0.3289325535297394]","[[0.0, 0.39692777395248413], [0.39692777395248413, 0.0]]",False,0.0,0.3608218729496002,10
revoli.mutated_nAb_9,31.62897491455078,5.1677350997924805,0.18696525692939758,0.10892657935619354,"[3.784632921218872, 4.943647861480713]","[[0.0, 16.48651695251465], [16.48651695251465, 0.0]]","[0.21088410913944244, 0.18732330203056335]","[0.10892657935619354, 0.10892657935619354]","[[0.0, 0.10892657935619354], [0.10892657935619354, 0.0]]","[[0.0, 0.10892657935619354], [0.10892657935619354, 0.0]]","[0.33819088339805603, 0.31190311908721924]","[[0.0, 0.3162897527217865], [0.3162897527217865, 0.0]]",False,0.0,0.12453432381153107,10
mosquitolkfo.nAb_design_6,33.42588424682617,4.7339863777160645,0.20379051566123962,0.11432281136512756,"[3.2393105030059814, 4.5308427810668945]","[[0.0, 16.058610916137695], [16.058610916137695, 0.0]]","[0.20274093747138977, 0.20740987360477448]","[0.11432281136512756, 0.11432281136512756]","[[0.0, 0.11432281136512756], [0.11432281136512756, 0.0]]","[[0.0, 0.11432281136512756], [0.11432281136512756, 0.0]]","[0.3411373198032379, 0.3327903151512146]","[[0.0, 0.3342588543891907], [0.3342588543891907, 0.0]]",False,0.0,0.13221636414527893,10
jvogt4.vogt_scFV_2009,44.08951950073242,4.054900169372559,0.33631083369255066,0.13107210397720337,"[0.9984792470932007, 4.626104831695557]","[[0.0, 16.30670928955078], [16.30670928955078, 0.0]]","[0.7994938492774963, 0.2054816484451294]","[0.13107210397720337, 0.13107210397720337]","[[0.0, 0.13107210397720337], [0.13107210397720337, 0.0]]","[[0.0, 0.13107210397720337], [0.13107210397720337, 0.0]]","[0.726447582244873, 0.3323099613189697]","[[0.0, 0.4408951997756958], [0.4408951997756958, 0.0]]",False,0.0,0.1721198558807373,10
youngsuko2000.fast4,33.9650764465332,4.732722759246826,0.20048144459724426,0.11322958022356033,"[2.7903213500976562, 4.508963108062744]","[[0.0, 15.69407844543457], [15.69407844543457, 0.0]]","[0.19058308005332947, 0.20129859447479248]","[0.11322958022356033, 0.11322958022356033]","[[0.0, 0.11322958022356033], [0.11322958022356033, 0.0]]","[[0.0, 0.11322958022356033], [0.11322958022356033, 0.0]]","[0.34585946798324585, 0.3390524089336395]","[[0.0, 0.3396507501602173], [0.3396507501602173, 0.0]]",False,0.0,0.13067996501922607,10
enzo.morro.design_0_n_2_mpnn_1.120_plddt_0.858_i_ptm_0.072_i_pae_28.117_rmsd_30.276,42.06473159790039,4.046464443206787,0.27560320496559143,0.11483790725469589,"[0.655040442943573, 4.526105880737305]","[[0.0, 17.49814224243164], [17.49814224243164, 0.0]]","[0.7395093441009521, 0.21050146222114563]","[0.11483790725469589, 0.11483790725469589]","[[0.0, 0.11483790725469589], [0.11483790725469589, 0.0]]","[[0.0, 0.11483790725469589], [0.11483790725469589, 0.0]]","[0.7274786233901978, 0.33636996150016785]","[[0.0, 0.4206473231315613], [0.4206473231315613, 0.0]]",False,0.0,0.14699096977710724,10
bronte.EGFR_Binder_4_91,37.009437561035156,4.5403876304626465,0.20357739925384521,0.11005780845880508,"[0.46607962250709534, 4.826057434082031]","[[0.0, 17.337419509887695], [17.337419509887695, 0.0]]","[0.8729719519615173, 0.1904703974723816]","[0.11005780845880508, 0.11005780845880508]","[[0.0, 0.11005780845880508], [0.11005780845880508, 0.0]]","[[0.0, 0.11005780845880508], [0.11005780845880508, 0.0]]","[0.761849045753479, 0.3224896192550659]","[[0.0, 0.3700943887233734], [0.3700943887233734, 0.0]]",False,0.0,0.12876172363758087,10
paulafcfranklin.synth_rosetta_5,32.1592903137207,5.060339450836182,0.18545736372470856,0.10553718358278275,"[2.9958503246307373, 4.86514139175415]","[[0.0, 16.26187515258789], [16.26187515258789, 0.0]]","[0.11566983908414841, 0.18594685196876526]","[0.10553718358278275, 0.10553718358278275]","[[0.0, 0.10553718358278275], [0.10553718358278275, 0.0]]","[[0.0, 0.10553718358278275], [0.10553718358278275, 0.0]]","[0.3380063474178314, 0.3200213611125946]","[[0.0, 0.32159289717674255], [0.32159289717674255, 0.0]]",False,0.0,0.12152121961116791,10
niklas.95B59203-B642-4754-BCD3-8E670A722C8D_l91_s349792600_mpnn2,37.29697036743164,4.525913238525391,0.22961561381816864,0.1490165889263153,"[0.38028842210769653, 4.847854137420654]","[[0.0, 16.056625366210938], [16.056625366210938, 0.0]]","[0.8491774797439575, 0.19591417908668518]","[0.1490165889263153, 0.1490165889263153]","[[0.0, 0.1490165889263153], [0.1490165889263153, 0.0]]","[[0.0, 0.1490165889263153], [0.1490165889263153, 0.0]]","[0.7434735894203186, 0.31374189257621765]","[[0.0, 0.37296968698501587], [0.37296968698501587, 0.0]]",False,0.0,0.1651363968849182,10
724928537.DBZ8___A,33.529273986816406,4.7198920249938965,0.21219602227210999,0.11399588733911514,"[3.426891326904297, 4.467887878417969]","[[0.0, 15.671839714050293], [15.671839714050293, 0.0]]","[0.22400139272212982, 0.21648874878883362]","[0.11399588733911514, 0.11399588733911514]","[[0.0, 0.11399588733911514], [0.11399588733911514, 0.0]]","[[0.0, 0.11399588733911514], [0.11399588733911514, 0.0]]","[0.33828574419021606, 0.33472901582717896]","[[0.0, 0.3352927565574646], [0.3352927565574646, 0.0]]",False,0.0,0.13363590836524963,10
a.tucs.Andrejs_Tucs_seq2,33.01182556152344,4.859605312347412,0.19038711488246918,0.13816313445568085,"[2.0932118892669678, 4.794930934906006]","[[0.0, 15.538601875305176], [15.538601875305176, 0.0]]","[0.34437814354896545, 0.18849121034145355]","[0.13816313445568085, 0.13816313445568085]","[[0.0, 0.13816313445568085], [0.13816313445568085, 0.0]]","[[0.0, 0.13816313445568085], [0.13816313445568085, 0.0]]","[0.41900667548179626, 0.3232277035713196]","[[0.0, 0.3301182687282562], [0.3301182687282562, 0.0]]",False,0.0,0.14860793948173523,10
klima.jason.8HGO_design_4yyaf_0_0,36.92508316040039,4.566603660583496,0.20589029788970947,0.11965630948543549,"[2.1791741847991943, 4.52804708480835]","[[0.0, 16.601224899291992], [16.601224899291992, 0.0]]","[0.3517155945301056, 0.2121087908744812]","[0.11965630948543549, 0.11965630948543549]","[[0.0, 0.11965630948543549], [0.11965630948543549, 0.0]]","[[0.0, 0.11965630948543549], [0.11965630948543549, 0.0]]","[0.47492775321006775, 0.3454054296016693]","[[0.0, 0.3692508339881897], [0.3692508339881897, 0.0]]",False,0.0,0.13690310716629028,10
duynth29.Duy_L111_mpnn14_L80M_L42M,38.49570846557617,4.346606254577637,0.25234121084213257,0.22610634565353394,"[0.3869059085845947, 4.663416385650635]","[[0.0, 15.515966415405273], [15.515966415405273, 0.0]]","[0.9025631546974182, 0.20315507054328918]","[0.22610634565353394, 0.22610634565353394]","[[0.0, 0.22610634565353394], [0.22610634565353394, 0.0]]","[[0.0, 0.22610634565353394], [0.22610634565353394, 0.0]]","[0.7490613460540771, 0.3175218403339386]","[[0.0, 0.38495707511901855], [0.38495707511901855, 0.0]]",False,0.0,0.23135331273078918,10
alan.blakely.12_6,44.08270263671875,4.044524669647217,0.26938340067863464,0.21397048234939575,"[1.0945281982421875, 4.525691032409668]","[[0.0, 15.249521255493164], [15.249521255493164, 0.0]]","[0.5631110668182373, 0.2099316567182541]","[0.21397048234939575, 0.21397048234939575]","[[0.0, 0.21397048234939575], [0.21397048234939575, 0.0]]","[[0.0, 0.21397048234939575], [0.21397048234939575, 0.0]]","[0.7031600475311279, 0.3443140387535095]","[[0.0, 0.44082704186439514], [0.44082704186439514, 0.0]]",False,0.0,0.225053071975708,10
martin.EGFR_l142_s75963_mpnn1,41.72860336303711,4.044641494750977,0.2588060796260834,0.156611829996109,"[0.7110157012939453, 4.272922515869141]","[[0.0, 15.2921724319458], [15.2921724319458, 0.0]]","[0.7387232184410095, 0.2119661122560501]","[0.156611829996109, 0.156611829996109]","[[0.0, 0.156611829996109], [0.156611829996109, 0.0]]","[[0.0, 0.156611829996109], [0.156611829996109, 0.0]]","[0.6844779253005981, 0.3522934317588806]","[[0.0, 0.4172860383987427], [0.4172860383987427, 0.0]]",False,0.0,0.17705067992210388,10
enzo.morro.design_0_n_1_mpnn_1.085_plddt_0.817_i_ptm_0.076_i_pae_28.084_rmsd_25.372,39.406150817871094,4.442223072052002,0.28808921575546265,0.16052000224590302,"[0.7788665890693665, 4.923629283905029]","[[0.0, 15.704463005065918], [15.704463005065918, 0.0]]","[0.7527249455451965, 0.19948939979076385]","[0.16052000224590302, 0.16052000224590302]","[[0.0, 0.16052000224590302], [0.16052000224590302, 0.0]]","[[0.0, 0.16052000224590302], [0.16052000224590302, 0.0]]","[0.6837350726127625, 0.31249406933784485]","[[0.0, 0.39406150579452515], [0.39406150579452515, 0.0]]",False,0.0,0.18603384494781494,10
lyu.3,37.960044860839844,4.335289001464844,0.24809907376766205,0.22887223958969116,"[0.35904327034950256, 4.679461479187012]","[[0.0, 16.487430572509766], [16.487430572509766, 0.0]]","[0.8482441306114197, 0.20158199965953827]","[0.22887223958969116, 0.22887223958969116]","[[0.0, 0.22887223958969116], [0.22887223958969116, 0.0]]","[[0.0, 0.22887223958969116], [0.22887223958969116, 0.0]]","[0.735903263092041, 0.3186117112636566]","[[0.0, 0.3796004354953766], [0.3796004354953766, 0.0]]",False,0.0,0.2327176034450531,10
stocco.filippo.1.3.3.18_4_2_iteration0_1.0407930462953479,32.353660583496094,4.8506999015808105,0.18754538893699646,0.11371699720621109,"[2.621299982070923, 4.760181903839111]","[[0.0, 16.215843200683594], [16.215843200683594, 0.0]]","[0.23181042075157166, 0.18728551268577576]","[0.11371699720621109, 0.11371699720621109]","[[0.0, 0.11371699720621109], [0.11371699720621109, 0.0]]","[[0.0, 0.11371699720621109], [0.11371699720621109, 0.0]]","[0.3752548396587372, 0.31908315420150757]","[[0.0, 0.32353660464286804], [0.32353660464286804, 0.0]]",False,0.0,0.12848268449306488,10
julie.jg26n,35.312767028808594,4.680263519287109,0.20018260180950165,0.10211207717657089,"[0.4430212676525116, 4.846658706665039]","[[0.0, 18.256439208984375], [18.256439208984375, 0.0]]","[0.8204118013381958, 0.2022370845079422]","[0.10211207717657089, 0.10211207717657089]","[[0.0, 0.10211207717657089], [0.10211207717657089, 0.0]]","[[0.0, 0.10211207717657089], [0.10211207717657089, 0.0]]","[0.7501682043075562, 0.3211847245693207]","[[0.0, 0.353127658367157], [0.353127658367157, 0.0]]",False,0.0,0.12172618508338928,10
mlange05.A,43.32427978515625,3.9097042083740234,0.31606796383857727,0.13186044991016388,"[0.5815157294273376, 4.593043804168701]","[[0.0, 16.12948226928711], [16.12948226928711, 0.0]]","[0.8191037178039551, 0.20517770946025848]","[0.13186044991016388, 0.13186044991016388]","[[0.0, 0.13186044991016388], [0.13186044991016388, 0.0]]","[[0.0, 0.13186044991016388], [0.13186044991016388, 0.0]]","[0.7310217022895813, 0.33042699098587036]","[[0.0, 0.4332427978515625], [0.4332427978515625, 0.0]]",False,0.0,0.16870194673538208,10
eceiiitn786.8s2,32.52099609375,4.978991985321045,0.19417066872119904,0.10808838903903961,"[2.672672748565674, 4.8467936515808105]","[[0.0, 16.284221649169922], [16.284221649169922, 0.0]]","[0.1376323699951172, 0.19537484645843506]","[0.10808838903903961, 0.10808838903903961]","[[0.0, 0.10808838903903961], [0.10808838903903961, 0.0]]","[[0.0, 0.10808838903903961], [0.10808838903903961, 0.0]]","[0.3522430956363678, 0.3229161500930786]","[[0.0, 0.32520997524261475], [0.32520997524261475, 0.0]]",False,0.0,0.12530484795570374,10
carson.vaux.Baker1_18,35.18773651123047,4.57850456237793,0.20025257766246796,0.14380836486816406,"[0.37197667360305786, 4.780966281890869]","[[0.0, 15.34080696105957], [15.34080696105957, 0.0]]","[0.876441478729248, 0.18787217140197754]","[0.14380836486816406, 0.14380836486816406]","[[0.0, 0.14380836486816406], [0.14380836486816406, 0.0]]","[[0.0, 0.14380836486816406], [0.14380836486816406, 0.0]]","[0.7445488572120667, 0.30876824259757996]","[[0.0, 0.351877361536026], [0.351877361536026, 0.0]]",False,0.0,0.15509721636772156,10
kerrding.seq7,35.04811096191406,4.520031929016113,0.21573282778263092,0.1356700211763382,"[0.9221442341804504, 4.490509986877441]","[[0.0, 15.252032279968262], [15.252032279968262, 0.0]]","[0.554603099822998, 0.2185380458831787]","[0.1356700211763382, 0.1356700211763382]","[[0.0, 0.1356700211763382], [0.1356700211763382, 0.0]]","[[0.0, 0.1356700211763382], [0.1356700211763382, 0.0]]","[0.5285332202911377, 0.3346269130706787]","[[0.0, 0.3504811227321625], [0.3504811227321625, 0.0]]",False,0.0,0.15168258547782898,10
ccalia.Paesani_Lab_design2,38.945804595947266,4.328647613525391,0.2168547809123993,0.1254884898662567,"[1.776397466659546, 4.644828796386719]","[[0.0, 15.68046760559082], [15.68046760559082, 0.0]]","[0.3606690764427185, 0.2042551338672638]","[0.1254884898662567, 0.1254884898662567]","[[0.0, 0.1254884898662567], [0.1254884898662567, 0.0]]","[[0.0, 0.1254884898662567], [0.1254884898662567, 0.0]]","[0.5223275423049927, 0.3343951106071472]","[[0.0, 0.3894580602645874], [0.3894580602645874, 0.0]]",False,0.0,0.1437617540359497,10
zhoup1366.DBZ1___A,33.49851608276367,4.840301036834717,0.2073815017938614,0.10849692672491074,"[3.748514175415039, 4.616903305053711]","[[0.0, 15.510963439941406], [15.510963439941406, 0.0]]","[0.19794340431690216, 0.21155522763729095]","[0.10849692672491074, 0.10849692672491074]","[[0.0, 0.10849692672491074], [0.10849692672491074, 0.0]]","[[0.0, 0.10849692672491074], [0.10849692672491074, 0.0]]","[0.3223479390144348, 0.3373866081237793]","[[0.0, 0.3349851667881012], [0.3349851667881012, 0.0]]",False,0.0,0.1282738447189331,10
zhoup1366.DBZ6___A,37.97895050048828,4.330466270446777,0.24426645040512085,0.13524296879768372,"[1.0672025680541992, 4.581347942352295]","[[0.0, 15.166139602661133], [15.166139602661133, 0.0]]","[0.7686886191368103, 0.204871267080307]","[0.13524296879768372, 0.13524296879768372]","[[0.0, 0.13524296879768372], [0.13524296879768372, 0.0]]","[[0.0, 0.13524296879768372], [0.13524296879768372, 0.0]]","[0.6499790549278259, 0.32855936884880066]","[[0.0, 0.3797895014286041], [0.3797895014286041, 0.0]]",False,0.0,0.15704765915870667,10
alejandro.corrochano-navarro.eng_scfv_binder_2,42.20729064941406,4.2495436668396,0.23280265927314758,0.22193588316440582,"[1.2964905500411987, 4.597443103790283]","[[0.0, 15.451096534729004], [15.451096534729004, 0.0]]","[0.4497219920158386, 0.20070722699165344]","[0.22193588316440582, 0.22193588316440582]","[[0.0, 0.22193588316440582], [0.22193588316440582, 0.0]]","[[0.0, 0.22193588316440582], [0.22193588316440582, 0.0]]","[0.6384782195091248, 0.3391922414302826]","[[0.0, 0.4220728874206543], [0.4220728874206543, 0.0]]",False,0.0,0.2241092324256897,10
alex.naka.Charmeleon,32.52994155883789,4.819954872131348,0.2006976157426834,0.11681902408599854,"[2.3965022563934326, 4.72178316116333]","[[0.0, 15.696876525878906], [15.696876525878906, 0.0]]","[0.20642662048339844, 0.20168176293373108]","[0.11681902408599854, 0.11681902408599854]","[[0.0, 0.11681902408599854], [0.11681902408599854, 0.0]]","[[0.0, 0.11681902408599854], [0.11681902408599854, 0.0]]","[0.35370007157325745, 0.3231394588947296]","[[0.0, 0.3252994120121002], [0.3252994120121002, 0.0]]",False,0.0,0.13359473645687103,10
tarkhov.andrey.Erithacus_rubecula_gigantus_9,36.03081512451172,4.993659973144531,0.20325492322444916,0.11812104284763336,"[3.773252487182617, 4.6855621337890625]","[[0.0, 15.967500686645508], [15.967500686645508, 0.0]]","[0.3033112585544586, 0.2100355625152588]","[0.11812104284763336, 0.11812104284763336]","[[0.0, 0.11812104284763336], [0.11812104284763336, 0.0]]","[[0.0, 0.11812104284763336], [0.11812104284763336, 0.0]]","[0.41996487975120544, 0.3368854224681854]","[[0.0, 0.36030814051628113], [0.36030814051628113, 0.0]]",False,0.0,0.135147824883461,10
alex.naka.Squirtle,33.52817153930664,4.812080383300781,0.19491983950138092,0.14828184247016907,"[1.9328148365020752, 4.715716361999512]","[[0.0, 15.710588455200195], [15.710588455200195, 0.0]]","[0.3232758343219757, 0.1964934915304184]","[0.14828184247016907, 0.14828184247016907]","[[0.0, 0.14828184247016907], [0.14828184247016907, 0.0]]","[[0.0, 0.14828184247016907], [0.14828184247016907, 0.0]]","[0.41393065452575684, 0.3286246359348297]","[[0.0, 0.33528169989585876], [0.33528169989585876, 0.0]]",False,0.0,0.15760944783687592,10
maxall4.EGFR_ED_BINDER_l134_s906486_mpnn2_model1_unrelaxed_rank_001_alphafold2_multimer_v3_model_1_seed_000_top1_mutation_G108S_round1_Chain_A,40.70935821533203,4.0696563720703125,0.27596673369407654,0.1530410349369049,"[0.420099675655365, 4.543498992919922]","[[0.0, 15.200942039489746], [15.200942039489746, 0.0]]","[0.8951265811920166, 0.209652841091156]","[0.1530410349369049, 0.1530410349369049]","[[0.0, 0.1530410349369049], [0.1530410349369049, 0.0]]","[[0.0, 0.1530410349369049], [0.1530410349369049, 0.0]]","[0.7510792016983032, 0.3266644775867462]","[[0.0, 0.4070935845375061], [0.4070935845375061, 0.0]]",False,0.0,0.17762617766857147,10
klima.jason.8HGO_design_vdcjs_1_2,36.90138244628906,4.435294151306152,0.21039392054080963,0.10642688721418381,"[2.020739793777466, 4.460295677185059]","[[0.0, 17.079753875732422], [17.079753875732422, 0.0]]","[0.49506011605262756, 0.2152893841266632]","[0.10642688721418381, 0.10642688721418381]","[[0.0, 0.10642688721418381], [0.10642688721418381, 0.0]]","[[0.0, 0.10642688721418381], [0.10642688721418381, 0.0]]","[0.49013108015060425, 0.3474699854850769]","[[0.0, 0.36901381611824036], [0.36901381611824036, 0.0]]",False,0.0,0.1272203028202057,10
maxall4.EGFR_ED_BINDER_l134_s906486_mpnn2_model1_unrelaxed_rank_001_alphafold2_multimer_v3_model_1_seed_000_top1_mutation_G108S_round1_Y80D_Chain_A,40.158592224121094,4.291385650634766,0.27341270446777344,0.188441202044487,"[0.4130244255065918, 4.807220458984375]","[[0.0, 15.552135467529297], [15.552135467529297, 0.0]]","[0.9007434248924255, 0.20276707410812378]","[0.188441202044487, 0.188441202044487]","[[0.0, 0.188441202044487], [0.188441202044487, 0.0]]","[[0.0, 0.188441202044487], [0.188441202044487, 0.0]]","[0.7721904516220093, 0.31524351239204407]","[[0.0, 0.4015859365463257], [0.4015859365463257, 0.0]]",False,0.0,0.20543549954891205,10
gitter.yolo48,34.623592376708984,4.508437156677246,0.20478568971157074,0.12866319715976715,"[0.9182774424552917, 4.640744686126709]","[[0.0, 13.934954643249512], [13.934954643249512, 0.0]]","[0.53205806016922, 0.20685847103595734]","[0.12866319715976715, 0.12866319715976715]","[[0.0, 0.12866319715976715], [0.12866319715976715, 0.0]]","[[0.0, 0.12866319715976715], [0.12866319715976715, 0.0]]","[0.5798205733299255, 0.3203962743282318]","[[0.0, 0.3462359309196472], [0.3462359309196472, 0.0]]",False,0.0,0.1438876986503601,10
markus.braun.egfr_binder_3,46.17604446411133,4.041409492492676,0.3580652177333832,0.12717171013355255,"[0.36255064606666565, 4.934246063232422]","[[0.0, 18.09873390197754], [18.09873390197754, 0.0]]","[0.8736111521720886, 0.1858634501695633]","[0.12717171013355255, 0.12717171013355255]","[[0.0, 0.12717171013355255], [0.12717171013355255, 0.0]]","[[0.0, 0.12717171013355255], [0.12717171013355255, 0.0]]","[0.8064983487129211, 0.3170182406902313]","[[0.0, 0.4617604613304138], [0.4617604613304138, 0.0]]",False,0.0,0.17335042357444763,10
ccalia.Paesani_Lab_design9,41.66419982910156,4.105910301208496,0.21956387162208557,0.16995327174663544,"[1.088912010192871, 4.494279384613037]","[[0.0, 15.609235763549805], [15.609235763549805, 0.0]]","[0.35725918412208557, 0.20246507227420807]","[0.16995327174663544, 0.16995327174663544]","[[0.0, 0.16995327174663544], [0.16995327174663544, 0.0]]","[[0.0, 0.16995327174663544], [0.16995327174663544, 0.0]]","[0.6135079264640808, 0.33431553840637207]","[[0.0, 0.4166420102119446], [0.4166420102119446, 0.0]]",False,0.0,0.17987540364265442,10
antorsae.TA_5_1,32.795101165771484,4.9413933753967285,0.1980673223733902,0.10781897604465485,"[1.8881127834320068, 4.85658073425293]","[[0.0, 15.119776725769043], [15.119776725769043, 0.0]]","[0.285861998796463, 0.19899404048919678]","[0.10781897604465485, 0.10781897604465485]","[[0.0, 0.10781897604465485], [0.10781897604465485, 0.0]]","[[0.0, 0.10781897604465485], [0.10781897604465485, 0.0]]","[0.40315040946006775, 0.323508083820343]","[[0.0, 0.32795101404190063], [0.32795101404190063, 0.0]]",False,0.0,0.12586864829063416,10
christoph.gruber.Binder12_1,35.151729583740234,4.641543865203857,0.1898212730884552,0.15778908133506775,"[1.3899357318878174, 4.767757415771484]","[[0.0, 16.894433975219727], [16.894433975219727, 0.0]]","[0.3741986155509949, 0.18405790627002716]","[0.15778908133506775, 0.15778908133506775]","[[0.0, 0.15778908133506775], [0.15778908133506775, 0.0]]","[[0.0, 0.15778908133506775], [0.15778908133506775, 0.0]]","[0.5266578197479248, 0.32473066449165344]","[[0.0, 0.35151728987693787], [0.35151728987693787, 0.0]]",False,0.0,0.16419552266597748,10
huiyu.cai.H3_15_2847_H,39.05345916748047,4.329896926879883,0.25426843762397766,0.12067239731550217,"[0.7503661513328552, 4.674349784851074]","[[0.0, 15.29163646697998], [15.29163646697998, 0.0]]","[0.8675699830055237, 0.20225213468074799]","[0.12067239731550217, 0.12067239731550217]","[[0.0, 0.12067239731550217], [0.12067239731550217, 0.0]]","[[0.0, 0.12067239731550217], [0.12067239731550217, 0.0]]","[0.7248140573501587, 0.32533156871795654]","[[0.0, 0.3905346095561981], [0.3905346095561981, 0.0]]",False,0.0,0.14739160239696503,10
allongoldberg.4_44_0_refined,39.978702545166016,4.269322395324707,0.27778419852256775,0.12587343156337738,"[0.44077664613723755, 4.784170627593994]","[[0.0, 14.881121635437012], [14.881121635437012, 0.0]]","[0.8892366886138916, 0.19554470479488373]","[0.12587343156337738, 0.12587343156337738]","[[0.0, 0.12587343156337738], [0.12587343156337738, 0.0]]","[[0.0, 0.12587343156337738], [0.12587343156337738, 0.0]]","[0.7558119893074036, 0.31147080659866333]","[[0.0, 0.399787038564682], [0.399787038564682, 0.0]]",False,0.0,0.1562555879354477,10
cchallacombe.1,36.02419662475586,4.461846828460693,0.2474750578403473,0.12322291731834412,"[1.3496129512786865, 4.748607635498047]","[[0.0, 14.819064140319824], [14.819064140319824, 0.0]]","[0.687804102897644, 0.19560189545154572]","[0.12322291731834412, 0.12322291731834412]","[[0.0, 0.12322291731834412], [0.12322291731834412, 0.0]]","[[0.0, 0.12322291731834412], [0.12322291731834412, 0.0]]","[0.5842229723930359, 0.31308063864707947]","[[0.0, 0.36024194955825806], [0.36024194955825806, 0.0]]",False,0.0,0.14807334542274475,10
begonia.sp.13.EGFR_l61_s456546_mpnn1_model1,36.49489974975586,4.680661201477051,0.19563935697078705,0.11130652576684952,"[0.39027443528175354, 4.8605451583862305]","[[0.0, 16.026601791381836], [16.026601791381836, 0.0]]","[0.8036630153656006, 0.1977870911359787]","[0.11130652576684952, 0.11130652576684952]","[[0.0, 0.11130652576684952], [0.11130652576684952, 0.0]]","[[0.0, 0.11130652576684952], [0.11130652576684952, 0.0]]","[0.7354350090026855, 0.3241202235221863]","[[0.0, 0.36494898796081543], [0.36494898796081543, 0.0]]",False,0.0,0.1281730830669403,10
qilin_y.test4,34.59803009033203,4.548218727111816,0.206682488322258,0.10849042236804962,"[2.379443407058716, 4.577136039733887]","[[0.0, 16.307180404663086], [16.307180404663086, 0.0]]","[0.4131975769996643, 0.2092197984457016]","[0.10849042236804962, 0.10849042236804962]","[[0.0, 0.10849042236804962], [0.10849042236804962, 0.0]]","[[0.0, 0.10849042236804962], [0.10849042236804962, 0.0]]","[0.45692571997642517, 0.3318942189216614]","[[0.0, 0.34598031640052795], [0.34598031640052795, 0.0]]",False,0.0,0.12812884151935577,10
colby.TUPEGFR_010___anti-EGFR_Fv-like_protein_diffused_with_EvoDiff,33.2105827331543,5.255165100097656,0.1969430148601532,0.11566735804080963,"[4.7259955406188965, 4.746854305267334]","[[0.0, 16.228620529174805], [16.228620529174805, 0.0]]","[0.27355629205703735, 0.19939222931861877]","[0.11566735804080963, 0.11566735804080963]","[[0.0, 0.11566735804080963], [0.11566735804080963, 0.0]]","[[0.0, 0.11566735804080963], [0.11566735804080963, 0.0]]","[0.33430054783821106, 0.3312440812587738]","[[0.0, 0.332105815410614], [0.332105815410614, 0.0]]",False,0.0,0.13192248344421387,10
mosquitolkfo.nAb_design_1,33.80437469482422,4.672855854034424,0.2062717080116272,0.1308049112558365,"[2.8579320907592773, 4.566009998321533]","[[0.0, 14.639656066894531], [14.639656066894531, 0.0]]","[0.3836732804775238, 0.20982477068901062]","[0.1308049112558365, 0.1308049112558365]","[[0.0, 0.1308049112558365], [0.1308049112558365, 0.0]]","[[0.0, 0.1308049112558365], [0.1308049112558365, 0.0]]","[0.4172813594341278, 0.32127654552459717]","[[0.0, 0.338043749332428], [0.338043749332428, 0.0]]",False,0.0,0.14589828252792358,10
jude.wells.21.6b3s_necitumumab_fused_trimmed_task_98_iter_184,33.79743576049805,5.1523637771606445,0.20047254860401154,0.11667929589748383,"[4.134287357330322, 4.885254383087158]","[[0.0, 15.670173645019531], [15.670173645019531, 0.0]]","[0.20046469569206238, 0.20584283769130707]","[0.11667929589748383, 0.11667929589748383]","[[0.0, 0.11667929589748383], [0.11667929589748383, 0.0]]","[[0.0, 0.11667929589748383], [0.11667929589748383, 0.0]]","[0.36245736479759216, 0.3286181390285492]","[[0.0, 0.33797433972358704], [0.33797433972358704, 0.0]]",False,0.0,0.13343794643878937,10
karmanyaaggarwal.DS003076,38.024173736572266,4.363753795623779,0.2566843032836914,0.19274964928627014,"[1.0484325885772705, 4.69068717956543]","[[0.0, 15.351781845092773], [15.351781845092773, 0.0]]","[0.76479572057724, 0.20323903858661652]","[0.19274964928627014, 0.19274964928627014]","[[0.0, 0.19274964928627014], [0.19274964928627014, 0.0]]","[[0.0, 0.19274964928627014], [0.19274964928627014, 0.0]]","[0.6285445690155029, 0.33092451095581055]","[[0.0, 0.380241721868515], [0.380241721868515, 0.0]]",False,0.0,0.20553657412528992,10
jude.wells.21.6b3s_necitumumab_fused_trimmed_task_211_iter_150,33.836822509765625,5.0879998207092285,0.19702820479869843,0.11411845684051514,"[4.0572509765625, 4.756143093109131]","[[0.0, 16.416221618652344], [16.416221618652344, 0.0]]","[0.1777045726776123, 0.20189893245697021]","[0.11411845684051514, 0.11411845684051514]","[[0.0, 0.11411845684051514], [0.11411845684051514, 0.0]]","[[0.0, 0.11411845684051514], [0.11411845684051514, 0.0]]","[0.3506850302219391, 0.33366912603378296]","[[0.0, 0.3383682370185852], [0.3383682370185852, 0.0]]",False,0.0,0.13070040941238403,10
akash.arunabharathi.design10,32.70069885253906,4.849833011627197,0.19342847168445587,0.11387591063976288,"[1.9807512760162354, 4.739105701446533]","[[0.0, 16.83557891845703], [16.83557891845703, 0.0]]","[0.2692842483520508, 0.19437053799629211]","[0.11387591063976288, 0.11387591063976288]","[[0.0, 0.11387591063976288], [0.11387591063976288, 0.0]]","[[0.0, 0.11387591063976288], [0.11387591063976288, 0.0]]","[0.4037894606590271, 0.321408748626709]","[[0.0, 0.327006995677948], [0.327006995677948, 0.0]]",False,0.0,0.1297864317893982,10
stocco.filippo.1.3.3.18_51_2_iteration3_1.0356664070457622,32.68599319458008,4.932584285736084,0.189637690782547,0.11111155897378922,"[2.4366211891174316, 4.864950656890869]","[[0.0, 16.408226013183594], [16.408226013183594, 0.0]]","[0.24745623767375946, 0.19069305062294006]","[0.11111155897378922, 0.11111155897378922]","[[0.0, 0.11111155897378922], [0.11111155897378922, 0.0]]","[[0.0, 0.11111155897378922], [0.11111155897378922, 0.0]]","[0.4058493375778198, 0.3196444511413574]","[[0.0, 0.3268599212169647], [0.3268599212169647, 0.0]]",False,0.0,0.1268167793750763,10
stocco.filippo.1.3.3.18_37_0_iteration3_1.024851931427025,35.540443420410156,4.466421127319336,0.20972754061222076,0.11259685456752777,"[1.8407455682754517, 4.357393264770508]","[[0.0, 15.572070121765137], [15.572070121765137, 0.0]]","[0.29191797971725464, 0.21178531646728516]","[0.11259685456752777, 0.11259685456752777]","[[0.0, 0.11259685456752777], [0.11259685456752777, 0.0]]","[[0.0, 0.11259685456752777], [0.11259685456752777, 0.0]]","[0.40445202589035034, 0.35161256790161133]","[[0.0, 0.35540443658828735], [0.35540443658828735, 0.0]]",False,0.0,0.13202299177646637,10
keaun.GIFGVVFKADIARVSIDVAIDYSTGYLGSLTTFSGCNQ,31.918224334716797,5.019229412078857,0.19982345402240753,0.1629832535982132,"[2.4490344524383545, 4.662327766418457]","[[0.0, 14.951797485351562], [14.951797485351562, 0.0]]","[0.15052556991577148, 0.20020820200443268]","[0.1629832535982132, 0.1629832535982132]","[[0.0, 0.1629832535982132], [0.1629832535982132, 0.0]]","[[0.0, 0.1629832535982132], [0.1629832535982132, 0.0]]","[0.2705388069152832, 0.32204604148864746]","[[0.0, 0.31918224692344666], [0.31918224692344666, 0.0]]",False,0.0,0.1703512966632843,10
nhaas.6,39.713768005371094,4.478479385375977,0.224811851978302,0.1648292988538742,"[1.9398880004882812, 4.572996139526367]","[[0.0, 16.580995559692383], [16.580995559692383, 0.0]]","[0.4115835428237915, 0.19722948968410492]","[0.1648292988538742, 0.1648292988538742]","[[0.0, 0.1648292988538742], [0.1648292988538742, 0.0]]","[[0.0, 0.1648292988538742], [0.1648292988538742, 0.0]]","[0.5536977648735046, 0.33629146218299866]","[[0.0, 0.39713767170906067], [0.39713767170906067, 0.0]]",False,0.0,0.17682582139968872,10
deepsatflow.6aru_final_chain_A_domain_3_l142_s806907_mpnn1,41.69709396362305,4.225094318389893,0.2730204463005066,0.1167704239487648,"[0.3990117907524109, 4.85605001449585]","[[0.0, 17.13439178466797], [17.13439178466797, 0.0]]","[0.9002103805541992, 0.19491098821163177]","[0.1167704239487648, 0.1167704239487648]","[[0.0, 0.1167704239487648], [0.1167704239487648, 0.0]]","[[0.0, 0.1167704239487648], [0.1167704239487648, 0.0]]","[0.8001644015312195, 0.3215137720108032]","[[0.0, 0.4169709384441376], [0.4169709384441376, 0.0]]",False,0.0,0.1480204313993454,10
chrisxushaoyong.hu_nano2_4_85252b,32.40674591064453,4.94271993637085,0.19649681448936462,0.10640542954206467,"[3.302217960357666, 4.839213848114014]","[[0.0, 15.804915428161621], [15.804915428161621, 0.0]]","[0.2828620970249176, 0.19974376261234283]","[0.10640542954206467, 0.10640542954206467]","[[0.0, 0.10640542954206467], [0.10640542954206467, 0.0]]","[[0.0, 0.10640542954206467], [0.10640542954206467, 0.0]]","[0.3813871443271637, 0.3122624456882477]","[[0.0, 0.32406744360923767], [0.32406744360923767, 0.0]]",False,0.0,0.12442371249198914,10
round1zeroshot.K5Q_N70S_K71R_N73T_S87T_N88D_R179K_K183R_E213D_S214P,33.39107131958008,5.249329566955566,0.20389342308044434,0.1172541081905365,"[4.698374271392822, 4.649453163146973]","[[0.0, 16.134634017944336], [16.134634017944336, 0.0]]","[0.15900380909442902, 0.20968900620937347]","[0.1172541081905365, 0.1172541081905365]","[[0.0, 0.1172541081905365], [0.1172541081905365, 0.0]]","[[0.0, 0.1172541081905365], [0.1172541081905365, 0.0]]","[0.31469279527664185, 0.34125083684921265]","[[0.0, 0.3339107036590576], [0.3339107036590576, 0.0]]",False,0.0,0.13458196818828583,10
aswini.seed2_1,32.806453704833984,4.913331985473633,0.19038096070289612,0.11989246308803558,"[3.038043737411499, 4.683578968048096]","[[0.0, 16.31000518798828], [16.31000518798828, 0.0]]","[0.13674919307231903, 0.19111065566539764]","[0.11989246308803558, 0.11989246308803558]","[[0.0, 0.11989246308803558], [0.11989246308803558, 0.0]]","[[0.0, 0.11989246308803558], [0.11989246308803558, 0.0]]","[0.3284018039703369, 0.3280363976955414]","[[0.0, 0.32806453108787537], [0.32806453108787537, 0.0]]",False,0.0,0.13399016857147217,10
kerrding.seq6,34.4036865234375,4.521208763122559,0.21563223004341125,0.13550743460655212,"[2.394331455230713, 4.376498222351074]","[[0.0, 14.651568412780762], [14.651568412780762, 0.0]]","[0.2147017866373062, 0.21736611425876617]","[0.13550743460655212, 0.13550743460655212]","[[0.0, 0.13550743460655212], [0.13550743460655212, 0.0]]","[[0.0, 0.13550743460655212], [0.13550743460655212, 0.0]]","[0.3472844660282135, 0.3437422215938568]","[[0.0, 0.34403684735298157], [0.34403684735298157, 0.0]]",False,0.0,0.1515323966741562,10
joel.rf_diffusion_trim_3,36.44819259643555,4.685214996337891,0.20790144801139832,0.3232818841934204,"[0.7647311687469482, 4.87306022644043]","[[0.0, 17.04010581970215], [17.04010581970215, 0.0]]","[0.6005734801292419, 0.18027089536190033]","[0.3232818841934204, 0.3232818841934204]","[[0.0, 0.3232818841934204], [0.3232818841934204, 0.0]]","[[0.0, 0.3232818841934204], [0.3232818841934204, 0.0]]","[0.6452826857566833, 0.32135874032974243]","[[0.0, 0.36448192596435547], [0.36448192596435547, 0.0]]",False,0.0,0.300205796957016,10
noah.holzleitner.Noah_EGFR-Binder_1,36.92939376831055,4.390832424163818,0.22009296715259552,0.5292072892189026,"[0.35628843307495117, 4.609755992889404]","[[0.0, 14.073458671569824], [14.073458671569824, 0.0]]","[0.8588842749595642, 0.20498526096343994]","[0.5292072892189026, 0.5292072892189026]","[[0.0, 0.5292072892189026], [0.5292072892189026, 0.0]]","[[0.0, 0.5292072892189026], [0.5292072892189026, 0.0]]","[0.7518674731254578, 0.32873615622520447]","[[0.0, 0.3692939281463623], [0.3692939281463623, 0.0]]",False,0.0,0.4673844277858734,10
julian.faust.Demupitamab_mpnn_19_scfv,42.09486389160156,4.288344860076904,0.24320535361766815,0.12872712314128876,"[1.2183568477630615, 4.669994354248047]","[[0.0, 16.021787643432617], [16.021787643432617, 0.0]]","[0.4859630763530731, 0.20240473747253418]","[0.12872712314128876, 0.12872712314128876]","[[0.0, 0.12872712314128876], [0.12872712314128876, 0.0]]","[[0.0, 0.12872712314128876], [0.12872712314128876, 0.0]]","[0.6769859194755554, 0.32433784008026123]","[[0.0, 0.4209486246109009], [0.4209486246109009, 0.0]]",False,0.0,0.15162277221679688,10
akash.arunabharathi.design3,33.49408721923828,4.785902976989746,0.18996639549732208,0.11142273247241974,"[1.544568419456482, 4.661833763122559]","[[0.0, 17.239179611206055], [17.239179611206055, 0.0]]","[0.3056519329547882, 0.1900189369916916]","[0.11142273247241974, 0.11142273247241974]","[[0.0, 0.11142273247241974], [0.11142273247241974, 0.0]]","[[0.0, 0.11142273247241974], [0.11142273247241974, 0.0]]","[0.42434996366500854, 0.3284033238887787]","[[0.0, 0.3349408805370331], [0.3349408805370331, 0.0]]",False,0.0,0.12713146209716797,10
noah.holzleitner.Noah_EGFR-Binder_8,34.96845626831055,4.511529922485352,0.1995568722486496,0.13384468853473663,"[0.4512608051300049, 4.658280849456787]","[[0.0, 16.192869186401367], [16.192869186401367, 0.0]]","[0.7839927673339844, 0.20161019265651703]","[0.13384468853473663, 0.13384468853473663]","[[0.0, 0.13384468853473663], [0.13384468853473663, 0.0]]","[[0.0, 0.13384468853473663], [0.13384468853473663, 0.0]]","[0.689010500907898, 0.31371158361434937]","[[0.0, 0.34968456625938416], [0.34968456625938416, 0.0]]",False,0.0,0.14698712527751923,10
alex.naka.Charizard,34.00205993652344,4.730255126953125,0.2104829102754593,0.11114690452814102,"[2.565624475479126, 4.5760979652404785]","[[0.0, 16.401941299438477], [16.401941299438477, 0.0]]","[0.1284404844045639, 0.21200883388519287]","[0.11114690452814102, 0.11114690452814102]","[[0.0, 0.11114690452814102], [0.11114690452814102, 0.0]]","[[0.0, 0.11114690452814102], [0.11114690452814102, 0.0]]","[0.3520885705947876, 0.3390977382659912]","[[0.0, 0.3400205969810486], [0.3400205969810486, 0.0]]",False,0.0,0.13101410865783691,10
bundit.b_s18.manbaritone_Seq6_EGFR-binder-70-100_beta_778_dldesign_0_Length71,36.51022720336914,4.544112682342529,0.20150959491729736,0.20101527869701385,"[0.636135995388031, 4.750050067901611]","[[0.0, 17.166563034057617], [17.166563034057617, 0.0]]","[0.7551841139793396, 0.20480301976203918]","[0.20101527869701385, 0.20101527869701385]","[[0.0, 0.20101527869701385], [0.20101527869701385, 0.0]]","[[0.0, 0.20101527869701385], [0.20101527869701385, 0.0]]","[0.7031343579292297, 0.3306121528148651]","[[0.0, 0.36510226130485535], [0.36510226130485535, 0.0]]",False,0.0,0.20111414790153503,10
duynth29.Duy_L111_mpnn14_I36M__L80M_L42M,38.567447662353516,4.379723072052002,0.25142449140548706,0.23186831176280975,"[0.4026741683483124, 4.716211318969727]","[[0.0, 15.456646919250488], [15.456646919250488, 0.0]]","[0.8947882056236267, 0.2027634233236313]","[0.23186831176280975, 0.23186831176280975]","[[0.0, 0.23186831176280975], [0.23186831176280975, 0.0]]","[[0.0, 0.23186831176280975], [0.23186831176280975, 0.0]]","[0.7559548020362854, 0.31709542870521545]","[[0.0, 0.38567447662353516], [0.38567447662353516, 0.0]]",False,0.0,0.2357795536518097,10
jude.wells.21.6b3s_necitumumab_fused_trimmed_task_89_iter_216,34.45317459106445,5.032284736633301,0.19484101235866547,0.13151653110980988,"[3.768273115158081, 4.769433975219727]","[[0.0, 16.102760314941406], [16.102760314941406, 0.0]]","[0.2079278975725174, 0.19926242530345917]","[0.13151653110980988, 0.13151653110980988]","[[0.0, 0.13151653110980988], [0.13151653110980988, 0.0]]","[[0.0, 0.13151653110980988], [0.13151653110980988, 0.0]]","[0.37783002853393555, 0.33187657594680786]","[[0.0, 0.34453174471855164], [0.34453174471855164, 0.0]]",False,0.0,0.14418143033981323,10
alan.blakely.16_2,43.72353744506836,4.187355041503906,0.2652151584625244,0.17827746272087097,"[1.2227267026901245, 4.6039557456970215]","[[0.0, 15.947525978088379], [15.947525978088379, 0.0]]","[0.5470048785209656, 0.20160464942455292]","[0.17827746272087097, 0.17827746272087097]","[[0.0, 0.17827746272087097], [0.17827746272087097, 0.0]]","[[0.0, 0.17827746272087097], [0.17827746272087097, 0.0]]","[0.689890444278717, 0.34100091457366943]","[[0.0, 0.43723538517951965], [0.43723538517951965, 0.0]]",False,0.0,0.19566501677036285,10
julian.faust.Pimurutamab_mpnn_17_scfv,42.99461364746094,4.204204559326172,0.3314421474933624,0.14610204100608826,"[1.030380368232727, 4.696131706237793]","[[0.0, 16.227991104125977], [16.227991104125977, 0.0]]","[0.7853150963783264, 0.20171116292476654]","[0.14610204100608826, 0.14610204100608826]","[[0.0, 0.14610204100608826], [0.14610204100608826, 0.0]]","[[0.0, 0.14610204100608826], [0.14610204100608826, 0.0]]","[0.7080482244491577, 0.32413557171821594]","[[0.0, 0.4299461245536804], [0.4299461245536804, 0.0]]",False,0.0,0.18317006528377533,10
alessio.daddio.AD_9,39.552955627441406,4.150315284729004,0.2800646126270294,0.13291387259960175,"[0.5491378903388977, 4.7267608642578125]","[[0.0, 16.788530349731445], [16.788530349731445, 0.0]]","[0.8488809466362, 0.19623415172100067]","[0.13291387259960175, 0.13291387259960175]","[[0.0, 0.13291387259960175], [0.13291387259960175, 0.0]]","[[0.0, 0.13291387259960175], [0.13291387259960175, 0.0]]","[0.7369229197502136, 0.319426029920578]","[[0.0, 0.395529568195343], [0.395529568195343, 0.0]]",False,0.0,0.16234402358531952,10
joaosartori2.c3,33.54829406738281,4.670193672180176,0.2049875408411026,0.11572352051734924,"[2.4925613403320312, 4.467316627502441]","[[0.0, 15.05307388305664], [15.05307388305664, 0.0]]","[0.23356376588344574, 0.20666322112083435]","[0.11572352051734924, 0.11572352051734924]","[[0.0, 0.11572352051734924], [0.11572352051734924, 0.0]]","[[0.0, 0.11572352051734924], [0.11572352051734924, 0.0]]","[0.3521718382835388, 0.3339199721813202]","[[0.0, 0.33548295497894287], [0.33548295497894287, 0.0]]",False,0.0,0.13357633352279663,10
toluwase.fatoki.Toluwase_Sequence3_119,32.94881057739258,4.857520580291748,0.19129185378551483,0.11515302956104279,"[2.6410396099090576, 4.659139633178711]","[[0.0, 16.591228485107422], [16.591228485107422, 0.0]]","[0.17328788340091705, 0.19362719357013702]","[0.11515302956104279, 0.11515302956104279]","[[0.0, 0.11515302956104279], [0.11515302956104279, 0.0]]","[[0.0, 0.11515302956104279], [0.11515302956104279, 0.0]]","[0.35424497723579407, 0.324379026889801]","[[0.0, 0.3294880986213684], [0.3294880986213684, 0.0]]",False,0.0,0.1303807944059372,10
elian.elian3,35.99174118041992,4.474425315856934,0.21979501843452454,0.26768267154693604,"[0.8380999565124512, 4.672247409820557]","[[0.0, 15.429876327514648], [15.429876327514648, 0.0]]","[0.6070970296859741, 0.20748545229434967]","[0.26768267154693604, 0.26768267154693604]","[[0.0, 0.26768267154693604], [0.26768267154693604, 0.0]]","[[0.0, 0.26768267154693604], [0.26768267154693604, 0.0]]","[0.622322142124176, 0.31780511140823364]","[[0.0, 0.35991740226745605], [0.35991740226745605, 0.0]]",False,0.0,0.2581051290035248,10
rohith.mohan.model_67_69_2,35.89362335205078,4.539258003234863,0.20850619673728943,0.10798464715480804,"[0.8932756185531616, 4.633266925811768]","[[0.0, 16.830718994140625], [16.830718994140625, 0.0]]","[0.3972920775413513, 0.21069656312465668]","[0.10798464715480804, 0.10798464715480804]","[[0.0, 0.10798464715480804], [0.10798464715480804, 0.0]]","[[0.0, 0.10798464715480804], [0.10798464715480804, 0.0]]","[0.5970844030380249, 0.33628398180007935]","[[0.0, 0.35893625020980835], [0.35893625020980835, 0.0]]",False,0.0,0.12808895111083984,10
kerrding.seq5,34.95204162597656,4.426386833190918,0.21762040257453918,0.14503522217273712,"[1.9560410976409912, 4.30295991897583]","[[0.0, 14.43968391418457], [14.43968391418457, 0.0]]","[0.3235456347465515, 0.22103655338287354]","[0.14503522217273712, 0.14503522217273712]","[[0.0, 0.14503522217273712], [0.14503522217273712, 0.0]]","[[0.0, 0.14503522217273712], [0.14503522217273712, 0.0]]","[0.3791534900665283, 0.3468756079673767]","[[0.0, 0.34952041506767273], [0.34952041506767273, 0.0]]",False,0.0,0.15955226123332977,10
coreyhowe99.corey82,34.99660110473633,4.668957233428955,0.19984127581119537,0.2927207350730896,"[0.3792961835861206, 4.7615485191345215]","[[0.0, 16.47827911376953], [16.47827911376953, 0.0]]","[0.7727432250976562, 0.20209082961082458]","[0.2927207350730896, 0.2927207350730896]","[[0.0, 0.2927207350730896], [0.2927207350730896, 0.0]]","[[0.0, 0.2927207350730896], [0.2927207350730896, 0.0]]","[0.6902744770050049, 0.320662260055542]","[[0.0, 0.34996601939201355], [0.34996601939201355, 0.0]]",False,0.0,0.27414485812187195,10
akash.arunabharathi.design8,38.94669723510742,4.1630964279174805,0.20066183805465698,0.1137876957654953,"[1.450831651687622, 4.2778544425964355]","[[0.0, 16.745304107666016], [16.745304107666016, 0.0]]","[0.4048631191253662, 0.2041015326976776]","[0.1137876957654953, 0.1137876957654953]","[[0.0, 0.1137876957654953], [0.1137876957654953, 0.0]]","[[0.0, 0.1137876957654953], [0.1137876957654953, 0.0]]","[0.574629545211792, 0.3466774821281433]","[[0.0, 0.3894669711589813], [0.3894669711589813, 0.0]]",False,0.0,0.13116252422332764,10
paulafcfranklin.synth_rosetta_6,32.15373992919922,5.105504035949707,0.18697097897529602,0.1063462421298027,"[2.9460866451263428, 4.948939323425293]","[[0.0, 15.980229377746582], [15.980229377746582, 0.0]]","[0.11714544147253036, 0.18791864812374115]","[0.1063462421298027, 0.1063462421298027]","[[0.0, 0.1063462421298027], [0.1063462421298027, 0.0]]","[[0.0, 0.1063462421298027], [0.1063462421298027, 0.0]]","[0.33017879724502563, 0.3207046091556549]","[[0.0, 0.32153740525245667], [0.32153740525245667, 0.0]]",False,0.0,0.12247119098901749,10
allongoldberg.3_52_10_refined_IDEAL,36.74657440185547,4.561309337615967,0.19964288175106049,0.11032333225011826,"[0.7626028656959534, 4.6955695152282715]","[[0.0, 17.65121078491211], [17.65121078491211, 0.0]]","[0.5774086713790894, 0.20193640887737274]","[0.11032333225011826, 0.11032333225011826]","[[0.0, 0.11032333225011826], [0.11032333225011826, 0.0]]","[[0.0, 0.11032333225011826], [0.11032333225011826, 0.0]]","[0.6638379693031311, 0.33766084909439087]","[[0.0, 0.3674657344818115], [0.3674657344818115, 0.0]]",False,0.0,0.12818723917007446,10
alecl.unrelaxedA,31.61979866027832,5.011775970458984,0.19933480024337769,0.11517591774463654,"[2.915694236755371, 4.755932331085205]","[[0.0, 15.486616134643555], [15.486616134643555, 0.0]]","[0.13978242874145508, 0.19950811564922333]","[0.11517591774463654, 0.11517591774463654]","[[0.0, 0.11517591774463654], [0.11517591774463654, 0.0]]","[[0.0, 0.11517591774463654], [0.11517591774463654, 0.0]]","[0.30684274435043335, 0.31694871187210083]","[[0.0, 0.3161979913711548], [0.3161979913711548, 0.0]]",False,0.0,0.1320076882839203,10
cameron.kroll.Gertrude_gen3_S69D_N61E,41.49420928955078,4.098483085632324,0.28071698546409607,0.14020369946956635,"[0.3745167553424835, 4.750667572021484]","[[0.0, 17.09609603881836], [17.09609603881836, 0.0]]","[0.8962892889976501, 0.19453373551368713]","[0.14020369946956635, 0.14020369946956635]","[[0.0, 0.14020369946956635], [0.14020369946956635, 0.0]]","[[0.0, 0.14020369946956635], [0.14020369946956635, 0.0]]","[0.7985527515411377, 0.3184165060520172]","[[0.0, 0.41494208574295044], [0.41494208574295044, 0.0]]",False,0.0,0.168306365609169,10
flowuenne.nf-proteindesign_design8,33.999298095703125,4.784298419952393,0.19019897282123566,0.10308283567428589,"[0.35883191227912903, 4.79982328414917]","[[0.0, 17.854108810424805], [17.854108810424805, 0.0]]","[0.567927896976471, 0.19154897332191467]","[0.10308283567428589, 0.10308283567428589]","[[0.0, 0.10308283567428589], [0.10308283567428589, 0.0]]","[[0.0, 0.10308283567428589], [0.10308283567428589, 0.0]]","[0.6291355490684509, 0.3167307376861572]","[[0.0, 0.3399929702281952], [0.3399929702281952, 0.0]]",False,0.0,0.12050606310367584,10
bundit.b_s18.manbaritone_Seq3_EGFR-binder-70-100_beta_303_dldesign_6_Lenght71,36.88969421386719,4.5179643630981445,0.19985513389110565,0.12815243005752563,"[0.40221962332725525, 4.739939212799072]","[[0.0, 17.967588424682617], [17.967588424682617, 0.0]]","[0.8655043244361877, 0.20292966067790985]","[0.12815243005752563, 0.12815243005752563]","[[0.0, 0.12815243005752563], [0.12815243005752563, 0.0]]","[[0.0, 0.12815243005752563], [0.12815243005752563, 0.0]]","[0.7672688364982605, 0.3246612548828125]","[[0.0, 0.3688969612121582], [0.3688969612121582, 0.0]]",False,0.0,0.14249297976493835,10
deepsatflow.6aru_final_chain_A_domain_3_l147_s945609_mpnn1,41.2876091003418,4.0902862548828125,0.29384341835975647,0.13227693736553192,"[0.363022118806839, 4.7612762451171875]","[[0.0, 15.181571006774902], [15.181571006774902, 0.0]]","[0.9313647150993347, 0.20005373656749725]","[0.13227693736553192, 0.13227693736553192]","[[0.0, 0.13227693736553192], [0.13227693736553192, 0.0]]","[[0.0, 0.13227693736553192], [0.13227693736553192, 0.0]]","[0.8067491054534912, 0.31442850828170776]","[[0.0, 0.41287609934806824], [0.41287609934806824, 0.0]]",False,0.0,0.1645902395248413,10
wtj19921231.egfr_binder_design_208_dldesign_0_cycle1_run5_af2pred.pdb_A,35.755027770996094,4.594087600708008,0.20006398856639862,0.10736261308193207,"[0.6146830320358276, 4.62706184387207]","[[0.0, 18.105220794677734], [18.105220794677734, 0.0]]","[0.3985685408115387, 0.20214354991912842]","[0.10736261308193207, 0.10736261308193207]","[[0.0, 0.10736261308193207], [0.10736261308193207, 0.0]]","[[0.0, 0.10736261308193207], [0.10736261308193207, 0.0]]","[0.5896360278129578, 0.33785730600357056]","[[0.0, 0.3575502932071686], [0.3575502932071686, 0.0]]",False,0.0,0.12590289115905762,10
julie.ryfqy,35.297115325927734,4.613361358642578,0.193454772233963,0.10681779682636261,"[0.35346877574920654, 4.764578342437744]","[[0.0, 17.8968448638916], [17.8968448638916, 0.0]]","[0.8728698492050171, 0.1951686590909958]","[0.10681779682636261, 0.10681779682636261]","[[0.0, 0.10681779682636261], [0.10681779682636261, 0.0]]","[[0.0, 0.10681779682636261], [0.10681779682636261, 0.0]]","[0.7690036296844482, 0.3198489844799042]","[[0.0, 0.3529711663722992], [0.3529711663722992, 0.0]]",False,0.0,0.12414519488811493,10
kurumida.yoichi.mg_05,35.111228942871094,4.722370624542236,0.1962408870458603,0.13587164878845215,"[0.4750531315803528, 4.807875156402588]","[[0.0, 17.065940856933594], [17.065940856933594, 0.0]]","[0.7412527799606323, 0.19793760776519775]","[0.13587164878845215, 0.13587164878845215]","[[0.0, 0.13587164878845215], [0.13587164878845215, 0.0]]","[[0.0, 0.13587164878845215], [0.13587164878845215, 0.0]]","[0.6995409727096558, 0.3229343295097351]","[[0.0, 0.3511122763156891], [0.3511122763156891, 0.0]]",False,0.0,0.14794549345970154,10
binom16.pocket1pep15,34.279911041259766,4.741086006164551,0.196019247174263,0.11477171629667282,"[0.7394682765007019, 4.649355888366699]","[[0.0, 17.685956954956055], [17.685956954956055, 0.0]]","[0.11088831722736359, 0.19611825048923492]","[0.11477171629667282, 0.11477171629667282]","[[0.0, 0.11477171629667282], [0.11477171629667282, 0.0]]","[[0.0, 0.11477171629667282], [0.11477171629667282, 0.0]]","[0.46806278824806213, 0.3395448327064514]","[[0.0, 0.3427991271018982], [0.3427991271018982, 0.0]]",False,0.0,0.13102121651172638,10
tim.silica_corpora_sampled_epitope_0_generated_variant_8_rank_1_phase_2,35.32582092285156,4.566919803619385,0.22593291103839874,0.13324417173862457,"[1.5297009944915771, 4.655095100402832]","[[0.0, 15.57076644897461], [15.57076644897461, 0.0]]","[0.6395071148872375, 0.19937700033187866]","[0.13324417173862457, 0.13324417173862457]","[[0.0, 0.13324417173862457], [0.13324417173862457, 0.0]]","[[0.0, 0.13324417173862457], [0.13324417173862457, 0.0]]","[0.5450165867805481, 0.31661802530288696]","[[0.0, 0.3532581925392151], [0.3532581925392151, 0.0]]",False,0.0,0.15178191661834717,10
tarkhov.andrey.Erithacus_rubecula_gigantus_1,33.754642486572266,4.8354082107543945,0.20983608067035675,0.12429958581924438,"[3.7374043464660645, 4.583044052124023]","[[0.0, 15.518404006958008], [15.518404006958008, 0.0]]","[0.30600491166114807, 0.205766499042511]","[0.12429958581924438, 0.12429958581924438]","[[0.0, 0.12429958581924438], [0.12429958581924438, 0.0]]","[[0.0, 0.12429958581924438], [0.12429958581924438, 0.0]]","[0.35806626081466675, 0.32951563596725464]","[[0.0, 0.3375464379787445], [0.3375464379787445, 0.0]]",False,0.0,0.14140689373016357,10
jvogt4.vogt_scFV_2279,37.571571350097656,4.873703956604004,0.21339178085327148,0.175241619348526,"[3.643585443496704, 4.557626247406006]","[[0.0, 15.863625526428223], [15.863625526428223, 0.0]]","[0.3564281463623047, 0.2060355693101883]","[0.175241619348526, 0.175241619348526]","[[0.0, 0.175241619348526], [0.175241619348526, 0.0]]","[[0.0, 0.175241619348526], [0.175241619348526, 0.0]]","[0.4916849732398987, 0.331543892621994]","[[0.0, 0.3757157325744629], [0.3757157325744629, 0.0]]",False,0.0,0.18287165462970734,10
antorsae.ta397unsafety_2,34.45703887939453,4.570279121398926,0.2059100866317749,0.11739000678062439,"[1.6104044914245605, 4.428592205047607]","[[0.0, 15.725471496582031], [15.725471496582031, 0.0]]","[0.3515867292881012, 0.206623375415802]","[0.11739000678062439, 0.11739000678062439]","[[0.0, 0.11739000678062439], [0.11739000678062439, 0.0]]","[[0.0, 0.11739000678062439], [0.11739000678062439, 0.0]]","[0.39989399909973145, 0.3413480818271637]","[[0.0, 0.3445703983306885], [0.3445703983306885, 0.0]]",False,0.0,0.13509401679039001,10
merlettaia.seq70v3,36.476383209228516,4.502857208251953,0.24521797895431519,0.1195349246263504,"[0.9904886484146118, 4.785555839538574]","[[0.0, 15.203276634216309], [15.203276634216309, 0.0]]","[0.7773651480674744, 0.1949755698442459]","[0.1195349246263504, 0.1195349246263504]","[[0.0, 0.1195349246263504], [0.1195349246263504, 0.0]]","[[0.0, 0.1195349246263504], [0.1195349246263504, 0.0]]","[0.6489210724830627, 0.31118297576904297]","[[0.0, 0.3647638261318207], [0.3647638261318207, 0.0]]",False,0.0,0.14467152953147888,10
biolucasmachado.engineered_binder_9,33.73251724243164,4.672922134399414,0.21256595849990845,0.12044776231050491,"[2.353355646133423, 4.503158092498779]","[[0.0, 13.770391464233398], [13.770391464233398, 0.0]]","[0.25946512818336487, 0.213210791349411]","[0.12044776231050491, 0.12044776231050491]","[[0.0, 0.12044776231050491], [0.12044776231050491, 0.0]]","[[0.0, 0.12044776231050491], [0.12044776231050491, 0.0]]","[0.35375672578811646, 0.3360203802585602]","[[0.0, 0.33732515573501587], [0.33732515573501587, 0.0]]",False,0.0,0.13887140154838562,10
x.rustamov.traj_6_1_model_1_8,35.62916946411133,4.508588790893555,0.21567721664905548,0.13329818844795227,"[1.9884347915649414, 4.639445781707764]","[[0.0, 15.641304016113281], [15.641304016113281, 0.0]]","[0.5047118067741394, 0.19473940134048462]","[0.13329818844795227, 0.13329818844795227]","[[0.0, 0.13329818844795227], [0.13329818844795227, 0.0]]","[[0.0, 0.13329818844795227], [0.13329818844795227, 0.0]]","[0.5200466513633728, 0.32551684975624084]","[[0.0, 0.35629168152809143], [0.35629168152809143, 0.0]]",False,0.0,0.1497740000486374,10
chenceshi1105.steven_binder_design_l82_s44755_it100_mpnn6,36.615509033203125,4.491347312927246,0.21459105610847473,0.15330301225185394,"[0.34195271134376526, 4.712316036224365]","[[0.0, 16.799015045166016], [16.799015045166016, 0.0]]","[0.8875285387039185, 0.20256762206554413]","[0.15330301225185394, 0.15330301225185394]","[[0.0, 0.15330301225185394], [0.15330301225185394, 0.0]]","[[0.0, 0.15330301225185394], [0.15330301225185394, 0.0]]","[0.7748731374740601, 0.31417691707611084]","[[0.0, 0.36615508794784546], [0.36615508794784546, 0.0]]",False,0.0,0.16556063294410706,10
tadaskluonis.cotimed_egf_BCseq_0,33.72793960571289,4.764113903045654,0.2124418467283249,0.1784093677997589,"[2.279442548751831, 4.399018287658691]","[[0.0, 14.56787395477295], [14.56787395477295, 0.0]]","[0.12899933755397797, 0.21045686304569244]","[0.1784093677997589, 0.1784093677997589]","[[0.0, 0.1784093677997589], [0.1784093677997589, 0.0]]","[[0.0, 0.1784093677997589], [0.1784093677997589, 0.0]]","[0.26398271322250366, 0.3432377278804779]","[[0.0, 0.33727940917015076], [0.33727940917015076, 0.0]]",False,0.0,0.18521586060523987,10
aureliabustos.wwt_noised_I_scaffold_shorted_var6640,32.27330017089844,4.8907270431518555,0.19686581194400787,0.11078088730573654,"[2.2144935131073, 4.798482418060303]","[[0.0, 16.51444435119629], [16.51444435119629, 0.0]]","[0.23746000230312347, 0.1972716599702835]","[0.11078088730573654, 0.11078088730573654]","[[0.0, 0.11078088730573654], [0.11078088730573654, 0.0]]","[[0.0, 0.11078088730573654], [0.11078088730573654, 0.0]]","[0.3934442102909088, 0.31685155630111694]","[[0.0, 0.3227330148220062], [0.3227330148220062, 0.0]]",False,0.0,0.12799787521362305,10
akash.arunabharathi.design4,38.4443359375,4.264213562011719,0.1969820111989975,0.11295772343873978,"[1.1074328422546387, 4.438061237335205]","[[0.0, 17.810997009277344], [17.810997009277344, 0.0]]","[0.4189160168170929, 0.20047540962696075]","[0.11295772343873978, 0.11295772343873978]","[[0.0, 0.11295772343873978], [0.11295772343873978, 0.0]]","[[0.0, 0.11295772343873978], [0.11295772343873978, 0.0]]","[0.5852720737457275, 0.3383701741695404]","[[0.0, 0.38444337248802185], [0.38444337248802185, 0.0]]",False,0.0,0.12976257503032684,10
alex.naka.Blastoise,34.376708984375,4.635162353515625,0.20535439252853394,0.11416172981262207,"[2.424499034881592, 4.508481025695801]","[[0.0, 15.707074165344238], [15.707074165344238, 0.0]]","[0.2587585747241974, 0.20762376487255096]","[0.11416172981262207, 0.11416172981262207]","[[0.0, 0.11416172981262207], [0.11416172981262207, 0.0]]","[[0.0, 0.11416172981262207], [0.11416172981262207, 0.0]]","[0.37180373072624207, 0.34118252992630005]","[[0.0, 0.34376707673072815], [0.34376707673072815, 0.0]]",False,0.0,0.1324002742767334,10
x.rustamov.traj_11_8_model_5_0,37.13718795776367,4.374952793121338,0.2211848944425583,0.11466029286384583,"[1.4763180017471313, 4.614494800567627]","[[0.0, 16.169994354248047], [16.169994354248047, 0.0]]","[0.5932316184043884, 0.20198069512844086]","[0.11466029286384583, 0.11466029286384583]","[[0.0, 0.11466029286384583], [0.11466029286384583, 0.0]]","[[0.0, 0.11466029286384583], [0.11466029286384583, 0.0]]","[0.5751153826713562, 0.33423441648483276]","[[0.0, 0.371371865272522], [0.371371865272522, 0.0]]",False,0.0,0.13596521317958832,10
chuh.EGFR_Seg2_l62_s244475_mpnn4,35.76324462890625,4.4657697677612305,0.21343916654586792,0.3753681182861328,"[0.36682388186454773, 4.61164665222168]","[[0.0, 13.897599220275879], [13.897599220275879, 0.0]]","[0.8427228927612305, 0.20495735108852386]","[0.3753681182861328, 0.3753681182861328]","[[0.0, 0.3753681182861328], [0.3753681182861328, 0.0]]","[[0.0, 0.3753681182861328], [0.3753681182861328, 0.0]]","[0.6954241394996643, 0.3218221664428711]","[[0.0, 0.35763245820999146], [0.35763245820999146, 0.0]]",False,0.0,0.34298232197761536,10
fernando.meireles.design_hybrid_partial_diff_9_54_binder,37.78684616088867,4.332376480102539,0.19550982117652893,0.11860288679599762,"[0.5760950446128845, 4.661283016204834]","[[0.0, 16.33035659790039], [16.33035659790039, 0.0]]","[0.5471841096878052, 0.19434253871440887]","[0.11860288679599762, 0.11860288679599762]","[[0.0, 0.11860288679599762], [0.11860288679599762, 0.0]]","[[0.0, 0.11860288679599762], [0.11860288679599762, 0.0]]","[0.7040248513221741, 0.3226548433303833]","[[0.0, 0.3778684437274933], [0.3778684437274933, 0.0]]",False,0.0,0.1339842677116394,10
tadej.satler.egfr_binder_3,39.32140350341797,4.354959011077881,0.26163437962532043,0.18031471967697144,"[0.3696499764919281, 4.800774574279785]","[[0.0, 16.696739196777344], [16.696739196777344, 0.0]]","[0.9132128953933716, 0.19287535548210144]","[0.18031471967697144, 0.18031471967697144]","[[0.0, 0.18031471967697144], [0.18031471967697144, 0.0]]","[[0.0, 0.18031471967697144], [0.18031471967697144, 0.0]]","[0.7775963544845581, 0.3141310214996338]","[[0.0, 0.39321404695510864], [0.39321404695510864, 0.0]]",False,0.0,0.19657865166664124,10
antorsae.TA_4_4,35.30244445800781,4.516088962554932,0.20563702285289764,0.1076117530465126,"[1.9677040576934814, 4.435978412628174]","[[0.0, 15.714496612548828], [15.714496612548828, 0.0]]","[0.27673858404159546, 0.20687387883663177]","[0.1076117530465126, 0.1076117530465126]","[[0.0, 0.1076117530465126], [0.1076117530465126, 0.0]]","[[0.0, 0.1076117530465126], [0.1076117530465126, 0.0]]","[0.41751474142074585, 0.3494844436645508]","[[0.0, 0.3530244529247284], [0.3530244529247284, 0.0]]",False,0.0,0.12721681594848633,10
biolucasmachado.engineered_binder_7,34.30780029296875,4.650950908660889,0.207271009683609,0.11025576293468475,"[2.4696009159088135, 4.431413650512695]","[[0.0, 15.796952247619629], [15.796952247619629, 0.0]]","[0.2845623791217804, 0.2085900753736496]","[0.11025576293468475, 0.11025576293468475]","[[0.0, 0.11025576293468475], [0.11025576293468475, 0.0]]","[[0.0, 0.11025576293468475], [0.11025576293468475, 0.0]]","[0.34618622064590454, 0.34280186891555786]","[[0.0, 0.34307798743247986], [0.34307798743247986, 0.0]]",False,0.0,0.12965881824493408,10
paulafcfranklin.synth_rosetta_2,32.44478225708008,4.996472358703613,0.19163334369659424,0.10669016093015671,"[2.897113084793091, 4.8112945556640625]","[[0.0, 16.486190795898438], [16.486190795898438, 0.0]]","[0.19179105758666992, 0.192520871758461]","[0.10669016093015671, 0.10669016093015671]","[[0.0, 0.10669016093015671], [0.10669016093015671, 0.0]]","[[0.0, 0.10669016093015671], [0.10669016093015671, 0.0]]","[0.36260688304901123, 0.32119399309158325]","[[0.0, 0.3244478404521942], [0.3244478404521942, 0.0]]",False,0.0,0.12367880344390869,10
tadaskluonis.cotimed_egf_BCseq_1,34.660945892333984,4.664507865905762,0.2036658227443695,0.11448609828948975,"[2.3523080348968506, 4.430939197540283]","[[0.0, 16.547191619873047], [16.547191619873047, 0.0]]","[0.18600787222385406, 0.20452171564102173]","[0.11448609828948975, 0.11448609828948975]","[[0.0, 0.11448609828948975], [0.11448609828948975, 0.0]]","[[0.0, 0.11448609828948975], [0.11448609828948975, 0.0]]","[0.32873108983039856, 0.3479766547679901]","[[0.0, 0.3466094732284546], [0.3466094732284546, 0.0]]",False,0.0,0.1323220431804657,10
zalavi.zalavi3_GGG_shortpacesa,44.00214767456055,3.890791416168213,0.2910633385181427,0.162763312458992,"[0.6497386693954468, 4.767723560333252]","[[0.0, 16.95964241027832], [16.95964241027832, 0.0]]","[0.6546842455863953, 0.19244055449962616]","[0.162763312458992, 0.162763312458992]","[[0.0, 0.162763312458992], [0.162763312458992, 0.0]]","[[0.0, 0.162763312458992], [0.162763312458992, 0.0]]","[0.7376615405082703, 0.3246571123600006]","[[0.0, 0.44002148509025574], [0.44002148509025574, 0.0]]",False,0.0,0.18842332065105438,10
jude.wells.21.panitumumab_fused_trimmed_crossbreed3,32.71398162841797,5.220118522644043,0.20273903012275696,0.11597330123186111,"[4.7140069007873535, 4.725697994232178]","[[0.0, 16.631107330322266], [16.631107330322266, 0.0]]","[0.20087705552577972, 0.20816580951213837]","[0.11597330123186111, 0.11597330123186111]","[[0.0, 0.11597330123186111], [0.11597330123186111, 0.0]]","[[0.0, 0.11597330123186111], [0.11597330123186111, 0.0]]","[0.31440460681915283, 0.3319372236728668]","[[0.0, 0.32713982462882996], [0.32713982462882996, 0.0]]",False,0.0,0.133326455950737,10
cameron.kroll.Gertrude_gen3,41.81896209716797,4.112305641174316,0.2835392951965332,0.19904561340808868,"[0.3706904947757721, 4.7723259925842285]","[[0.0, 17.544795989990234], [17.544795989990234, 0.0]]","[0.8982201218605042, 0.19756433367729187]","[0.19904561340808868, 0.19904561340808868]","[[0.0, 0.19904561340808868], [0.19904561340808868, 0.0]]","[[0.0, 0.19904561340808868], [0.19904561340808868, 0.0]]","[0.8058550357818604, 0.3208874762058258]","[[0.0, 0.4181896150112152], [0.4181896150112152, 0.0]]",False,0.0,0.2159443497657776,10
julian.faust.Pimurutamab_mpnn_18_scfv,43.034976959228516,4.195486545562744,0.3257398307323456,0.1290379762649536,"[1.079337477684021, 4.75343656539917]","[[0.0, 15.20943832397461], [15.20943832397461, 0.0]]","[0.7559584379196167, 0.19649748504161835]","[0.1290379762649536, 0.1290379762649536]","[[0.0, 0.1290379762649536], [0.1290379762649536, 0.0]]","[[0.0, 0.1290379762649536], [0.1290379762649536, 0.0]]","[0.7202714681625366, 0.32016369700431824]","[[0.0, 0.43034976720809937], [0.43034976720809937, 0.0]]",False,0.0,0.16837835311889648,10
amirmhosseini47.mohammad_seq2,33.944705963134766,4.824867248535156,0.19247546792030334,0.11413311213254929,"[2.6942591667175293, 4.5875020027160645]","[[0.0, 16.213743209838867], [16.213743209838867, 0.0]]","[0.23535212874412537, 0.19344019889831543]","[0.11413311213254929, 0.11413311213254929]","[[0.0, 0.11413311213254929], [0.11413311213254929, 0.0]]","[[0.0, 0.11413311213254929], [0.11413311213254929, 0.0]]","[0.3921000063419342, 0.3336445391178131]","[[0.0, 0.3394470512866974], [0.3394470512866974, 0.0]]",False,0.0,0.12980158627033234,10
s1995825.timed_egf_netsolp_usability_consensus_1,36.4789924621582,4.353628635406494,0.21225839853286743,0.10901742428541183,"[2.260578155517578, 4.212320327758789]","[[0.0, 15.292153358459473], [15.292153358459473, 0.0]]","[0.25289419293403625, 0.214070126414299]","[0.10901742428541183, 0.10901742428541183]","[[0.0, 0.10901742428541183], [0.10901742428541183, 0.0]]","[[0.0, 0.10901742428541183], [0.10901742428541183, 0.0]]","[0.3806299567222595, 0.3635653257369995]","[[0.0, 0.3647899329662323], [0.3647899329662323, 0.0]]",False,0.0,0.12966561317443848,10
allongoldberg.4_44_14_refined_IDEAL,40.71637725830078,4.189885139465332,0.27426502108573914,0.12255969643592834,"[0.44725582003593445, 4.729070663452148]","[[0.0, 15.76891803741455], [15.76891803741455, 0.0]]","[0.8761907815933228, 0.1964229792356491]","[0.12255969643592834, 0.12255969643592834]","[[0.0, 0.12255969643592834], [0.12255969643592834, 0.0]]","[[0.0, 0.12255969643592834], [0.12255969643592834, 0.0]]","[0.7596484422683716, 0.3183964192867279]","[[0.0, 0.4071637690067291], [0.4071637690067291, 0.0]]",False,0.0,0.15290075540542603,10
zalavi.shortrustamov_GGG_zalavi3,44.59827423095703,3.9250717163085938,0.2836194932460785,0.14554376900196075,"[0.41628119349479675, 4.871185302734375]","[[0.0, 17.391977310180664], [17.391977310180664, 0.0]]","[0.6403497457504272, 0.1932675689458847]","[0.14554376900196075, 0.14554376900196075]","[[0.0, 0.14554376900196075], [0.14554376900196075, 0.0]]","[[0.0, 0.14554376900196075], [0.14554376900196075, 0.0]]","[0.7658793926239014, 0.3227291405200958]","[[0.0, 0.44598275423049927], [0.44598275423049927, 0.0]]",False,0.0,0.1731589138507843,10
biolucasmachado.engineered_binder_1,36.473697662353516,4.405092716217041,0.21329094469547272,0.11277671158313751,"[1.6699389219284058, 4.336050987243652]","[[0.0, 16.060678482055664], [16.060678482055664, 0.0]]","[0.4823721647262573, 0.21582254767417908]","[0.11277671158313751, 0.11277671158313751]","[[0.0, 0.11277671158313751], [0.11277671158313751, 0.0]]","[[0.0, 0.11277671158313751], [0.11277671158313751, 0.0]]","[0.5065771341323853, 0.35145339369773865]","[[0.0, 0.36473697423934937], [0.36473697423934937, 0.0]]",False,0.0,0.13287955522537231,10
zhoup1366.DBZ10___A,33.36232376098633,4.791056156158447,0.20550121366977692,0.1065586507320404,"[3.3379790782928467, 4.639201641082764]","[[0.0, 15.827147483825684], [15.827147483825684, 0.0]]","[0.22622160613536835, 0.20990897715091705]","[0.1065586507320404, 0.1065586507320404]","[[0.0, 0.1065586507320404], [0.1065586507320404, 0.0]]","[[0.0, 0.1065586507320404], [0.1065586507320404, 0.0]]","[0.3535819947719574, 0.3298848569393158]","[[0.0, 0.3336232304573059], [0.3336232304573059, 0.0]]",False,0.0,0.12634716928005219,10
kerrding.seq9,33.321720123291016,4.673954963684082,0.20746394991874695,0.13912346959114075,"[3.1219730377197266, 4.45224666595459]","[[0.0, 15.235554695129395], [15.235554695129395, 0.0]]","[0.15491503477096558, 0.20987120270729065]","[0.13912346959114075, 0.13912346959114075]","[[0.0, 0.13912346959114075], [0.13912346959114075, 0.0]]","[[0.0, 0.13912346959114075], [0.13912346959114075, 0.0]]","[0.33134663105010986, 0.3333814740180969]","[[0.0, 0.33321720361709595], [0.33321720361709595, 0.0]]",False,0.0,0.1527915596961975,10
tim.silica_corpora_sampled_epitope_2_generated_variant_9_rank_6_phase_2,33.44071960449219,4.799607276916504,0.2053554356098175,0.15141530334949493,"[3.364060401916504, 4.616424560546875]","[[0.0, 15.66254711151123], [15.66254711151123, 0.0]]","[0.24092824757099152, 0.20974230766296387]","[0.15141530334949493, 0.15141530334949493]","[[0.0, 0.15141530334949493], [0.15141530334949493, 0.0]]","[[0.0, 0.15141530334949493], [0.15141530334949493, 0.0]]","[0.36522233486175537, 0.3285708427429199]","[[0.0, 0.3344072103500366], [0.3344072103500366, 0.0]]",False,0.0,0.1622033417224884,10
salireza111.Seq166_3_002_4,35.74384307861328,4.566408634185791,0.20798631012439728,0.1449185162782669,"[0.48552799224853516, 4.644528388977051]","[[0.0, 17.22501564025879], [17.22501564025879, 0.0]]","[0.7498063445091248, 0.21008187532424927]","[0.1449185162782669, 0.1449185162782669]","[[0.0, 0.1449185162782669], [0.1449185162782669, 0.0]]","[[0.0, 0.1449185162782669], [0.1449185162782669, 0.0]]","[0.6912654042243958, 0.33267942070961]","[[0.0, 0.35743844509124756], [0.35743844509124756, 0.0]]",False,0.0,0.15753206610679626,10
junhee.park1999.EGFR_binder_9,38.38077926635742,4.677094459533691,0.22270973026752472,0.1257195770740509,"[2.784135341644287, 4.635015964508057]","[[0.0, 15.916011810302734], [15.916011810302734, 0.0]]","[0.3862430155277252, 0.2056303769350052]","[0.1257195770740509, 0.1257195770740509]","[[0.0, 0.1257195770740509], [0.1257195770740509, 0.0]]","[[0.0, 0.1257195770740509], [0.1257195770740509, 0.0]]","[0.5247648358345032, 0.329143762588501]","[[0.0, 0.3838077783584595], [0.3838077783584595, 0.0]]",False,0.0,0.1451176106929779,10
huiyu.cai.H3_15_4373_H,39.454166412353516,4.348294734954834,0.2613625228404999,0.1483602672815323,"[0.6849080920219421, 4.666841506958008]","[[0.0, 15.671774864196777], [15.671774864196777, 0.0]]","[0.872092604637146, 0.20252056419849396]","[0.1483602672815323, 0.1483602672815323]","[[0.0, 0.1483602672815323], [0.1483602672815323, 0.0]]","[[0.0, 0.1483602672815323], [0.1483602672815323, 0.0]]","[0.7177318334579468, 0.33095991611480713]","[[0.0, 0.3945416510105133], [0.3945416510105133, 0.0]]",False,0.0,0.17096072435379028,10
klima.jason.8HGO_design_8gswy_1_2,37.53221893310547,4.449134349822998,0.2057725042104721,0.14185446500778198,"[2.1968576908111572, 4.377112865447998]","[[0.0, 16.467811584472656], [16.467811584472656, 0.0]]","[0.25719374418258667, 0.21113242208957672]","[0.14185446500778198, 0.14185446500778198]","[[0.0, 0.14185446500778198], [0.14185446500778198, 0.0]]","[[0.0, 0.14185446500778198], [0.14185446500778198, 0.0]]","[0.47164639830589294, 0.35441461205482483]","[[0.0, 0.3753221929073334], [0.3753221929073334, 0.0]]",False,0.0,0.15463806688785553,10
flowuenne.nf-proteindesign_design7,35.16103744506836,4.677543640136719,0.19385896623134613,0.09770748019218445,"[0.33671748638153076, 4.738718032836914]","[[0.0, 18.508874893188477], [18.508874893188477, 0.0]]","[0.5853937864303589, 0.1955045610666275]","[0.09770748019218445, 0.09770748019218445]","[[0.0, 0.09770748019218445], [0.09770748019218445, 0.0]]","[[0.0, 0.09770748019218445], [0.09770748019218445, 0.0]]","[0.6700600385665894, 0.32699108123779297]","[[0.0, 0.351610392332077], [0.351610392332077, 0.0]]",False,0.0,0.1169377788901329,10
youngsuko2000.ysar,35.172428131103516,4.636485576629639,0.20621569454669952,0.11507998406887054,"[2.844449281692505, 4.478970050811768]","[[0.0, 17.150188446044922], [17.150188446044922, 0.0]]","[0.19598522782325745, 0.20771603286266327]","[0.11507998406887054, 0.11507998406887054]","[[0.0, 0.11507998406887054], [0.11507998406887054, 0.0]]","[[0.0, 0.11507998406887054], [0.11507998406887054, 0.0]]","[0.36573225259780884, 0.3503977358341217]","[[0.0, 0.3517242670059204], [0.3517242670059204, 0.0]]",False,0.0,0.13330712914466858,10
chrisxushaoyong.hu_nano2_2_7ef96e,32.24411392211914,4.844360828399658,0.2054220587015152,0.12533116340637207,"[3.628582000732422, 4.657920837402344]","[[0.0, 14.837281227111816], [14.837281227111816, 0.0]]","[0.2561109662055969, 0.209207683801651]","[0.12533116340637207, 0.12533116340637207]","[[0.0, 0.12533116340637207], [0.12533116340637207, 0.0]]","[[0.0, 0.12533116340637207], [0.12533116340637207, 0.0]]","[0.3313063979148865, 0.3206060230731964]","[[0.0, 0.32244113087654114], [0.32244113087654114, 0.0]]",False,0.0,0.14134934544563293,10
niklas.7A72D922-1677-4FC8-9315-D7996BA05D8E_l150_s530325711_mpnn12,40.85930252075195,4.107260227203369,0.29672518372535706,0.15811800956726074,"[0.5336325764656067, 4.604743003845215]","[[0.0, 14.873542785644531], [14.873542785644531, 0.0]]","[0.8485742211341858, 0.20421002805233002]","[0.15811800956726074, 0.15811800956726074]","[[0.0, 0.15811800956726074], [0.15811800956726074, 0.0]]","[[0.0, 0.15811800956726074], [0.15811800956726074, 0.0]]","[0.7182016372680664, 0.32965028285980225]","[[0.0, 0.4085930287837982], [0.4085930287837982, 0.0]]",False,0.0,0.18583944439888,10
lennart.nickel.EGFR_l98_s70756_mpnn3,37.96416473388672,4.485866069793701,0.22455640137195587,0.1349884271621704,"[0.5440469980239868, 4.7560319900512695]","[[0.0, 15.91901683807373], [15.91901683807373, 0.0]]","[0.7569817304611206, 0.194081649184227]","[0.1349884271621704, 0.1349884271621704]","[[0.0, 0.1349884271621704], [0.1349884271621704, 0.0]]","[[0.0, 0.1349884271621704], [0.1349884271621704, 0.0]]","[0.7060547471046448, 0.32370075583457947]","[[0.0, 0.37964165210723877], [0.37964165210723877, 0.0]]",False,0.0,0.1529020220041275,10
minji.lee.386,34.89466857910156,4.536625862121582,0.2070111334323883,0.23839709162712097,"[0.993688702583313, 4.647176265716553]","[[0.0, 15.773041725158691], [15.773041725158691, 0.0]]","[0.45431962609291077, 0.2104509174823761]","[0.23839709162712097, 0.23839709162712097]","[[0.0, 0.23839709162712097], [0.23839709162712097, 0.0]]","[[0.0, 0.23839709162712097], [0.23839709162712097, 0.0]]","[0.5642507076263428, 0.3198064863681793]","[[0.0, 0.3489466905593872], [0.3489466905593872, 0.0]]",False,0.0,0.23211991786956787,10
minji.lee.3458,34.364078521728516,4.507747650146484,0.2002090960741043,0.1274615079164505,"[1.2017874717712402, 4.617152690887451]","[[0.0, 14.555397987365723], [14.555397987365723, 0.0]]","[0.5235085487365723, 0.20274749398231506]","[0.1274615079164505, 0.1274615079164505]","[[0.0, 0.1274615079164505], [0.1274615079164505, 0.0]]","[[0.0, 0.1274615079164505], [0.1274615079164505, 0.0]]","[0.5437542796134949, 0.3127831518650055]","[[0.0, 0.3436407744884491], [0.3436407744884491, 0.0]]",False,0.0,0.14201101660728455,10
spacecruiser42.d2_prompt_binder_t0.8_88,32.414058685302734,4.825349807739258,0.19367919862270355,0.1127869188785553,"[0.7389464974403381, 4.767370223999023]","[[0.0, 16.566211700439453], [16.566211700439453, 0.0]]","[0.09780867397785187, 0.19384077191352844]","[0.1127869188785553, 0.1127869188785553]","[[0.0, 0.1127869188785553], [0.1127869188785553, 0.0]]","[[0.0, 0.1127869188785553], [0.1127869188785553, 0.0]]","[0.49435582756996155, 0.3184703290462494]","[[0.0, 0.3241405785083771], [0.3241405785083771, 0.0]]",False,0.0,0.1289653778076172,10
nhaas.4,39.93058395385742,4.557115077972412,0.21785497665405273,0.20061281323432922,"[2.2104320526123047, 4.617843151092529]","[[0.0, 16.034250259399414], [16.034250259399414, 0.0]]","[0.3980776071548462, 0.19806495308876038]","[0.20061281323432922, 0.20061281323432922]","[[0.0, 0.20061281323432922], [0.20061281323432922, 0.0]]","[[0.0, 0.20061281323432922], [0.20061281323432922, 0.0]]","[0.5558627247810364, 0.3385593593120575]","[[0.0, 0.3993058502674103], [0.3993058502674103, 0.0]]",False,0.0,0.20406125485897064,10
karmanyaaggarwal.DS002542,40.365333557128906,4.237383842468262,0.25943276286125183,0.12071208655834198,"[0.5704084634780884, 4.641018390655518]","[[0.0, 17.50721549987793], [17.50721549987793, 0.0]]","[0.9057533144950867, 0.20501087605953217]","[0.12071208655834198, 0.12071208655834198]","[[0.0, 0.12071208655834198], [0.12071208655834198, 0.0]]","[[0.0, 0.12071208655834198], [0.12071208655834198, 0.0]]","[0.7819955348968506, 0.32906287908554077]","[[0.0, 0.4036533236503601], [0.4036533236503601, 0.0]]",False,0.0,0.14845623075962067,10
paulafcfranklin.synth_rosetta_7,32.35140609741211,4.940976142883301,0.1908995360136032,0.10996973514556885,"[2.9312100410461426, 4.771157264709473]","[[0.0, 15.23524284362793], [15.23524284362793, 0.0]]","[0.18575233221054077, 0.1918001025915146]","[0.10996973514556885, 0.10996973514556885]","[[0.0, 0.10996973514556885], [0.10996973514556885, 0.0]]","[[0.0, 0.10996973514556885], [0.10996973514556885, 0.0]]","[0.3371815085411072, 0.32236582040786743]","[[0.0, 0.32351407408714294], [0.32351407408714294, 0.0]]",False,0.0,0.12615570425987244,10
darius.szablowski.EGFR_binder_4___ggggs_3_linked_top_binders_1_and_2_efficiently_evolved,41.83064270019531,4.238687038421631,0.2366732656955719,0.17634254693984985,"[0.7631491422653198, 4.754217147827148]","[[0.0, 15.872456550598145], [15.872456550598145, 0.0]]","[0.4598810076713562, 0.1978694200515747]","[0.17634254693984985, 0.17634254693984985]","[[0.0, 0.17634254693984985], [0.17634254693984985, 0.0]]","[[0.0, 0.17634254693984985], [0.17634254693984985, 0.0]]","[0.7022885680198669, 0.3248356282711029]","[[0.0, 0.4183064103126526], [0.4183064103126526, 0.0]]",False,0.0,0.18840870261192322,10
christoph.gruber.UpperBinder_Scaffold2_LowerBinder,38.3570556640625,4.567282199859619,0.1998276561498642,0.1097496971487999,"[0.6676819324493408, 4.872002601623535]","[[0.0, 17.854969024658203], [17.854969024658203, 0.0]]","[0.5595402121543884, 0.18186692893505096]","[0.1097496971487999, 0.1097496971487999]","[[0.0, 0.1097496971487999], [0.1097496971487999, 0.0]]","[[0.0, 0.1097496971487999], [0.1097496971487999, 0.0]]","[0.6676360964775085, 0.3272097110748291]","[[0.0, 0.3835705518722534], [0.3835705518722534, 0.0]]",False,0.0,0.12776529788970947,10
724928537.DBZ6___A,39.77617645263672,4.244225025177002,0.25061219930648804,0.13910803198814392,"[0.6534950137138367, 4.575054168701172]","[[0.0, 16.714139938354492], [16.714139938354492, 0.0]]","[0.8724585175514221, 0.21078245341777802]","[0.13910803198814392, 0.13910803198814392]","[[0.0, 0.13910803198814392], [0.13910803198814392, 0.0]]","[[0.0, 0.13910803198814392], [0.13910803198814392, 0.0]]","[0.7337256073951721, 0.33363795280456543]","[[0.0, 0.3977617621421814], [0.3977617621421814, 0.0]]",False,0.0,0.16140887141227722,10
qilin_y.test8,32.43008804321289,4.983005046844482,0.18880757689476013,0.12745708227157593,"[1.0821117162704468, 4.803140640258789]","[[0.0, 15.747694969177246], [15.747694969177246, 0.0]]","[0.3427181839942932, 0.18799391388893127]","[0.12745708227157593, 0.12745708227157593]","[[0.0, 0.12745708227157593], [0.12745708227157593, 0.0]]","[[0.0, 0.12745708227157593], [0.12745708227157593, 0.0]]","[0.43021583557128906, 0.320528507232666]","[[0.0, 0.3243008852005005], [0.3243008852005005, 0.0]]",False,0.0,0.1397271752357483,10
fernando.meireles.design_hybrid_partial_diff_4_31_binder,37.28803634643555,4.384934425354004,0.22086426615715027,0.23437532782554626,"[0.7516399621963501, 4.606718063354492]","[[0.0, 16.346866607666016], [16.346866607666016, 0.0]]","[0.6013984680175781, 0.1905585676431656]","[0.23437532782554626, 0.23437532782554626]","[[0.0, 0.23437532782554626], [0.23437532782554626, 0.0]]","[[0.0, 0.23437532782554626], [0.23437532782554626, 0.0]]","[0.6435665488243103, 0.3259228765964508]","[[0.0, 0.37288036942481995], [0.37288036942481995, 0.0]]",False,0.0,0.23167312145233154,10
praghava531.seq2,39.34785842895508,4.261760711669922,0.2605440318584442,0.16025952994823456,"[0.36879169940948486, 4.684097766876221]","[[0.0, 16.443897247314453], [16.443897247314453, 0.0]]","[0.9329223036766052, 0.20637844502925873]","[0.16025952994823456, 0.16025952994823456]","[[0.0, 0.16025952994823456], [0.16025952994823456, 0.0]]","[[0.0, 0.16025952994823456], [0.16025952994823456, 0.0]]","[0.7958006262779236, 0.32149386405944824]","[[0.0, 0.3934786021709442], [0.3934786021709442, 0.0]]",False,0.0,0.18031643331050873,10
darius.szablowski.EGFR_binder_1___top_binder_1,37.43695831298828,4.41967248916626,0.24997717142105103,0.2245815545320511,"[0.3703339695930481, 4.691836833953857]","[[0.0, 15.137892723083496], [15.137892723083496, 0.0]]","[0.8960496187210083, 0.20468106865882874]","[0.2245815545320511, 0.2245815545320511]","[[0.0, 0.2245815545320511], [0.2245815545320511, 0.0]]","[[0.0, 0.2245815545320511], [0.2245815545320511, 0.0]]","[0.7334612607955933, 0.31937360763549805]","[[0.0, 0.3743695914745331], [0.3743695914745331, 0.0]]",False,0.0,0.22966068983078003,10
markus.braun.egfr_binder_7,45.96705627441406,3.7730772495269775,0.3655860126018524,0.16191528737545013,"[0.4339871406555176, 4.7060370445251465]","[[0.0, 16.586688995361328], [16.586688995361328, 0.0]]","[0.8797682523727417, 0.20698857307434082]","[0.16191528737545013, 0.16191528737545013]","[[0.0, 0.16191528737545013], [0.16191528737545013, 0.0]]","[[0.0, 0.16191528737545013], [0.16191528737545013, 0.0]]","[0.7884581089019775, 0.32438066601753235]","[[0.0, 0.4596705734729767], [0.4596705734729767, 0.0]]",False,0.0,0.20264944434165955,10
huiyu.cai.H3_15_3351_H,37.7070426940918,4.462671756744385,0.24625301361083984,0.11760280281305313,"[0.9680243134498596, 4.742117881774902]","[[0.0, 15.554494857788086], [15.554494857788086, 0.0]]","[0.8048620223999023, 0.19468210637569427]","[0.11760280281305313, 0.11760280281305313]","[[0.0, 0.11760280281305313], [0.11760280281305313, 0.0]]","[[0.0, 0.11760280281305313], [0.11760280281305313, 0.0]]","[0.6650786995887756, 0.3204100430011749]","[[0.0, 0.37707042694091797], [0.37707042694091797, 0.0]]",False,0.0,0.143332839012146,10
toluwase.fatoki.Toluwase_Sequence4_148,32.89641571044922,4.9731926918029785,0.1851256936788559,0.11318464577198029,"[3.1337742805480957, 4.873557090759277]","[[0.0, 16.70557403564453], [16.70557403564453, 0.0]]","[0.27170270681381226, 0.18682299554347992]","[0.11318464577198029, 0.11318464577198029]","[[0.0, 0.11318464577198029], [0.11318464577198029, 0.0]]","[[0.0, 0.11318464577198029], [0.11318464577198029, 0.0]]","[0.3718521296977997, 0.3181006610393524]","[[0.0, 0.3289641737937927], [0.3289641737937927, 0.0]]",False,0.0,0.12757286429405212,10
antorsae.TA_4_5,32.95338821411133,4.812017440795898,0.196196049451828,0.11023469269275665,"[1.9228116273880005, 4.711331367492676]","[[0.0, 15.891807556152344], [15.891807556152344, 0.0]]","[0.2897404730319977, 0.19703136384487152]","[0.11023469269275665, 0.11023469269275665]","[[0.0, 0.11023469269275665], [0.11023469269275665, 0.0]]","[[0.0, 0.11023469269275665], [0.11023469269275665, 0.0]]","[0.4145606756210327, 0.3250625431537628]","[[0.0, 0.3295338749885559], [0.3295338749885559, 0.0]]",False,0.0,0.12742696702480316,10
noah.holzleitner.Noah_EGFR-Binder_2,35.42928695678711,4.54713249206543,0.21429990231990814,0.34372788667678833,"[0.43926873803138733, 4.729946136474609]","[[0.0, 13.314559936523438], [13.314559936523438, 0.0]]","[0.771293580532074, 0.2063847780227661]","[0.34372788667678833, 0.34372788667678833]","[[0.0, 0.34372788667678833], [0.34372788667678833, 0.0]]","[[0.0, 0.34372788667678833], [0.34372788667678833, 0.0]]","[0.6806743144989014, 0.32105979323387146]","[[0.0, 0.3542928695678711], [0.3542928695678711, 0.0]]",False,0.0,0.3178422749042511,10
biolucasmachado.engineered_binder_5,33.09889602661133,4.788180351257324,0.19200366735458374,0.10683169960975647,"[2.4285919666290283, 4.667565822601318]","[[0.0, 15.365700721740723], [15.365700721740723, 0.0]]","[0.23139688372612, 0.1928265541791916]","[0.10683169960975647, 0.10683169960975647]","[[0.0, 0.10683169960975647], [0.10683169960975647, 0.0]]","[[0.0, 0.10683169960975647], [0.10683169960975647, 0.0]]","[0.36898332834243774, 0.3277570903301239]","[[0.0, 0.33098894357681274], [0.33098894357681274, 0.0]]",False,0.0,0.12386609613895416,10
gitter.yolo46,36.482574462890625,4.491711616516113,0.20835985243320465,0.46299055218696594,"[0.3886430263519287, 4.640860080718994]","[[0.0, 12.450894355773926], [12.450894355773926, 0.0]]","[0.7181081175804138, 0.19006754457950592]","[0.46299055218696594, 0.46299055218696594]","[[0.0, 0.46299055218696594], [0.46299055218696594, 0.0]]","[[0.0, 0.46299055218696594], [0.46299055218696594, 0.0]]","[0.6812383532524109, 0.33360207080841064]","[[0.0, 0.3648257255554199], [0.3648257255554199, 0.0]]",False,0.0,0.41206440329551697,10
briannaughton.2_plus_2,42.79030990600586,4.327003479003906,0.23056139051914215,0.15047110617160797,"[1.0011900663375854, 4.760180473327637]","[[0.0, 16.437698364257812], [16.437698364257812, 0.0]]","[0.4101743996143341, 0.1876671016216278]","[0.15047110617160797, 0.15047110617160797]","[[0.0, 0.15047110617160797], [0.15047110617160797, 0.0]]","[[0.0, 0.15047110617160797], [0.15047110617160797, 0.0]]","[0.7165166139602661, 0.3256518244743347]","[[0.0, 0.42790311574935913], [0.42790311574935913, 0.0]]",False,0.0,0.16648916900157928,10
lhallee.lhallee_40_target_driveid_10,32.98859405517578,4.835467338562012,0.19631527364253998,0.11151488125324249,"[2.196126699447632, 4.536434173583984]","[[0.0, 16.57278823852539], [16.57278823852539, 0.0]]","[0.10367854684591293, 0.19694884121418]","[0.11151488125324249, 0.11151488125324249]","[[0.0, 0.11151488125324249], [0.11151488125324249, 0.0]]","[[0.0, 0.11151488125324249], [0.11151488125324249, 0.0]]","[0.3221256732940674, 0.3303704559803009]","[[0.0, 0.32988592982292175], [0.32988592982292175, 0.0]]",False,0.0,0.12847495079040527,10
joaosartori2.c4,34.22557067871094,4.648091793060303,0.20549516379833221,0.11886318773031235,"[2.140582799911499, 4.45919132232666]","[[0.0, 14.834563255310059], [14.834563255310059, 0.0]]","[0.2393105924129486, 0.20769226551055908]","[0.11886318773031235, 0.11886318773031235]","[[0.0, 0.11886318773031235], [0.11886318773031235, 0.0]]","[[0.0, 0.11886318773031235], [0.11886318773031235, 0.0]]","[0.36256247758865356, 0.34034115076065063]","[[0.0, 0.34225571155548096], [0.34225571155548096, 0.0]]",False,0.0,0.13618957996368408,10
huiyu.cai.H3_15_2431_H,38.438846588134766,4.373300075531006,0.2454875111579895,0.11614351719617844,"[0.969363808631897, 4.646416187286377]","[[0.0, 15.974380493164062], [15.974380493164062, 0.0]]","[0.8167123794555664, 0.2019839882850647]","[0.11614351719617844, 0.11614351719617844]","[[0.0, 0.11614351719617844], [0.11614351719617844, 0.0]]","[[0.0, 0.11614351719617844], [0.11614351719617844, 0.0]]","[0.6860479712486267, 0.3259273171424866]","[[0.0, 0.3843884766101837], [0.3843884766101837, 0.0]]",False,0.0,0.1420123130083084,10
junhee.park1999.EGFR_binder_6,39.92284393310547,4.79192590713501,0.23335173726081848,0.14630292356014252,"[3.2987430095672607, 4.635738849639893]","[[0.0, 15.182065963745117], [15.182065963745117, 0.0]]","[0.4062034785747528, 0.20956076681613922]","[0.14630292356014252, 0.14630292356014252]","[[0.0, 0.14630292356014252], [0.14630292356014252, 0.0]]","[[0.0, 0.14630292356014252], [0.14630292356014252, 0.0]]","[0.5849546194076538, 0.3270470201969147]","[[0.0, 0.39922845363616943], [0.39922845363616943, 0.0]]",False,0.0,0.16371268033981323,10
a.tucs.Andrejs_Tucs_seq10,33.032901763916016,4.808028697967529,0.1910179853439331,0.1107928678393364,"[2.417468786239624, 4.741509437561035]","[[0.0, 16.008249282836914], [16.008249282836914, 0.0]]","[0.2515365183353424, 0.19138851761817932]","[0.1107928678393364, 0.1107928678393364]","[[0.0, 0.1107928678393364], [0.1107928678393364, 0.0]]","[[0.0, 0.1107928678393364], [0.1107928678393364, 0.0]]","[0.3891192376613617, 0.32569774985313416]","[[0.0, 0.330329030752182], [0.330329030752182, 0.0]]",False,0.0,0.12683789432048798,10
Reed.HARRISON.model_56_119_0,36.40276336669922,4.478264331817627,0.209570050239563,0.11779355257749557,"[0.3576768934726715, 4.730386257171631]","[[0.0, 15.231058120727539], [15.231058120727539, 0.0]]","[0.8874461650848389, 0.20204879343509674]","[0.11779355257749557, 0.11779355257749557]","[[0.0, 0.11779355257749557], [0.11779355257749557, 0.0]]","[[0.0, 0.11779355257749557], [0.11779355257749557, 0.0]]","[0.7572415471076965, 0.3114672899246216]","[[0.0, 0.36402761936187744], [0.36402761936187744, 0.0]]",False,0.0,0.1361488550901413,10
lennart.nickel.EGFR_l114_s69310_mpnn7,39.821041107177734,4.153110980987549,0.2506084144115448,0.1816428005695343,"[0.4431198835372925, 4.450047016143799]","[[0.0, 14.791354179382324], [14.791354179382324, 0.0]]","[0.8166162371635437, 0.2133796513080597]","[0.1816428005695343, 0.1816428005695343]","[[0.0, 0.1816428005695343], [0.1816428005695343, 0.0]]","[[0.0, 0.1816428005695343], [0.1816428005695343, 0.0]]","[0.7208893299102783, 0.3337152302265167]","[[0.0, 0.39821040630340576], [0.39821040630340576, 0.0]]",False,0.0,0.19543592631816864,10
alecl.relaxedA,32.85258483886719,4.831287860870361,0.201131671667099,0.11619392037391663,"[2.1293623447418213, 4.702129364013672]","[[0.0, 14.3102388381958], [14.3102388381958, 0.0]]","[0.3123147785663605, 0.20220740139484406]","[0.11619392037391663, 0.11619392037391663]","[[0.0, 0.11619392037391663], [0.11619392037391663, 0.0]]","[[0.0, 0.11619392037391663], [0.11619392037391663, 0.0]]","[0.40233924984931946, 0.32268014550209045]","[[0.0, 0.3285258412361145], [0.3285258412361145, 0.0]]",False,0.0,0.13318146765232086,10
cameron.kroll.Gertrude_gen6,41.539581298828125,4.132116317749023,0.2793988883495331,0.12284453958272934,"[0.3781406879425049, 4.790088653564453]","[[0.0, 17.284286499023438], [17.284286499023438, 0.0]]","[0.8939305543899536, 0.19469384849071503]","[0.12284453958272934, 0.12284453958272934]","[[0.0, 0.12284453958272934], [0.12284453958272934, 0.0]]","[[0.0, 0.12284453958272934], [0.12284453958272934, 0.0]]","[0.7977424263954163, 0.3193485736846924]","[[0.0, 0.4153958261013031], [0.4153958261013031, 0.0]]",False,0.0,0.1541554033756256,10
ccalia.Paesani_Lab_design1,43.34086227416992,3.977421522140503,0.23690873384475708,0.14333893358707428,"[1.2789098024368286, 4.3976359367370605]","[[0.0, 16.334192276000977], [16.334192276000977, 0.0]]","[0.4373752176761627, 0.21359199285507202]","[0.14333893358707428, 0.14333893358707428]","[[0.0, 0.14333893358707428], [0.14333893358707428, 0.0]]","[[0.0, 0.14333893358707428], [0.14333893358707428, 0.0]]","[0.650100827217102, 0.34510642290115356]","[[0.0, 0.43340861797332764], [0.43340861797332764, 0.0]]",False,0.0,0.16205289959907532,10
antorsae.TA525_0_0,35.17647933959961,4.475253105163574,0.21323591470718384,0.12733584642410278,"[0.8734979033470154, 4.405537128448486]","[[0.0, 14.118602752685547], [14.118602752685547, 0.0]]","[0.5171995162963867, 0.214882031083107]","[0.12733584642410278, 0.12733584642410278]","[[0.0, 0.12733584642410278], [0.12733584642410278, 0.0]]","[[0.0, 0.12733584642410278], [0.12733584642410278, 0.0]]","[0.49797961115837097, 0.34174758195877075]","[[0.0, 0.3517647981643677], [0.3517647981643677, 0.0]]",False,0.0,0.14451587200164795,10
junhee.park1999.EGFR_binder_7,40.13273239135742,4.702177047729492,0.23191192746162415,0.18992070853710175,"[2.987088203430176, 4.629827976226807]","[[0.0, 15.607361793518066], [15.607361793518066, 0.0]]","[0.37935563921928406, 0.2054646909236908]","[0.18992070853710175, 0.18992070853710175]","[[0.0, 0.18992070853710175], [0.18992070853710175, 0.0]]","[[0.0, 0.18992070853710175], [0.18992070853710175, 0.0]]","[0.5772324204444885, 0.3329627811908722]","[[0.0, 0.40132731199264526], [0.40132731199264526, 0.0]]",False,0.0,0.1983189582824707,10
paulafcfranklin.synth_rosetta_8,33.173160552978516,4.873510360717773,0.1959208995103836,0.10683725029230118,"[2.6467721462249756, 4.68446159362793]","[[0.0, 15.79678726196289], [15.79678726196289, 0.0]]","[0.20397071540355682, 0.19748461246490479]","[0.10683725029230118, 0.10683725029230118]","[[0.0, 0.10683725029230118], [0.10683725029230118, 0.0]]","[[0.0, 0.10683725029230118], [0.10683725029230118, 0.0]]","[0.3524540066719055, 0.3297865688800812]","[[0.0, 0.3317315876483917], [0.3317315876483917, 0.0]]",False,0.0,0.12465398013591766,10
christoph.gruber.UpperBinder_XTEN_LowerBinder,35.0721549987793,4.865762710571289,0.18773314356803894,0.10038100928068161,"[1.5470364093780518, 4.8567399978637695]","[[0.0, 17.502302169799805], [17.502302169799805, 0.0]]","[0.27861443161964417, 0.1892988681793213]","[0.10038100928068161, 0.10038100928068161]","[[0.0, 0.10038100928068161], [0.10038100928068161, 0.0]]","[[0.0, 0.10038100928068161], [0.10038100928068161, 0.0]]","[0.5796279311180115, 0.3278932273387909]","[[0.0, 0.350721538066864], [0.350721538066864, 0.0]]",False,0.0,0.11785143613815308,10
AmirM.MHosseini.seq4,35.04160690307617,4.613245964050293,0.1930069774389267,0.17638562619686127,"[0.8423628211021423, 4.6109137535095215]","[[0.0, 16.083066940307617], [16.083066940307617, 0.0]]","[0.6308184266090393, 0.19345802068710327]","[0.17638562619686127, 0.17638562619686127]","[[0.0, 0.17638562619686127], [0.17638562619686127, 0.0]]","[[0.0, 0.17638562619686127], [0.17638562619686127, 0.0]]","[0.5864545106887817, 0.33018988370895386]","[[0.0, 0.35041606426239014], [0.35041606426239014, 0.0]]",False,0.0,0.17970989644527435,10
salireza111.Seq206_1_001_6,33.283329010009766,4.773972988128662,0.2018548846244812,0.11573152244091034,"[1.0723974704742432, 4.704761981964111]","[[0.0, 15.718012809753418], [15.718012809753418, 0.0]]","[0.5070710182189941, 0.20367534458637238]","[0.11573152244091034, 0.11573152244091034]","[[0.0, 0.11573152244091034], [0.11573152244091034, 0.0]]","[[0.0, 0.11573152244091034], [0.11573152244091034, 0.0]]","[0.5253356695175171, 0.3185962438583374]","[[0.0, 0.33283329010009766], [0.33283329010009766, 0.0]]",False,0.0,0.13295620679855347,10
a.tucs.Andrejs_Tucs_seq9,33.793304443359375,4.612770080566406,0.21195925772190094,0.11754196137189865,"[2.3111839294433594, 4.447857856750488]","[[0.0, 14.402332305908203], [14.402332305908203, 0.0]]","[0.2227148860692978, 0.2134205847978592]","[0.11754196137189865, 0.11754196137189865]","[[0.0, 0.11754196137189865], [0.11754196137189865, 0.0]]","[[0.0, 0.11754196137189865], [0.11754196137189865, 0.0]]","[0.3460688292980194, 0.3373074531555176]","[[0.0, 0.3379330337047577], [0.3379330337047577, 0.0]]",False,0.0,0.1364254206418991,10
begonia.sp.13.EGFR_l110_s478327_mpnn7_model2,40.0413818359375,4.226795673370361,0.31919652223587036,0.5455932021141052,"[0.3546816110610962, 4.591131687164307]","[[0.0, 12.617766380310059], [12.617766380310059, 0.0]]","[0.8794315457344055, 0.20795400440692902]","[0.5455932021141052, 0.5455932021141052]","[[0.0, 0.5455932021141052], [0.5455932021141052, 0.0]]","[[0.0, 0.5455932021141052], [0.5455932021141052, 0.0]]","[0.7575407028198242, 0.3292577862739563]","[[0.0, 0.4004138112068176], [0.4004138112068176, 0.0]]",False,0.0,0.5003138780593872,10
Human_EGF,35.10333251953125,4.558662414550781,0.20800332725048065,0.11176741868257523,"[2.7931110858917236, 4.414373874664307]","[[0.0, 17.250986099243164], [17.250986099243164, 0.0]]","[0.2141510546207428, 0.21048504114151]","[0.11176741868257523, 0.11176741868257523]","[[0.0, 0.11176741868257523], [0.11176741868257523, 0.0]]","[[0.0, 0.11176741868257523], [0.11176741868257523, 0.0]]","[0.38366106152534485, 0.34807342290878296]","[[0.0, 0.3510333299636841], [0.3510333299636841, 0.0]]",False,0.0,0.1310146003961563,10
youngsuko2000.queen,32.763301849365234,4.845090389251709,0.19258658587932587,0.10793091356754303,"[3.0638372898101807, 4.686180114746094]","[[0.0, 16.31163215637207], [16.31163215637207, 0.0]]","[0.18327166140079498, 0.1935759037733078]","[0.10793091356754303, 0.10793091356754303]","[[0.0, 0.10793091356754303], [0.10793091356754303, 0.0]]","[[0.0, 0.10793091356754303], [0.10793091356754303, 0.0]]","[0.34658509492874146, 0.3257589042186737]","[[0.0, 0.3276330232620239], [0.3276330232620239, 0.0]]",False,0.0,0.12486205250024796,10
colby.TUPEGFR_018___anti-EGFR_Fv-like_protein_diffused_with_ESM3,34.20827865600586,5.197972297668457,0.20283688604831696,0.11530117690563202,"[4.562594890594482, 4.57537317276001]","[[0.0, 16.080516815185547], [16.080516815185547, 0.0]]","[0.16529737412929535, 0.2101089060306549]","[0.11530117690563202, 0.11530117690563202]","[[0.0, 0.11530117690563202], [0.11530117690563202, 0.0]]","[[0.0, 0.11530117690563202], [0.11530117690563202, 0.0]]","[0.3337557315826416, 0.34532245993614197]","[[0.0, 0.34208279848098755], [0.34208279848098755, 0.0]]",False,0.0,0.13280832767486572,10
cameron.kroll.Leitner,41.0195198059082,4.173771381378174,0.2813366651535034,0.11926794052124023,"[0.35880595445632935, 4.84357213973999]","[[0.0, 17.045913696289062], [17.045913696289062, 0.0]]","[0.9025840163230896, 0.19876523315906525]","[0.11926794052124023, 0.11926794052124023]","[[0.0, 0.11926794052124023], [0.11926794052124023, 0.0]]","[[0.0, 0.11926794052124023], [0.11926794052124023, 0.0]]","[0.8010363578796387, 0.312259703874588]","[[0.0, 0.4101952016353607], [0.4101952016353607, 0.0]]",False,0.0,0.15168169140815735,10
klima.jason.8HGO_design_jt8s1_0_3_proteinmpnn_20,37.44968032836914,4.4061689376831055,0.21607978641986847,0.12917287647724152,"[1.9102064371109009, 4.4897637367248535]","[[0.0, 15.776651382446289], [15.776651382446289, 0.0]]","[0.3948974609375, 0.20659859478473663]","[0.12917287647724152, 0.12917287647724152]","[[0.0, 0.12917287647724152], [0.12917287647724152, 0.0]]","[[0.0, 0.12917287647724152], [0.12917287647724152, 0.0]]","[0.4844255745410919, 0.34248319268226624]","[[0.0, 0.37449681758880615], [0.37449681758880615, 0.0]]",False,0.0,0.14655426144599915,10
aureliabustos.wwt_noised_I_scaffold_shorted_var8423,32.802734375,4.926976203918457,0.1931678205728531,0.10731193423271179,"[2.4265859127044678, 4.821936130523682]","[[0.0, 16.972185134887695], [16.972185134887695, 0.0]]","[0.24360406398773193, 0.19403690099716187]","[0.10731193423271179, 0.10731193423271179]","[[0.0, 0.10731193423271179], [0.10731193423271179, 0.0]]","[[0.0, 0.10731193423271179], [0.10731193423271179, 0.0]]","[0.37400752305984497, 0.3242221772670746]","[[0.0, 0.3280273377895355], [0.3280273377895355, 0.0]]",False,0.0,0.12448310852050781,10
briannaughton.1_plus_2,44.08225631713867,3.9604368209838867,0.26290786266326904,0.14205950498580933,"[0.7810466289520264, 4.6913981437683105]","[[0.0, 15.821930885314941], [15.821930885314941, 0.0]]","[0.523025393486023, 0.19984310865402222]","[0.14205950498580933, 0.14205950498580933]","[[0.0, 0.14205950498580933], [0.14205950498580933, 0.0]]","[[0.0, 0.14205950498580933], [0.14205950498580933, 0.0]]","[0.7234212756156921, 0.32323595881462097]","[[0.0, 0.440822571516037], [0.440822571516037, 0.0]]",False,0.0,0.16622917354106903,10
qilin_y.test6,34.26987838745117,4.493414878845215,0.2048141360282898,0.11481805890798569,"[2.0704269409179688, 4.507510185241699]","[[0.0, 15.467360496520996], [15.467360496520996, 0.0]]","[0.30108800530433655, 0.208670973777771]","[0.11481805890798569, 0.11481805890798569]","[[0.0, 0.11481805890798569], [0.11481805890798569, 0.0]]","[[0.0, 0.11481805890798569], [0.11481805890798569, 0.0]]","[0.43201982975006104, 0.3285324275493622]","[[0.0, 0.3426987826824188], [0.3426987826824188, 0.0]]",False,0.0,0.13281726837158203,10
allongoldberg.3_52,35.954978942871094,4.387795925140381,0.20721758902072906,0.1951269656419754,"[0.9938454627990723, 4.4651312828063965]","[[0.0, 16.319561004638672], [16.319561004638672, 0.0]]","[0.5199400782585144, 0.20886431634426117]","[0.1951269656419754, 0.1951269656419754]","[[0.0, 0.1951269656419754], [0.1951269656419754, 0.0]]","[[0.0, 0.1951269656419754], [0.1951269656419754, 0.0]]","[0.5939584374427795, 0.3358290195465088]","[[0.0, 0.35954979062080383], [0.35954979062080383, 0.0]]",False,0.0,0.19754508137702942,10
qy.qilin.yu.10-13-21_sample267_complex_42_complex,36.74457550048828,4.534639358520508,0.24989809095859528,0.4515713155269623,"[0.5298500657081604, 4.693299293518066]","[[0.0, 14.97274112701416], [14.97274112701416, 0.0]]","[0.816498875617981, 0.20146776735782623]","[0.4515713155269623, 0.4515713155269623]","[[0.0, 0.4515713155269623], [0.4515713155269623, 0.0]]","[[0.0, 0.4515713155269623], [0.4515713155269623, 0.0]]","[0.7099794745445251, 0.32575032114982605]","[[0.0, 0.3674457371234894], [0.3674457371234894, 0.0]]",False,0.0,0.4112366735935211,10
dre.LGDL_EGFR_008,33.372642517089844,4.863090515136719,0.2151947021484375,0.16491220891475677,"[2.0146288871765137, 4.522141933441162]","[[0.0, 15.610105514526367], [15.610105514526367, 0.0]]","[0.14843614399433136, 0.2132340371608734]","[0.16491220891475677, 0.16491220891475677]","[[0.0, 0.16491220891475677], [0.16491220891475677, 0.0]]","[[0.0, 0.16491220891475677], [0.16491220891475677, 0.0]]","[0.3037099540233612, 0.3355879485607147]","[[0.0, 0.3337264358997345], [0.3337264358997345, 0.0]]",False,0.0,0.17496871948242188,10
s1995825.cotimed_egf_netsolp_usability_7,33.843441009521484,4.720837593078613,0.1920066922903061,0.10525897890329361,"[1.5499178171157837, 4.6752519607543945]","[[0.0, 16.94591522216797], [16.94591522216797, 0.0]]","[0.35018473863601685, 0.1930791586637497]","[0.10525897890329361, 0.10525897890329361]","[[0.0, 0.10525897890329361], [0.10525897890329361, 0.0]]","[[0.0, 0.10525897890329361], [0.10525897890329361, 0.0]]","[0.45555388927459717, 0.32933083176612854]","[[0.0, 0.3384343981742859], [0.3384343981742859, 0.0]]",False,0.0,0.12260852754116058,10
aswini.seed2_3,33.948795318603516,4.770949840545654,0.19935405254364014,0.11000557988882065,"[2.948794364929199, 4.5595855712890625]","[[0.0, 17.214031219482422], [17.214031219482422, 0.0]]","[0.16631579399108887, 0.2008136510848999]","[0.11000557988882065, 0.11000557988882065]","[[0.0, 0.11000557988882065], [0.11000557988882065, 0.0]]","[[0.0, 0.11000557988882065], [0.11000557988882065, 0.0]]","[0.3387872278690338, 0.33954665064811707]","[[0.0, 0.3394879400730133], [0.3394879400730133, 0.0]]",False,0.0,0.12787526845932007,10
AmirM.MHosseini.seq3,32.925636291503906,4.846218109130859,0.1939743608236313,0.11293497681617737,"[2.064086675643921, 4.721176624298096]","[[0.0, 15.801717758178711], [15.801717758178711, 0.0]]","[0.32688257098197937, 0.19481010735034943]","[0.11293497681617737, 0.11293497681617737]","[[0.0, 0.11293497681617737], [0.11293497681617737, 0.0]]","[[0.0, 0.11293497681617737], [0.11293497681617737, 0.0]]","[0.3870178163051605, 0.32419782876968384]","[[0.0, 0.3292563557624817], [0.3292563557624817, 0.0]]",False,0.0,0.1291428506374359,10
tadaskluonis.cotimed_egf_BCseq_2,34.241458892822266,4.629790782928467,0.19935521483421326,0.10991094261407852,"[2.7323403358459473, 4.478257656097412]","[[0.0, 15.817289352416992], [15.817289352416992, 0.0]]","[0.23648208379745483, 0.20056366920471191]","[0.10991094261407852, 0.10991094261407852]","[[0.0, 0.10991094261407852], [0.10991094261407852, 0.0]]","[[0.0, 0.10991094261407852], [0.10991094261407852, 0.0]]","[0.3657902479171753, 0.34059274196624756]","[[0.0, 0.34241458773612976], [0.34241458773612976, 0.0]]",False,0.0,0.12779980897903442,10
AmirM.MHosseini.seq9,32.910797119140625,4.8316240310668945,0.1951938420534134,0.11099348217248917,"[2.081383466720581, 4.752014636993408]","[[0.0, 15.434733390808105], [15.434733390808105, 0.0]]","[0.3224947154521942, 0.19660495221614838]","[0.11099348217248917, 0.11099348217248917]","[[0.0, 0.11099348217248917], [0.11099348217248917, 0.0]]","[[0.0, 0.11099348217248917], [0.11099348217248917, 0.0]]","[0.3921085000038147, 0.3234982192516327]","[[0.0, 0.32910796999931335], [0.32910796999931335, 0.0]]",False,0.0,0.1278335601091385,10
niklas.EE4629A9-322F-48F0-884D-8F4418DB9BCE_l151_s241659642_mpnn11,41.92340850830078,4.104183197021484,0.2786308228969574,0.11805453151464462,"[0.4839979112148285, 4.719688415527344]","[[0.0, 17.42519760131836], [17.42519760131836, 0.0]]","[0.8791373372077942, 0.18651635944843292]","[0.11805453151464462, 0.11805453151464462]","[[0.0, 0.11805453151464462], [0.11805453151464462, 0.0]]","[[0.0, 0.11805453151464462], [0.11805453151464462, 0.0]]","[0.7654621005058289, 0.33226001262664795]","[[0.0, 0.41923409700393677], [0.41923409700393677, 0.0]]",False,0.0,0.15016978979110718,10
jakublala.epitope_1_20aa.pdb,32.293434143066406,4.9963555335998535,0.18629996478557587,0.1130547747015953,"[1.0633796453475952, 4.863070487976074]","[[0.0, 17.14630699157715], [17.14630699157715, 0.0]]","[0.08198495209217072, 0.1862393468618393]","[0.1130547747015953, 0.1130547747015953]","[[0.0, 0.1130547747015953], [0.1130547747015953, 0.0]]","[[0.0, 0.1130547747015953], [0.1130547747015953, 0.0]]","[0.34505805373191833, 0.32213714718818665]","[[0.0, 0.3229343593120575], [0.3229343593120575, 0.0]]",False,0.0,0.12770381569862366,10
alessio.daddio.AD_1,36.71807861328125,4.456480979919434,0.21777276694774628,0.12304910272359848,"[0.37639039754867554, 4.746440410614014]","[[0.0, 16.68424415588379], [16.68424415588379, 0.0]]","[0.7638665437698364, 0.1903623640537262]","[0.12304910272359848, 0.12304910272359848]","[[0.0, 0.12304910272359848], [0.12304910272359848, 0.0]]","[[0.0, 0.12304910272359848], [0.12304910272359848, 0.0]]","[0.7337198257446289, 0.31480711698532104]","[[0.0, 0.36718079447746277], [0.36718079447746277, 0.0]]",False,0.0,0.14199383556842804,10
AmirM.MHosseini.seq1,33.5006217956543,4.787737846374512,0.1925399750471115,0.11468271911144257,"[2.1262152194976807, 4.631554126739502]","[[0.0, 15.795462608337402], [15.795462608337402, 0.0]]","[0.29421883821487427, 0.19342947006225586]","[0.11468271911144257, 0.11468271911144257]","[[0.0, 0.11468271911144257], [0.11468271911144257, 0.0]]","[[0.0, 0.11468271911144257], [0.11468271911144257, 0.0]]","[0.400248646736145, 0.3288004696369171]","[[0.0, 0.3350062072277069], [0.3350062072277069, 0.0]]",False,0.0,0.13025416433811188,10
keaun.GWFGVVFKADIARDSEFVAILESQGYLSSITTFSGWNQ,32.618526458740234,4.9453606605529785,0.20524965226650238,0.1479354351758957,"[1.6890240907669067, 4.7207207679748535]","[[0.0, 14.84918212890625], [14.84918212890625, 0.0]]","[0.29187050461769104, 0.20689964294433594]","[0.1479354351758957, 0.1479354351758957]","[[0.0, 0.1479354351758957], [0.1479354351758957, 0.0]]","[[0.0, 0.1479354351758957], [0.1479354351758957, 0.0]]","[0.32408344745635986, 0.32631781697273254]","[[0.0, 0.3261852562427521], [0.3261852562427521, 0.0]]",False,0.0,0.15939828753471375,10
chrisxushaoyong.hu_nano1_1_ff3e18,37.3259162902832,4.308193683624268,0.23945465683937073,0.11935911327600479,"[1.3743125200271606, 4.5080695152282715]","[[0.0, 14.754895210266113], [14.754895210266113, 0.0]]","[0.6890487670898438, 0.21505093574523926]","[0.11935911327600479, 0.11935911327600479]","[[0.0, 0.11935911327600479], [0.11935911327600479, 0.0]]","[[0.0, 0.11935911327600479], [0.11935911327600479, 0.0]]","[0.5759037137031555, 0.3333076536655426]","[[0.0, 0.37325915694236755], [0.37325915694236755, 0.0]]",False,0.0,0.14337822794914246,10
qilin_y.test7,33.55518341064453,4.876328945159912,0.20923367142677307,0.11942651122808456,"[1.9216413497924805, 4.577821731567383]","[[0.0, 16.100618362426758], [16.100618362426758, 0.0]]","[0.160597562789917, 0.20980572700500488]","[0.11942651122808456, 0.11942651122808456]","[[0.0, 0.11942651122808456], [0.11942651122808456, 0.0]]","[[0.0, 0.11942651122808456], [0.11942651122808456, 0.0]]","[0.33365166187286377, 0.3356589078903198]","[[0.0, 0.33555182814598083], [0.33555182814598083, 0.0]]",False,0.0,0.1373879462480545,10
zulfatmi.pocket2pep63,33.6604118347168,4.713940143585205,0.19282492995262146,0.11579684913158417,"[1.2310523986816406, 4.604397296905518]","[[0.0, 16.222782135009766], [16.222782135009766, 0.0]]","[0.04814932122826576, 0.19295528531074524]","[0.11579684913158417, 0.11579684913158417]","[[0.0, 0.11579684913158417], [0.11579684913158417, 0.0]]","[[0.0, 0.11579684913158417], [0.11579684913158417, 0.0]]","[0.36859554052352905, 0.33563897013664246]","[[0.0, 0.33660411834716797], [0.33660411834716797, 0.0]]",False,0.0,0.13120245933532715,10
qxy615.s1_rfd_comp_beta_782_81,35.81703567504883,4.505296230316162,0.2096026986837387,0.1175275519490242,"[1.341878056526184, 4.5642852783203125]","[[0.0, 14.532594680786133], [14.532594680786133, 0.0]]","[0.7323108911514282, 0.21363894641399384]","[0.1175275519490242, 0.1175275519490242]","[[0.0, 0.1175275519490242], [0.1175275519490242, 0.0]]","[[0.0, 0.1175275519490242], [0.1175275519490242, 0.0]]","[0.6217878460884094, 0.3250870406627655]","[[0.0, 0.35817036032676697], [0.35817036032676697, 0.0]]",False,0.0,0.13594257831573486,10
Cetuximab_scFv,41.270076751708984,4.344527244567871,0.2334987223148346,0.1809920072555542,"[1.9841402769088745, 4.54701566696167]","[[0.0, 15.78225326538086], [15.78225326538086, 0.0]]","[0.4521591365337372, 0.21023927628993988]","[0.1809920072555542, 0.1809920072555542]","[[0.0, 0.1809920072555542], [0.1809920072555542, 0.0]]","[[0.0, 0.1809920072555542], [0.1809920072555542, 0.0]]","[0.5932274460792542, 0.3437504172325134]","[[0.0, 0.4127007722854614], [0.4127007722854614, 0.0]]",False,0.0,0.19149336218833923,10
a.tucs.Andrejs_Tucs_seq3,32.62263107299805,4.863059997558594,0.1964736133813858,0.11382119357585907,"[2.773279905319214, 4.712587356567383]","[[0.0, 16.33629608154297], [16.33629608154297, 0.0]]","[0.19178307056427002, 0.19726331532001495]","[0.11382119357585907, 0.11382119357585907]","[[0.0, 0.11382119357585907], [0.11382119357585907, 0.0]]","[[0.0, 0.11382119357585907], [0.11382119357585907, 0.0]]","[0.35701391100883484, 0.3239106237888336]","[[0.0, 0.32622629404067993], [0.32622629404067993, 0.0]]",False,0.0,0.13035167753696442,10
nicholas-schnicker.schnick_04,37.22330856323242,4.523575305938721,0.231932133436203,0.3637331426143646,"[0.42252469062805176, 4.845100402832031]","[[0.0, 14.890959739685059], [14.890959739685059, 0.0]]","[0.8564440011978149, 0.2022550255060196]","[0.3637331426143646, 0.3637331426143646]","[[0.0, 0.3637331426143646], [0.3637331426143646, 0.0]]","[[0.0, 0.3637331426143646], [0.3637331426143646, 0.0]]","[0.7172288298606873, 0.3206246793270111]","[[0.0, 0.3722330927848816], [0.3722330927848816, 0.0]]",False,0.0,0.33737292885780334,10
antorsae.T0.1_sample939_score0.9451_global_score1.3625_seq_recovery0.4250,33.520450592041016,4.646443843841553,0.20956715941429138,0.11977702379226685,"[1.9071130752563477, 4.468009948730469]","[[0.0, 13.813334465026855], [13.813334465026855, 0.0]]","[0.25212255120277405, 0.21065080165863037]","[0.11977702379226685, 0.11977702379226685]","[[0.0, 0.11977702379226685], [0.11977702379226685, 0.0]]","[[0.0, 0.11977702379226685], [0.11977702379226685, 0.0]]","[0.34890618920326233, 0.3342600464820862]","[[0.0, 0.33520451188087463], [0.33520451188087463, 0.0]]",False,0.0,0.137735053896904,10
aswini.seed1_1,34.46165084838867,4.706828594207764,0.2025584876537323,0.11135029047727585,"[2.7311742305755615, 4.485623359680176]","[[0.0, 17.01504135131836], [17.01504135131836, 0.0]]","[0.17310084402561188, 0.20346693694591522]","[0.11135029047727585, 0.11135029047727585]","[[0.0, 0.11135029047727585], [0.11135029047727585, 0.0]]","[[0.0, 0.11135029047727585], [0.11135029047727585, 0.0]]","[0.34646695852279663, 0.34446415305137634]","[[0.0, 0.34461650252342224], [0.34461650252342224, 0.0]]",False,0.0,0.1295919418334961,10
stocco.filippo.1.3.3.18_13_0_iteration12_1.0279718223732435,34.253875732421875,4.581385135650635,0.20745541155338287,0.10895510762929916,"[2.5673389434814453, 4.41806173324585]","[[0.0, 15.906494140625], [15.906494140625, 0.0]]","[0.14243178069591522, 0.20875972509384155]","[0.10895510762929916, 0.10895510762929916]","[[0.0, 0.10895510762929916], [0.10895510762929916, 0.0]]","[[0.0, 0.10895510762929916], [0.10895510762929916, 0.0]]","[0.3373737037181854, 0.34291860461235046]","[[0.0, 0.3425387740135193], [0.3425387740135193, 0.0]]",False,0.0,0.12865516543388367,10
merlettaia.seq52v3,33.00198745727539,4.93310022354126,0.20140613615512848,0.11340007930994034,"[3.6381077766418457, 4.7429423332214355]","[[0.0, 15.582269668579102], [15.582269668579102, 0.0]]","[0.23870031535625458, 0.20467627048492432]","[0.11340007930994034, 0.11340007930994034]","[[0.0, 0.11340007930994034], [0.11340007930994034, 0.0]]","[[0.0, 0.11340007930994034], [0.11340007930994034, 0.0]]","[0.32372337579727173, 0.3313642144203186]","[[0.0, 0.33001989126205444], [0.33001989126205444, 0.0]]",False,0.0,0.1310012936592102,10
biolucasmachado.engineered_binder_8,34.73955535888672,4.5571699142456055,0.2138761281967163,0.10951048880815506,"[2.4148812294006348, 4.414707183837891]","[[0.0, 15.826123237609863], [15.826123237609863, 0.0]]","[0.28491806983947754, 0.21616077423095703]","[0.10951048880815506, 0.10951048880815506]","[[0.0, 0.10951048880815506], [0.10951048880815506, 0.0]]","[[0.0, 0.10951048880815506], [0.10951048880815506, 0.0]]","[0.36425748467445374, 0.3458128869533539]","[[0.0, 0.34739553928375244], [0.34739553928375244, 0.0]]",False,0.0,0.13038361072540283,10
tim.silica_corpora_sampled_epitope_0_generated_variant_1_rank_8_phase_2,36.98491287231445,4.4705657958984375,0.24308697879314423,0.12465309351682663,"[1.2547823190689087, 4.734310150146484]","[[0.0, 15.677218437194824], [15.677218437194824, 0.0]]","[0.7454561591148376, 0.1944728046655655]","[0.12465309351682663, 0.12465309351682663]","[[0.0, 0.12465309351682663], [0.12465309351682663, 0.0]]","[[0.0, 0.12465309351682663], [0.12465309351682663, 0.0]]","[0.6226718425750732, 0.3190515339374542]","[[0.0, 0.36984914541244507], [0.36984914541244507, 0.0]]",False,0.0,0.1483398675918579,10
maxall4.EGFR_ED_BINDER_l132_s581930_mpnn1_model1_unrelaxed_rank_001_alphafold2_multimer_v3_model_1_seed_000_top1_mutation_R79A_round1_Chain_A,40.16673278808594,4.357287406921387,0.27052173018455505,0.18042922019958496,"[0.36556190252304077, 4.800396919250488]","[[0.0, 16.709089279174805], [16.709089279174805, 0.0]]","[0.9053553938865662, 0.1951414793729782]","[0.18042922019958496, 0.18042922019958496]","[[0.0, 0.18042922019958496], [0.18042922019958496, 0.0]]","[[0.0, 0.18042922019958496], [0.18042922019958496, 0.0]]","[0.777717113494873, 0.31831079721450806]","[[0.0, 0.4016673266887665], [0.4016673266887665, 0.0]]",False,0.0,0.19844771921634674,10
s1995825.cotimed_egf_netsolp_usability_6,33.762733459472656,4.720956802368164,0.19500727951526642,0.10970732569694519,"[2.513695001602173, 4.58800745010376]","[[0.0, 16.35637092590332], [16.35637092590332, 0.0]]","[0.22227083146572113, 0.19588243961334229]","[0.10970732569694519, 0.10970732569694519]","[[0.0, 0.10970732569694519], [0.10970732569694519, 0.0]]","[[0.0, 0.10970732569694519], [0.10970732569694519, 0.0]]","[0.38480934500694275, 0.3339500427246094]","[[0.0, 0.3376273214817047], [0.3376273214817047, 0.0]]",False,0.0,0.1267673224210739,10
cameron.kroll.Gertrude_gen5,41.50967025756836,4.093207359313965,0.28208863735198975,0.12105272710323334,"[0.37295424938201904, 4.734203815460205]","[[0.0, 17.101194381713867], [17.101194381713867, 0.0]]","[0.8972537517547607, 0.19610130786895752]","[0.12105272710323334, 0.12105272710323334]","[[0.0, 0.12105272710323334], [0.12105272710323334, 0.0]]","[[0.0, 0.12105272710323334], [0.12105272710323334, 0.0]]","[0.7974435687065125, 0.31888914108276367]","[[0.0, 0.4150967001914978], [0.4150967001914978, 0.0]]",False,0.0,0.15325991809368134,10
elian.elian1,36.698001861572266,4.375346660614014,0.2245764583349228,0.1703200340270996,"[0.5549874901771545, 4.5979413986206055]","[[0.0, 15.478652000427246], [15.478652000427246, 0.0]]","[0.6472456455230713, 0.20228707790374756]","[0.1703200340270996, 0.1703200340270996]","[[0.0, 0.1703200340270996], [0.1703200340270996, 0.0]]","[[0.0, 0.1703200340270996], [0.1703200340270996, 0.0]]","[0.6705953478813171, 0.3181903660297394]","[[0.0, 0.36698001623153687], [0.36698001623153687, 0.0]]",False,0.0,0.18117131292819977,10
elian.elian2,36.3187370300293,4.409022331237793,0.2286348193883896,0.28750088810920715,"[0.7657367587089539, 4.6429901123046875]","[[0.0, 15.97879409790039], [15.97879409790039, 0.0]]","[0.7022455930709839, 0.19653093814849854]","[0.28750088810920715, 0.28750088810920715]","[[0.0, 0.28750088810920715], [0.28750088810920715, 0.0]]","[[0.0, 0.28750088810920715], [0.28750088810920715, 0.0]]","[0.6758142113685608, 0.31268763542175293]","[[0.0, 0.36318737268447876], [0.36318737268447876, 0.0]]",False,0.0,0.27572768926620483,10
lhallee.lhallee_20_on_target_2000,32.152992248535156,4.950434684753418,0.1931075155735016,0.11362837255001068,"[1.2387722730636597, 4.825979709625244]","[[0.0, 15.586841583251953], [15.586841583251953, 0.0]]","[0.10372109711170197, 0.19358333945274353]","[0.11362837255001068, 0.11362837255001068]","[[0.0, 0.11362837255001068], [0.11362837255001068, 0.0]]","[[0.0, 0.11362837255001068], [0.11362837255001068, 0.0]]","[0.32170844078063965, 0.3215239644050598]","[[0.0, 0.32152992486953735], [0.32152992486953735, 0.0]]",False,0.0,0.12952420115470886,10
s1995825.cotimed_egf_netsolp_usability_8,35.4749870300293,4.457159996032715,0.21046048402786255,0.12157648056745529,"[1.6143079996109009, 4.419972896575928]","[[0.0, 14.751837730407715], [14.751837730407715, 0.0]]","[0.34210288524627686, 0.2119118571281433]","[0.12157648056745529, 0.12157648056745529]","[[0.0, 0.12157648056745529], [0.12157648056745529, 0.0]]","[[0.0, 0.12157648056745529], [0.12157648056745529, 0.0]]","[0.47567319869995117, 0.34537601470947266]","[[0.0, 0.3547498881816864], [0.3547498881816864, 0.0]]",False,0.0,0.13935327529907227,10
ssomani.17,41.319801330566406,4.184093952178955,0.282915323972702,0.11239508539438248,"[0.5679974555969238, 4.8936309814453125]","[[0.0, 18.12177276611328], [18.12177276611328, 0.0]]","[0.8396465182304382, 0.19730864465236664]","[0.11239508539438248, 0.11239508539438248]","[[0.0, 0.11239508539438248], [0.11239508539438248, 0.0]]","[[0.0, 0.11239508539438248], [0.11239508539438248, 0.0]]","[0.7560431957244873, 0.31838226318359375]","[[0.0, 0.41319799423217773], [0.41319799423217773, 0.0]]",False,0.0,0.1464991420507431,10
stocco.filippo.1.3.3.18_65_0_iteration3_1.028317065130863,32.86925506591797,4.938802719116211,0.19597239792346954,0.10815606266260147,"[2.563035249710083, 4.846324920654297]","[[0.0, 16.49576187133789], [16.49576187133789, 0.0]]","[0.23725681006908417, 0.19734270870685577]","[0.10815606266260147, 0.10815606266260147]","[[0.0, 0.10815606266260147], [0.10815606266260147, 0.0]]","[[0.0, 0.10815606266260147], [0.10815606266260147, 0.0]]","[0.38878700137138367, 0.32317790389060974]","[[0.0, 0.32869255542755127], [0.32869255542755127, 0.0]]",False,0.0,0.1257193386554718,10
minji.lee.111,33.68013381958008,4.796915531158447,0.20138733088970184,0.12425056099891663,"[1.235914945602417, 4.7946248054504395]","[[0.0, 15.483756065368652], [15.483756065368652, 0.0]]","[0.5320308804512024, 0.20341014862060547]","[0.12425056099891663, 0.12425056099891663]","[[0.0, 0.12425056099891663], [0.12425056099891663, 0.0]]","[[0.0, 0.12425056099891663], [0.12425056099891663, 0.0]]","[0.536558210849762, 0.3144945204257965]","[[0.0, 0.33680132031440735], [0.33680132031440735, 0.0]]",False,0.0,0.13967791199684143,10
a.tucs.Andrejs_Tucs_seq4,35.16542434692383,4.603899955749512,0.2253582924604416,0.2614533603191376,"[2.5215771198272705, 4.452944755554199]","[[0.0, 15.015257835388184], [15.015257835388184, 0.0]]","[0.2896539866924286, 0.21641169488430023]","[0.2614533603191376, 0.2614533603191376]","[[0.0, 0.2614533603191376], [0.2614533603191376, 0.0]]","[[0.0, 0.2614533603191376], [0.2614533603191376, 0.0]]","[0.38415250182151794, 0.34918269515037537]","[[0.0, 0.3516542613506317], [0.3516542613506317, 0.0]]",False,0.0,0.25423434376716614,10
amelie.schreiber.model_83_156_16,37.910301208496094,4.298473358154297,0.2443576455116272,0.12230432033538818,"[0.5192695260047913, 4.622538089752197]","[[0.0, 15.676021575927734], [15.676021575927734, 0.0]]","[0.8127564787864685, 0.2053901106119156]","[0.12230432033538818, 0.12230432033538818]","[[0.0, 0.12230432033538818], [0.12230432033538818, 0.0]]","[[0.0, 0.12230432033538818], [0.12230432033538818, 0.0]]","[0.7072048783302307, 0.31812959909439087]","[[0.0, 0.37910300493240356], [0.37910300493240356, 0.0]]",False,0.0,0.146714985370636,10
jvogt4.vogt_scFV_2470,38.228790283203125,4.914073944091797,0.21646645665168762,0.1426629275083542,"[3.4831511974334717, 4.741255283355713]","[[0.0, 15.779989242553711], [15.779989242553711, 0.0]]","[0.36966684460639954, 0.20120985805988312]","[0.1426629275083542, 0.1426629275083542]","[[0.0, 0.1426629275083542], [0.1426629275083542, 0.0]]","[[0.0, 0.1426629275083542], [0.1426629275083542, 0.0]]","[0.530774712562561, 0.32576146721839905]","[[0.0, 0.3822879195213318], [0.3822879195213318, 0.0]]",False,0.0,0.15742363035678864,10
s1995825.cotimed_egf_netsolp_usability_3,33.0187873840332,4.795616626739502,0.18796101212501526,0.10686898976564407,"[2.041820764541626, 4.716611385345459]","[[0.0, 16.089305877685547], [16.089305877685547, 0.0]]","[0.24669353663921356, 0.18895523250102997]","[0.10686898976564407, 0.10686898976564407]","[[0.0, 0.10686898976564407], [0.10686898976564407, 0.0]]","[[0.0, 0.10686898976564407], [0.10686898976564407, 0.0]]","[0.4087957739830017, 0.3239625096321106]","[[0.0, 0.3301878571510315], [0.3301878571510315, 0.0]]",False,0.0,0.12308739870786667,10
salireza111.Seq119_3_001_8,36.4915771484375,4.296878337860107,0.21400325000286102,0.12930282950401306,"[0.7515660524368286, 4.31290864944458]","[[0.0, 17.2220401763916], [17.2220401763916, 0.0]]","[0.6017744541168213, 0.21693135797977448]","[0.12930282950401306, 0.12930282950401306]","[[0.0, 0.12930282950401306], [0.12930282950401306, 0.0]]","[[0.0, 0.12930282950401306], [0.12930282950401306, 0.0]]","[0.6294507384300232, 0.346293568611145]","[[0.0, 0.36491578817367554], [0.36491578817367554, 0.0]]",False,0.0,0.1462429165840149,10
allongoldberg.4_44,37.890323638916016,4.249528408050537,0.2262200117111206,0.11828131973743439,"[1.24053156375885, 4.516940116882324]","[[0.0, 14.824728965759277], [14.824728965759277, 0.0]]","[0.5281218886375427, 0.2131088674068451]","[0.11828131973743439, 0.11828131973743439]","[[0.0, 0.11828131973743439], [0.11828131973743439, 0.0]]","[[0.0, 0.11828131973743439], [0.11828131973743439, 0.0]]","[0.559738039970398, 0.33374184370040894]","[[0.0, 0.37890323996543884], [0.37890323996543884, 0.0]]",False,0.0,0.1398690640926361,10
hughy.7om4_B_A_17_rnd2_v2_full,33.41674041748047,4.745707988739014,0.20038260519504547,0.11675392091274261,"[3.2602767944335938, 4.622875213623047]","[[0.0, 14.604449272155762], [14.604449272155762, 0.0]]","[0.3523116111755371, 0.20312203466892242]","[0.11675392091274261, 0.11675392091274261]","[[0.0, 0.11675392091274261], [0.11675392091274261, 0.0]]","[[0.0, 0.11675392091274261], [0.11675392091274261, 0.0]]","[0.4051285982131958, 0.3203854560852051]","[[0.0, 0.33416739106178284], [0.33416739106178284, 0.0]]",False,0.0,0.13347965478897095,10
ccalia.Paesani_Lab_design3,42.16016387939453,4.135889530181885,0.23682844638824463,0.22076267004013062,"[1.345191240310669, 4.467939376831055]","[[0.0, 15.813267707824707], [15.813267707824707, 0.0]]","[0.3383116126060486, 0.21066461503505707]","[0.22076267004013062, 0.22076267004013062]","[[0.0, 0.22076267004013062], [0.22076267004013062, 0.0]]","[[0.0, 0.22076267004013062], [0.22076267004013062, 0.0]]","[0.6216123104095459, 0.34064191579818726]","[[0.0, 0.42160162329673767], [0.42160162329673767, 0.0]]",False,0.0,0.22397583723068237,10
colby.TUPEGFR_001___anti-EGFR_Fv-like_protein_diffused_with_EvoDiff,32.261478424072266,5.229076862335205,0.19719849526882172,0.11829415708780289,"[4.594420909881592, 4.677645206451416]","[[0.0, 16.48689842224121], [16.48689842224121, 0.0]]","[0.21448002755641937, 0.20088332891464233]","[0.11829415708780289, 0.11829415708780289]","[[0.0, 0.11829415708780289], [0.11829415708780289, 0.0]]","[[0.0, 0.11829415708780289], [0.11829415708780289, 0.0]]","[0.3011511564254761, 0.3312174081802368]","[[0.0, 0.32261478900909424], [0.32261478900909424, 0.0]]",False,0.0,0.13407503068447113,10
s1995825.cotimed_egf_netsolp_usability_1,34.72271728515625,4.610472202301025,0.20608630776405334,0.10708385705947876,"[2.966923236846924, 4.423831462860107]","[[0.0, 15.686820030212402], [15.686820030212402, 0.0]]","[0.1617453545331955, 0.20774072408676147]","[0.10708385705947876, 0.10708385705947876]","[[0.0, 0.10708385705947876], [0.10708385705947876, 0.0]]","[[0.0, 0.10708385705947876], [0.10708385705947876, 0.0]]","[0.3418717384338379, 0.34764790534973145]","[[0.0, 0.34722715616226196], [0.34722715616226196, 0.0]]",False,0.0,0.1268843561410904,10
antorsae.TA_5_2,32.380096435546875,4.860476016998291,0.1961216926574707,0.10756238549947739,"[1.9741989374160767, 4.752989768981934]","[[0.0, 16.46293067932129], [16.46293067932129, 0.0]]","[0.2622174322605133, 0.196780726313591]","[0.10756238549947739, 0.10756238549947739]","[[0.0, 0.10756238549947739], [0.10756238549947739, 0.0]]","[[0.0, 0.10756238549947739], [0.10756238549947739, 0.0]]","[0.3783303499221802, 0.32067060470581055]","[[0.0, 0.3238009512424469], [0.3238009512424469, 0.0]]",False,0.0,0.12527424097061157,10
z_peplib.pepseq_design_6,34.39898681640625,4.708329200744629,0.2052161991596222,0.10799475014209747,"[2.2770609855651855, 4.552296161651611]","[[0.0, 16.733417510986328], [16.733417510986328, 0.0]]","[0.2763434052467346, 0.20656800270080566]","[0.10799475014209747, 0.10799475014209747]","[[0.0, 0.10799475014209747], [0.10799475014209747, 0.0]]","[[0.0, 0.10799475014209747], [0.10799475014209747, 0.0]]","[0.41674044728279114, 0.3379083275794983]","[[0.0, 0.34398987889289856], [0.34398987889289856, 0.0]]",False,0.0,0.12743903696537018,10
kerrding.seq8,34.70267105102539,4.551154613494873,0.20940285921096802,0.1286594122648239,"[1.6449756622314453, 4.456162452697754]","[[0.0, 15.13891315460205], [15.13891315460205, 0.0]]","[0.38323500752449036, 0.2104746252298355]","[0.1286594122648239, 0.1286594122648239]","[[0.0, 0.1286594122648239], [0.1286594122648239, 0.0]]","[[0.0, 0.1286594122648239], [0.1286594122648239, 0.0]]","[0.4203113913536072, 0.34050124883651733]","[[0.0, 0.3470267057418823], [0.3470267057418823, 0.0]]",False,0.0,0.1448080986738205,10
724928537.DBZ7___A,36.27088165283203,4.482752799987793,0.2290545403957367,0.12600475549697876,"[1.7189236879348755, 4.6200079917907715]","[[0.0, 15.29745864868164], [15.29745864868164, 0.0]]","[0.6663005948066711, 0.2024964988231659]","[0.12600475549697876, 0.12600475549697876]","[[0.0, 0.12600475549697876], [0.12600475549697876, 0.0]]","[[0.0, 0.12600475549697876], [0.12600475549697876, 0.0]]","[0.5584990382194519, 0.32468289136886597]","[[0.0, 0.36270880699157715], [0.36270880699157715, 0.0]]",False,0.0,0.14661471545696259,10
aureliabustos.wt_noised_I_scaffold_shorted_var71,33.12518310546875,4.990990161895752,0.19477613270282745,0.10611038655042648,"[2.345479965209961, 4.7942094802856445]","[[0.0, 16.486988067626953], [16.486988067626953, 0.0]]","[0.19133512675762177, 0.19593021273612976]","[0.10611038655042648, 0.10611038655042648]","[[0.0, 0.10611038655042648], [0.10611038655042648, 0.0]]","[[0.0, 0.10611038655042648], [0.10611038655042648, 0.0]]","[0.3555973768234253, 0.32925745844841003]","[[0.0, 0.3312518298625946], [0.3312518298625946, 0.0]]",False,0.0,0.12384353578090668,10
mosquitolkfo.nAb_design_9,34.62873458862305,4.61050271987915,0.2070893794298172,0.10738959163427353,"[2.757697105407715, 4.515072345733643]","[[0.0, 15.657832145690918], [15.657832145690918, 0.0]]","[0.2923333942890167, 0.21257947385311127]","[0.10738959163427353, 0.10738959163427353]","[[0.0, 0.10738959163427353], [0.10738959163427353, 0.0]]","[[0.0, 0.10738959163427353], [0.10738959163427353, 0.0]]","[0.4034295380115509, 0.3342914283275604]","[[0.0, 0.346287339925766], [0.346287339925766, 0.0]]",False,0.0,0.12732955813407898,10
aureliabustos.wwt_noised_I_scaffold_shorted_var9391,32.888675689697266,4.857923984527588,0.19227923452854156,0.1136554479598999,"[2.2690045833587646, 4.746783256530762]","[[0.0, 15.96920108795166], [15.96920108795166, 0.0]]","[0.23823001980781555, 0.19226457178592682]","[0.1136554479598999, 0.1136554479598999]","[[0.0, 0.1136554479598999], [0.1136554479598999, 0.0]]","[[0.0, 0.1136554479598999], [0.1136554479598999, 0.0]]","[0.38803815841674805, 0.32402873039245605]","[[0.0, 0.3288867473602295], [0.3288867473602295, 0.0]]",False,0.0,0.1293802112340927,10
mlange05.B,40.735347747802734,4.104074001312256,0.32229843735694885,0.2524605095386505,"[0.7127371430397034, 4.805497169494629]","[[0.0, 14.193013191223145], [14.193013191223145, 0.0]]","[0.7635104656219482, 0.19568470120429993]","[0.2524605095386505, 0.2524605095386505]","[[0.0, 0.2524605095386505], [0.2524605095386505, 0.0]]","[[0.0, 0.2524605095386505], [0.2524605095386505, 0.0]]","[0.6898576617240906, 0.3107587397098541]","[[0.0, 0.4073534607887268], [0.4073534607887268, 0.0]]",False,0.0,0.2664281129837036,10
gitter.yolo23,35.13437271118164,4.600103855133057,0.2046801596879959,0.10652124136686325,"[0.4484563171863556, 4.714634418487549]","[[0.0, 16.24929428100586], [16.24929428100586, 0.0]]","[0.7010163068771362, 0.20665936172008514]","[0.10652124136686325, 0.10652124136686325]","[[0.0, 0.10652124136686325], [0.10652124136686325, 0.0]]","[[0.0, 0.10652124136686325], [0.10652124136686325, 0.0]]","[0.6799648404121399, 0.31994810700416565]","[[0.0, 0.35134372115135193], [0.35134372115135193, 0.0]]",False,0.0,0.12615302205085754,10
jvogt4.vogt_scFV_2143,46.42690658569336,3.8747382164001465,0.36232373118400574,0.5566703081130981,"[0.7812291383743286, 4.624406337738037]","[[0.0, 14.897233963012695], [14.897233963012695, 0.0]]","[0.8433928489685059, 0.20364807546138763]","[0.5566703081130981, 0.5566703081130981]","[[0.0, 0.5566703081130981], [0.5566703081130981, 0.0]]","[[0.0, 0.5566703081130981], [0.5566703081130981, 0.0]]","[0.7892007231712341, 0.3401646614074707]","[[0.0, 0.46426907181739807], [0.46426907181739807, 0.0]]",False,0.0,0.5178009867668152,10
merlettaia.seq6v4,36.10287857055664,4.543633937835693,0.230365589261055,0.12308046221733093,"[2.017239570617676, 4.620235443115234]","[[0.0, 15.865160942077637], [15.865160942077637, 0.0]]","[0.6223321557044983, 0.20455507934093475]","[0.12308046221733093, 0.12308046221733093]","[[0.0, 0.12308046221733093], [0.12308046221733093, 0.0]]","[[0.0, 0.12308046221733093], [0.12308046221733093, 0.0]]","[0.535971462726593, 0.3261355757713318]","[[0.0, 0.361028790473938], [0.361028790473938, 0.0]]",False,0.0,0.14453749358654022,10
jakublala.full_dibinder_45aa_2.pdb,34.65718078613281,4.835796356201172,0.1978086680173874,0.2036827951669693,"[0.8875605463981628, 4.703005313873291]","[[0.0, 16.974088668823242], [16.974088668823242, 0.0]]","[0.44195252656936646, 0.19192293286323547]","[0.2036827951669693, 0.2036827951669693]","[[0.0, 0.2036827951669693], [0.2036827951669693, 0.0]]","[[0.0, 0.2036827951669693], [0.2036827951669693, 0.0]]","[0.4849244952201843, 0.33538299798965454]","[[0.0, 0.34657180309295654], [0.34657180309295654, 0.0]]",False,0.0,0.20250797271728516,10
duynth29.Duy_L111_mpnn14,38.65470504760742,4.359205722808838,0.24914400279521942,0.2050609141588211,"[0.3936834931373596, 4.683441638946533]","[[0.0, 15.675216674804688], [15.675216674804688, 0.0]]","[0.8973877429962158, 0.20480389893054962]","[0.2050609141588211, 0.2050609141588211]","[[0.0, 0.2050609141588211], [0.2050609141588211, 0.0]]","[[0.0, 0.2050609141588211], [0.2050609141588211, 0.0]]","[0.7542306780815125, 0.3184489905834198]","[[0.0, 0.3865470588207245], [0.3865470588207245, 0.0]]",False,0.0,0.21387752890586853,10
mosquitolkfo.nAb_design_7,32.79187774658203,4.845070838928223,0.19951516389846802,0.12240911275148392,"[3.4403624534606934, 4.643625736236572]","[[0.0, 15.177974700927734], [15.177974700927734, 0.0]]","[0.2173275500535965, 0.20281264185905457]","[0.12240911275148392, 0.12240911275148392]","[[0.0, 0.12240911275148392], [0.12240911275148392, 0.0]]","[[0.0, 0.12240911275148392], [0.12240911275148392, 0.0]]","[0.3430739939212799, 0.32473087310791016]","[[0.0, 0.32791876792907715], [0.32791876792907715, 0.0]]",False,0.0,0.13783033192157745,10
darius.szablowski.EGFR_binder_3___ggggs_3_linked_top_binders_1_rev_and_2_rev,37.34224319458008,4.5261549949646,0.20924952626228333,0.11395392566919327,"[2.244697332382202, 4.5901780128479]","[[0.0, 15.689689636230469], [15.689689636230469, 0.0]]","[0.377886027097702, 0.2066108137369156]","[0.11395392566919327, 0.11395392566919327]","[[0.0, 0.11395392566919327], [0.11395392566919327, 0.0]]","[[0.0, 0.11395392566919327], [0.11395392566919327, 0.0]]","[0.45783182978630066, 0.3455689251422882]","[[0.0, 0.37342244386672974], [0.37342244386672974, 0.0]]",False,0.0,0.133013054728508,10
julian.faust.PimurutamabxBecotatug_scfv,44.40184020996094,4.159350395202637,0.3182864785194397,0.13044773042201996,"[1.1438575983047485, 4.744482517242432]","[[0.0, 15.449356079101562], [15.449356079101562, 0.0]]","[0.7292750477790833, 0.20268434286117554]","[0.13044773042201996, 0.13044773042201996]","[[0.0, 0.13044773042201996], [0.13044773042201996, 0.0]]","[[0.0, 0.13044773042201996], [0.13044773042201996, 0.0]]","[0.7399183511734009, 0.33050644397735596]","[[0.0, 0.4440183937549591], [0.4440183937549591, 0.0]]",False,0.0,0.1680154800415039,10
jakublala.epitope_1_30aa.pdb,32.339420318603516,4.893833637237549,0.19645340740680695,0.11699285358190536,"[0.6254147887229919, 4.784374713897705]","[[0.0, 15.95788288116455], [15.95788288116455, 0.0]]","[0.5027250647544861, 0.19631335139274597]","[0.11699285358190536, 0.11699285358190536]","[[0.0, 0.11699285358190536], [0.11699285358190536, 0.0]]","[[0.0, 0.11699285358190536], [0.11699285358190536, 0.0]]","[0.48536229133605957, 0.3145713210105896]","[[0.0, 0.32339420914649963], [0.32339420914649963, 0.0]]",False,0.0,0.13288496434688568,10
aureliabustos.wwt_noised_I_scaffold_shorted_var7524,32.658729553222656,4.974542140960693,0.1973346620798111,0.11426728218793869,"[2.4872429370880127, 4.883257865905762]","[[0.0, 16.16511344909668], [16.16511344909668, 0.0]]","[0.2254769504070282, 0.19761061668395996]","[0.11426728218793869, 0.11426728218793869]","[[0.0, 0.11426728218793869], [0.11426728218793869, 0.0]]","[[0.0, 0.11426728218793869], [0.11426728218793869, 0.0]]","[0.3878948390483856, 0.32152649760246277]","[[0.0, 0.3265872895717621], [0.3265872895717621, 0.0]]",False,0.0,0.13088075816631317,10
binom16.pocket2pep89,34.1429557800293,4.59388542175293,0.21417561173439026,0.12081292271614075,"[1.0530959367752075, 4.431133270263672]","[[0.0, 16.132919311523438], [16.132919311523438, 0.0]]","[0.04661053419113159, 0.21466979384422302]","[0.12081292271614075, 0.12081292271614075]","[[0.0, 0.12081292271614075], [0.12081292271614075, 0.0]]","[[0.0, 0.12081292271614075], [0.12081292271614075, 0.0]]","[0.3206366002559662, 0.34206998348236084]","[[0.0, 0.34142956137657166], [0.34142956137657166, 0.0]]",False,0.0,0.1394854635000229,10
keaun.GAFPVVFKADIARVSEFVAIGPSTGYLGSLTTMSGVNQ,32.32752227783203,5.082092761993408,0.2036263793706894,0.16842913627624512,"[2.17751407623291, 4.681410789489746]","[[0.0, 14.373177528381348], [14.373177528381348, 0.0]]","[0.1223272755742073, 0.20379088819026947]","[0.16842913627624512, 0.16842913627624512]","[[0.0, 0.16842913627624512], [0.16842913627624512, 0.0]]","[[0.0, 0.16842913627624512], [0.16842913627624512, 0.0]]","[0.26607659459114075, 0.32655876874923706]","[[0.0, 0.32327520847320557], [0.32327520847320557, 0.0]]",False,0.0,0.1754685938358307,10
lennart.nickel.EGFR_l170_s20625_mpnn10,43.2272834777832,3.980036735534668,0.3144913911819458,0.23402750492095947,"[0.5354741215705872, 4.493515968322754]","[[0.0, 14.785487174987793], [14.785487174987793, 0.0]]","[0.8445345163345337, 0.20687873661518097]","[0.23402750492095947, 0.23402750492095947]","[[0.0, 0.23402750492095947], [0.23402750492095947, 0.0]]","[[0.0, 0.23402750492095947], [0.23402750492095947, 0.0]]","[0.7357178330421448, 0.3444753587245941]","[[0.0, 0.43227285146713257], [0.43227285146713257, 0.0]]",False,0.0,0.25012028217315674,10
jack.li.EGFRbindingCandidate_7,32.3328742980957,5.20442533493042,0.1937643140554428,0.11447401344776154,"[4.30158805847168, 4.835915565490723]","[[0.0, 16.18521499633789], [16.18521499633789, 0.0]]","[0.2042797952890396, 0.195942223072052]","[0.11447401344776154, 0.11447401344776154]","[[0.0, 0.11447401344776154], [0.11447401344776154, 0.0]]","[[0.0, 0.11447401344776154], [0.11447401344776154, 0.0]]","[0.33595356345176697, 0.31898823380470276]","[[0.0, 0.32332873344421387], [0.32332873344421387, 0.0]]",False,0.0,0.1303320825099945,10
lennart.nickel.EGFR_l139_s63093_mpnn2,40.2386589050293,4.24992036819458,0.274359792470932,0.12559382617473602,"[0.5565447211265564, 4.695688724517822]","[[0.0, 15.099746704101562], [15.099746704101562, 0.0]]","[0.8357136249542236, 0.20421719551086426]","[0.12559382617473602, 0.12559382617473602]","[[0.0, 0.12559382617473602], [0.12559382617473602, 0.0]]","[[0.0, 0.12559382617473602], [0.12559382617473602, 0.0]]","[0.729468584060669, 0.3235799968242645]","[[0.0, 0.4023866057395935], [0.4023866057395935, 0.0]]",False,0.0,0.15534701943397522,10
pastei5.egfr_binder_01,33.010616302490234,5.0100884437561035,0.19154658913612366,0.10777519643306732,"[2.9325687885284424, 4.739386081695557]","[[0.0, 16.54816436767578], [16.54816436767578, 0.0]]","[0.20642490684986115, 0.19284258782863617]","[0.10777519643306732, 0.10777519643306732]","[[0.0, 0.10777519643306732], [0.10777519643306732, 0.0]]","[[0.0, 0.10777519643306732], [0.10777519643306732, 0.0]]","[0.3587060868740082, 0.3263431489467621]","[[0.0, 0.3301061689853668], [0.3301061689853668, 0.0]]",False,0.0,0.12452948093414307,10
deepsatflow.6aru_final_chain_A_domain_3_l138_s466479_mpnn9,41.90122985839844,4.146517276763916,0.2950882911682129,0.4884589910507202,"[0.42861124873161316, 4.750514030456543]","[[0.0, 14.592145919799805], [14.592145919799805, 0.0]]","[0.89983731508255, 0.19220374524593353]","[0.4884589910507202, 0.4884589910507202]","[[0.0, 0.4884589910507202], [0.4884589910507202, 0.0]]","[[0.0, 0.4884589910507202], [0.4884589910507202, 0.0]]","[0.7825109958648682, 0.3369147777557373]","[[0.0, 0.41901230812072754], [0.41901230812072754, 0.0]]",False,0.0,0.4497848451137543,10
xiuming_li2015.Eureka_seq_3,34.19205093383789,5.108495712280273,0.19581001996994019,0.12000814080238342,"[4.316471576690674, 4.796246528625488]","[[0.0, 14.922674179077148], [14.922674179077148, 0.0]]","[0.24767497181892395, 0.19862069189548492]","[0.12000814080238342, 0.12000814080238342]","[[0.0, 0.12000814080238342], [0.12000814080238342, 0.0]]","[[0.0, 0.12000814080238342], [0.12000814080238342, 0.0]]","[0.391945481300354, 0.32282447814941406]","[[0.0, 0.34192052483558655], [0.34192052483558655, 0.0]]",False,0.0,0.13516852259635925,10
martin.EGFR_l177_s77884_mpnn7,41.0615119934082,4.200980186462402,0.29584968090057373,0.2920655906200409,"[0.8058385252952576, 4.760275840759277]","[[0.0, 15.354799270629883], [15.354799270629883, 0.0]]","[0.7543042898178101, 0.1986149102449417]","[0.2920655906200409, 0.2920655906200409]","[[0.0, 0.2920655906200409], [0.2920655906200409, 0.0]]","[[0.0, 0.2920655906200409], [0.2920655906200409, 0.0]]","[0.6945524215698242, 0.32608234882354736]","[[0.0, 0.41061511635780334], [0.41061511635780334, 0.0]]",False,0.0,0.2928224205970764,10
markus.braun.egfr_binder_8,46.356441497802734,3.8130404949188232,0.34831714630126953,0.19846636056900024,"[0.4434404969215393, 4.646982669830322]","[[0.0, 16.37493133544922], [16.37493133544922, 0.0]]","[0.7898150086402893, 0.20856060087680817]","[0.19846636056900024, 0.19846636056900024]","[[0.0, 0.19846636056900024], [0.19846636056900024, 0.0]]","[[0.0, 0.19846636056900024], [0.19846636056900024, 0.0]]","[0.7596019506454468, 0.33697476983070374]","[[0.0, 0.4635644257068634], [0.4635644257068634, 0.0]]",False,0.0,0.22843652963638306,10
hughy.7om4_B_A_8_rnd2_v2_full,33.99826431274414,4.757724761962891,0.20675623416900635,0.11859756708145142,"[3.2213492393493652, 4.596959114074707]","[[0.0, 15.86776351928711], [15.86776351928711, 0.0]]","[0.30607983469963074, 0.21159416437149048]","[0.11859756708145142, 0.11859756708145142]","[[0.0, 0.11859756708145142], [0.11859756708145142, 0.0]]","[[0.0, 0.11859756708145142], [0.11859756708145142, 0.0]]","[0.38338348269462585, 0.33150798082351685]","[[0.0, 0.33998265862464905], [0.33998265862464905, 0.0]]",False,0.0,0.13622930645942688,10
ccalia.Paesani_Lab_design8,41.06367111206055,4.375410556793213,0.22066643834114075,0.1635485142469406,"[1.1021672487258911, 4.919737339019775]","[[0.0, 16.86337661743164], [16.86337661743164, 0.0]]","[0.3558889329433441, 0.1868695467710495]","[0.1635485142469406, 0.1635485142469406]","[[0.0, 0.1635485142469406], [0.1635485142469406, 0.0]]","[[0.0, 0.1635485142469406], [0.1635485142469406, 0.0]]","[0.646783173084259, 0.3144563138484955]","[[0.0, 0.41063669323921204], [0.41063669323921204, 0.0]]",False,0.0,0.17497210204601288,10
amelie.schreiber.model_60_151_9,34.98721694946289,4.647876739501953,0.19707459211349487,0.115663543343544,"[0.7376876473426819, 4.797509670257568]","[[0.0, 16.06696128845215], [16.06696128845215, 0.0]]","[0.5979526042938232, 0.1989361196756363]","[0.115663543343544, 0.115663543343544]","[[0.0, 0.115663543343544], [0.115663543343544, 0.0]]","[[0.0, 0.115663543343544], [0.115663543343544, 0.0]]","[0.6170573830604553, 0.3236182928085327]","[[0.0, 0.3498721718788147], [0.3498721718788147, 0.0]]",False,0.0,0.13194575905799866,10
alex.naka.Charmander,33.649871826171875,4.761473655700684,0.192031130194664,0.10747815668582916,"[1.8545149564743042, 4.711757659912109]","[[0.0, 15.683295249938965], [15.683295249938965, 0.0]]","[0.2885364890098572, 0.19307629764080048]","[0.10747815668582916, 0.10747815668582916]","[[0.0, 0.10747815668582916], [0.10747815668582916, 0.0]]","[[0.0, 0.10747815668582916], [0.10747815668582916, 0.0]]","[0.41305261850357056, 0.32940948009490967]","[[0.0, 0.3364987373352051], [0.3364987373352051, 0.0]]",False,0.0,0.12438875436782837,10
areddy.EGFR_l169_s781475,41.513816833496094,4.144418239593506,0.29914501309394836,0.14186619222164154,"[0.46629905700683594, 4.681678771972656]","[[0.0, 15.505630493164062], [15.505630493164062, 0.0]]","[0.8353450298309326, 0.20056913793087006]","[0.14186619222164154, 0.14186619222164154]","[[0.0, 0.14186619222164154], [0.14186619222164154, 0.0]]","[[0.0, 0.14186619222164154], [0.14186619222164154, 0.0]]","[0.7263614535331726, 0.32111260294914246]","[[0.0, 0.4151381850242615], [0.4151381850242615, 0.0]]",False,0.0,0.17332196235656738,10
julie.rj0aa,35.569007873535156,4.400138854980469,0.20936328172683716,0.16890376806259155,"[0.35675179958343506, 4.5331711769104]","[[0.0, 15.997029304504395], [15.997029304504395, 0.0]]","[0.8749242424964905, 0.2122879922389984]","[0.16890376806259155, 0.16890376806259155]","[[0.0, 0.16890376806259155], [0.16890376806259155, 0.0]]","[[0.0, 0.16890376806259155], [0.16890376806259155, 0.0]]","[0.7374358177185059, 0.32657724618911743]","[[0.0, 0.3556900918483734], [0.3556900918483734, 0.0]]",False,0.0,0.1769956648349762,10
revoli.mutated_nAb_8,32.91419219970703,4.816712379455566,0.20597395300865173,0.1228722482919693,"[3.6934003829956055, 4.442740440368652]","[[0.0, 15.276531219482422], [15.276531219482422, 0.0]]","[0.16288627684116364, 0.2085910141468048]","[0.1228722482919693, 0.1228722482919693]","[[0.0, 0.1228722482919693], [0.1228722482919693, 0.0]]","[[0.0, 0.1228722482919693], [0.1228722482919693, 0.0]]","[0.28912678360939026, 0.3371566832065582]","[[0.0, 0.32914191484451294], [0.32914191484451294, 0.0]]",False,0.0,0.13949258625507355,10
maxall4.EGFR_TRIM_l126_s498823_mpnn2_model1_unrelaxed_rank_001_alphafold2_multimer_v3_model_1_seed_000_top1_mutation_L39G_round1_Chain_A,39.217994689941406,4.362432956695557,0.266014039516449,0.1987178772687912,"[0.5759086012840271, 4.728095054626465]","[[0.0, 15.279464721679688], [15.279464721679688, 0.0]]","[0.8253153562545776, 0.193492591381073]","[0.1987178772687912, 0.1987178772687912]","[[0.0, 0.1987178772687912], [0.1987178772687912, 0.0]]","[[0.0, 0.1987178772687912], [0.1987178772687912, 0.0]]","[0.7113785743713379, 0.3218265175819397]","[[0.0, 0.3921799659729004], [0.3921799659729004, 0.0]]",False,0.0,0.212177112698555,10
aureliabustos.bce_var433,35.3842887878418,4.52489709854126,0.21793930232524872,0.11177454888820648,"[2.899268388748169, 4.357499122619629]","[[0.0, 16.189870834350586], [16.189870834350586, 0.0]]","[0.1597743034362793, 0.22013626992702484]","[0.11177454888820648, 0.11177454888820648]","[[0.0, 0.11177454888820648], [0.11177454888820648, 0.0]]","[[0.0, 0.11177454888820648], [0.11177454888820648, 0.0]]","[0.35520318150520325, 0.3537300229072571]","[[0.0, 0.3538428843021393], [0.3538428843021393, 0.0]]",False,0.0,0.1330074965953827,10
lyu.2,37.507198333740234,4.325352668762207,0.2368549257516861,0.19712360203266144,"[0.35722798109054565, 4.6680731773376465]","[[0.0, 16.855438232421875], [16.855438232421875, 0.0]]","[0.8336557745933533, 0.20343637466430664]","[0.19712360203266144, 0.19712360203266144]","[[0.0, 0.19712360203266144], [0.19712360203266144, 0.0]]","[[0.0, 0.19712360203266144], [0.19712360203266144, 0.0]]","[0.7464975714683533, 0.3118059039115906]","[[0.0, 0.3750719726085663], [0.3750719726085663, 0.0]]",False,0.0,0.2050698697566986,10
tim.silica_corpora_regions_sampled_epitope_2_generated_variant_8_rank_3_phase_2,37.091163635253906,4.415238857269287,0.2516709566116333,0.12252044677734375,"[1.1800241470336914, 4.660721302032471]","[[0.0, 14.7555570602417], [14.7555570602417, 0.0]]","[0.7256312966346741, 0.19570255279541016]","[0.12252044677734375, 0.12252044677734375]","[[0.0, 0.12252044677734375], [0.12252044677734375, 0.0]]","[[0.0, 0.12252044677734375], [0.12252044677734375, 0.0]]","[0.611739993095398, 0.318992018699646]","[[0.0, 0.3709116280078888], [0.3709116280078888, 0.0]]",False,0.0,0.1483505517244339,10
antorsae.TA_5_3,32.624088287353516,4.874218940734863,0.19595418870449066,0.1057019755244255,"[1.5036228895187378, 4.803526401519775]","[[0.0, 15.49199390411377], [15.49199390411377, 0.0]]","[0.3030155599117279, 0.19681093096733093]","[0.1057019755244255, 0.1057019755244255]","[[0.0, 0.1057019755244255], [0.1057019755244255, 0.0]]","[[0.0, 0.1057019755244255], [0.1057019755244255, 0.0]]","[0.4323311746120453, 0.3203284740447998]","[[0.0, 0.3262408673763275], [0.3262408673763275, 0.0]]",False,0.0,0.1237524151802063,10
flowuenne.nf-proteindesign_design10,35.19841003417969,4.775126934051514,0.19461002945899963,0.13397285342216492,"[0.40406954288482666, 4.820743560791016]","[[0.0, 17.513755798339844], [17.513755798339844, 0.0]]","[0.8313471674919128, 0.19573482871055603]","[0.13397285342216492, 0.13397285342216492]","[[0.0, 0.13397285342216492], [0.13397285342216492, 0.0]]","[[0.0, 0.13397285342216492], [0.13397285342216492, 0.0]]","[0.7136685252189636, 0.3240980803966522]","[[0.0, 0.35198408365249634], [0.35198408365249634, 0.0]]",False,0.0,0.14610029757022858,10
chenceshi1105.steven_binder_design_l89_s48081_it100_mpnn4,37.24833297729492,4.248611927032471,0.20291133224964142,0.12506332993507385,"[0.9375073909759521, 4.407790660858154]","[[0.0, 16.06912612915039], [16.06912612915039, 0.0]]","[0.6061597466468811, 0.2059103399515152]","[0.12506332993507385, 0.12506332993507385]","[[0.0, 0.12506332993507385], [0.12506332993507385, 0.0]]","[[0.0, 0.12506332993507385], [0.12506332993507385, 0.0]]","[0.5998846888542175, 0.3419916331768036]","[[0.0, 0.37248334288597107], [0.37248334288597107, 0.0]]",False,0.0,0.14063292741775513,10
qxy615.s1_rfd_base_46_94,34.19004821777344,4.62640905380249,0.19373910129070282,0.14180172979831696,"[0.8985669612884521, 4.689253807067871]","[[0.0, 16.645963668823242], [16.645963668823242, 0.0]]","[0.5486845970153809, 0.19129768013954163]","[0.14180172979831696, 0.14180172979831696]","[[0.0, 0.14180172979831696], [0.14180172979831696, 0.0]]","[[0.0, 0.14180172979831696], [0.14180172979831696, 0.0]]","[0.5820415616035461, 0.3155367970466614]","[[0.0, 0.341900497674942], [0.341900497674942, 0.0]]",False,0.0,0.1521892100572586,10
niklas.95B59203-B642-4754-BCD3-8E670A722C8D_l91_s349792600_mpnn19,37.459228515625,4.511941909790039,0.2250646948814392,0.14608053863048553,"[0.4047170877456665, 4.7620625495910645]","[[0.0, 15.476790428161621], [15.476790428161621, 0.0]]","[0.8313568830490112, 0.19568860530853271]","[0.14608053863048553, 0.14608053863048553]","[[0.0, 0.14608053863048553], [0.14608053863048553, 0.0]]","[[0.0, 0.14608053863048553], [0.14608053863048553, 0.0]]","[0.7231311202049255, 0.319167822599411]","[[0.0, 0.37459230422973633], [0.37459230422973633, 0.0]]",False,0.0,0.16187737882137299,10
maxall4.EGFR_ED_BINDER_l124_s860500_mpnn1_model1_unrelaxed_rank_001_alphafold2_multimer_v3_model_1_seed_000_top1_mutation_D81N_round1_Chain_A,38.42668151855469,4.2780351638793945,0.2603473961353302,0.15602025389671326,"[0.5014089941978455, 4.673208713531494]","[[0.0, 14.842641830444336], [14.842641830444336, 0.0]]","[0.8115168213844299, 0.19944603741168976]","[0.15602025389671326, 0.15602025389671326]","[[0.0, 0.15602025389671326], [0.15602025389671326, 0.0]]","[[0.0, 0.15602025389671326], [0.15602025389671326, 0.0]]","[0.7050104737281799, 0.31505122780799866]","[[0.0, 0.38426682353019714], [0.38426682353019714, 0.0]]",False,0.0,0.1768856793642044,10
tarkhov.andrey.Erithacus_rubecula_gigantus_4,34.43077087402344,5.699241638183594,0.19373711943626404,0.11703897267580032,"[5.417819023132324, 4.639791488647461]","[[0.0, 16.833803176879883], [16.833803176879883, 0.0]]","[0.11334313452243805, 0.19665761291980743]","[0.11703897267580032, 0.11703897267580032]","[[0.0, 0.11703897267580032], [0.11703897267580032, 0.0]]","[[0.0, 0.11703897267580032], [0.11703897267580032, 0.0]]","[0.3470986485481262, 0.34332481026649475]","[[0.0, 0.34430772066116333], [0.34430772066116333, 0.0]]",False,0.0,0.13237860798835754,10
darius.szablowski.EGFR_binder_2___ggggs_3_linked_top_binders_1_and_2,42.073219299316406,4.102655410766602,0.23439793288707733,0.16969731450080872,"[0.793224036693573, 4.567046642303467]","[[0.0, 15.435851097106934], [15.435851097106934, 0.0]]","[0.4585786759853363, 0.20741842687129974]","[0.16969731450080872, 0.16969731450080872]","[[0.0, 0.16969731450080872], [0.16969731450080872, 0.0]]","[[0.0, 0.16969731450080872], [0.16969731450080872, 0.0]]","[0.70228511095047, 0.32782506942749023]","[[0.0, 0.42073220014572144], [0.42073220014572144, 0.0]]",False,0.0,0.18263743817806244,10
julian.faust.BecotatugxPimurutamab_scfv,44.79913330078125,4.143289089202881,0.3249678909778595,0.13552896678447723,"[1.0985701084136963, 4.6515374183654785]","[[0.0, 15.810256958007812], [15.810256958007812, 0.0]]","[0.7447832822799683, 0.21068862080574036]","[0.13552896678447723, 0.13552896678447723]","[[0.0, 0.13552896678447723], [0.13552896678447723, 0.0]]","[[0.0, 0.13552896678447723], [0.13552896678447723, 0.0]]","[0.746515154838562, 0.3329724669456482]","[[0.0, 0.44799134135246277], [0.44799134135246277, 0.0]]",False,0.0,0.17341676354408264,10
aureliabustos.bce_var702,33.04021453857422,4.899550914764404,0.19001993536949158,0.10520042479038239,"[2.5445618629455566, 4.78761625289917]","[[0.0, 16.759960174560547], [16.759960174560547, 0.0]]","[0.15635013580322266, 0.19099290668964386]","[0.10520042479038239, 0.10520042479038239]","[[0.0, 0.10520042479038239], [0.10520042479038239, 0.0]]","[[0.0, 0.10520042479038239], [0.10520042479038239, 0.0]]","[0.37879443168640137, 0.3263263404369354]","[[0.0, 0.330402135848999], [0.330402135848999, 0.0]]",False,0.0,0.12216433137655258,10
mosquitolkfo.nAb_design_3,33.03992462158203,4.770176887512207,0.19850219786167145,0.11108198761940002,"[2.9487218856811523, 4.639530181884766]","[[0.0, 15.98624038696289], [15.98624038696289, 0.0]]","[0.24675756692886353, 0.20113015174865723]","[0.11108198761940002, 0.11108198761940002]","[[0.0, 0.11108198761940002], [0.11108198761940002, 0.0]]","[[0.0, 0.11108198761940002], [0.11108198761940002, 0.0]]","[0.35942086577415466, 0.3241790533065796]","[[0.0, 0.3303992450237274], [0.3303992450237274, 0.0]]",False,0.0,0.12856602668762207,10
duynth29.L88_MPNN5,36.918678283691406,4.425670146942139,0.2175443470478058,0.1579987108707428,"[0.40467652678489685, 4.685543060302734]","[[0.0, 16.30365562438965], [16.30365562438965, 0.0]]","[0.8475024104118347, 0.19928902387619019]","[0.1579987108707428, 0.1579987108707428]","[[0.0, 0.1579987108707428], [0.1579987108707428, 0.0]]","[[0.0, 0.1579987108707428], [0.1579987108707428, 0.0]]","[0.7405267357826233, 0.3113812804222107]","[[0.0, 0.36918678879737854], [0.36918678879737854, 0.0]]",False,0.0,0.1699078381061554,10
xiuming_li2015.Eureka_seq_4,38.869300842285156,4.775651931762695,0.21628747880458832,0.1250775158405304,"[2.9786274433135986, 4.70294189453125]","[[0.0, 16.27761459350586], [16.27761459350586, 0.0]]","[0.3795807957649231, 0.1999651938676834]","[0.1250775158405304, 0.1250775158405304]","[[0.0, 0.1250775158405304], [0.1250775158405304, 0.0]]","[[0.0, 0.1250775158405304], [0.1250775158405304, 0.0]]","[0.5289942622184753, 0.33519452810287476]","[[0.0, 0.3886930048465729], [0.3886930048465729, 0.0]]",False,0.0,0.1433195173740387,10
enzo.morro.design_0_n_0_mpnn_1.117_plddt_0.713_i_ptm_0.082_i_pae_27.542_rmsd_25.669,40.32705307006836,4.321839809417725,0.2824321389198303,0.12503544986248016,"[0.8447197079658508, 4.783017635345459]","[[0.0, 16.230836868286133], [16.230836868286133, 0.0]]","[0.7344915866851807, 0.20527119934558868]","[0.12503544986248016, 0.12503544986248016]","[[0.0, 0.12503544986248016], [0.12503544986248016, 0.0]]","[[0.0, 0.12503544986248016], [0.12503544986248016, 0.0]]","[0.6759471893310547, 0.3261464536190033]","[[0.0, 0.40327054262161255], [0.40327054262161255, 0.0]]",False,0.0,0.15651479363441467,10
paulafcfranklin.synth_rosetta_1,34.716529846191406,4.6709184646606445,0.2092609405517578,0.11239594966173172,"[2.678865432739258, 4.434887886047363]","[[0.0, 16.35103988647461], [16.35103988647461, 0.0]]","[0.20579862594604492, 0.21134209632873535]","[0.11239594966173172, 0.11239594966173172]","[[0.0, 0.11239594966173172], [0.11239594966173172, 0.0]]","[[0.0, 0.11239594966173172], [0.11239594966173172, 0.0]]","[0.3386722207069397, 0.347893089056015]","[[0.0, 0.3471653163433075], [0.3471653163433075, 0.0]]",False,0.0,0.13176894187927246,10
duynth29.L148_MPNN1,42.062965393066406,4.3340630531311035,0.2796401381492615,0.16497406363487244,"[0.45522481203079224, 4.816967010498047]","[[0.0, 17.661630630493164], [17.661630630493164, 0.0]]","[0.8361981511116028, 0.19008266925811768]","[0.16497406363487244, 0.16497406363487244]","[[0.0, 0.16497406363487244], [0.16497406363487244, 0.0]]","[[0.0, 0.16497406363487244], [0.16497406363487244, 0.0]]","[0.7601212859153748, 0.33093783259391785]","[[0.0, 0.4206296503543854], [0.4206296503543854, 0.0]]",False,0.0,0.18790727853775024,10
keaun.GWFGVVFKADIARVSEFVAIGLSTGPLGSESTFSIWRQ,32.47666549682617,4.946677207946777,0.2126307338476181,0.16991479694843292,"[2.981632947921753, 4.6256303787231445]","[[0.0, 14.618876457214355], [14.618876457214355, 0.0]]","[0.13890302181243896, 0.21357852220535278]","[0.16991479694843292, 0.16991479694843292]","[[0.0, 0.16991479694843292], [0.16991479694843292, 0.0]]","[[0.0, 0.16991479694843292], [0.16991479694843292, 0.0]]","[0.2686065435409546, 0.32821419835090637]","[[0.0, 0.3247666656970978], [0.3247666656970978, 0.0]]",False,0.0,0.17845797538757324,10
alejandro.corrochano-navarro.eng_scfv_binder_1,41.19065856933594,4.370781898498535,0.23212604224681854,0.2241722047328949,"[1.5559532642364502, 4.680974960327148]","[[0.0, 15.608565330505371], [15.608565330505371, 0.0]]","[0.4455900192260742, 0.19642597436904907]","[0.2241722047328949, 0.2241722047328949]","[[0.0, 0.2241722047328949], [0.2241722047328949, 0.0]]","[[0.0, 0.2241722047328949], [0.2241722047328949, 0.0]]","[0.6123963594436646, 0.3348694443702698]","[[0.0, 0.4119065999984741], [0.4119065999984741, 0.0]]",False,0.0,0.2257629781961441,10
alex.naka.Venusaur,34.24967956542969,4.586191177368164,0.20784831047058105,0.13088500499725342,"[1.694092869758606, 4.519014835357666]","[[0.0, 14.377243041992188], [14.377243041992188, 0.0]]","[0.36970874667167664, 0.20921529829502106]","[0.13088500499725342, 0.13088500499725342]","[[0.0, 0.13088500499725342], [0.13088500499725342, 0.0]]","[[0.0, 0.13088500499725342], [0.13088500499725342, 0.0]]","[0.42073363065719604, 0.3358418643474579]","[[0.0, 0.3424968123435974], [0.3424968123435974, 0.0]]",False,0.0,0.14627766609191895,10
a.tucs.Andrejs_Tucs_seq5,34.71978759765625,4.619722366333008,0.2074371725320816,0.11610019207000732,"[2.3621010780334473, 4.473352909088135]","[[0.0, 15.633376121520996], [15.633376121520996, 0.0]]","[0.207378089427948, 0.20914793014526367]","[0.11610019207000732, 0.11610019207000732]","[[0.0, 0.11610019207000732], [0.11610019207000732, 0.0]]","[[0.0, 0.11610019207000732], [0.11610019207000732, 0.0]]","[0.3578278422355652, 0.34638720750808716]","[[0.0, 0.34719786047935486], [0.34719786047935486, 0.0]]",False,0.0,0.13436758518218994,10
youngsuko2000.last,34.573604583740234,4.682339668273926,0.2035810500383377,0.1101931482553482,"[2.971222400665283, 4.496201992034912]","[[0.0, 16.575824737548828], [16.575824737548828, 0.0]]","[0.17989183962345123, 0.2053462564945221]","[0.1101931482553482, 0.1101931482553482]","[[0.0, 0.1101931482553482], [0.1101931482553482, 0.0]]","[[0.0, 0.1101931482553482], [0.1101931482553482, 0.0]]","[0.34679192304611206, 0.3456307649612427]","[[0.0, 0.3457360565662384], [0.3457360565662384, 0.0]]",False,0.0,0.12887072563171387,10
zulfatmi.pocket7pep42,31.425657272338867,4.954422950744629,0.20126065611839294,0.1331651508808136,"[0.8693678975105286, 4.798155307769775]","[[0.0, 15.271238327026367], [15.271238327026367, 0.0]]","[0.06912575662136078, 0.20115743577480316]","[0.1331651508808136, 0.1331651508808136]","[[0.0, 0.1331651508808136], [0.1331651508808136, 0.0]]","[[0.0, 0.1331651508808136], [0.1331651508808136, 0.0]]","[0.3159041702747345, 0.3142227530479431]","[[0.0, 0.31425657868385315], [0.31425657868385315, 0.0]]",False,0.0,0.146784245967865,10
lhallee.lhallee_40_full_driveid_8_9,33.19626998901367,4.838083267211914,0.21207638084888458,0.1290835589170456,"[2.1299870014190674, 4.4974517822265625]","[[0.0, 15.46341323852539], [15.46341323852539, 0.0]]","[0.11862397193908691, 0.21248272061347961]","[0.1290835589170456, 0.1290835589170456]","[[0.0, 0.1290835589170456], [0.1290835589170456, 0.0]]","[[0.0, 0.1290835589170456], [0.1290835589170456, 0.0]]","[0.2732638716697693, 0.3357382118701935]","[[0.0, 0.3319627046585083], [0.3319627046585083, 0.0]]",False,0.0,0.14568212628364563,10
stocco.filippo.1.3.3.18_40_0_iteration12_1.0321554292304749,34.59724044799805,4.659861087799072,0.20273932814598083,0.11384358257055283,"[2.675872802734375, 4.5373454093933105]","[[0.0, 16.7021427154541], [16.7021427154541, 0.0]]","[0.2380276918411255, 0.20440520346164703]","[0.11384358257055283, 0.11384358257055283]","[[0.0, 0.11384358257055283], [0.11384358257055283, 0.0]]","[[0.0, 0.11384358257055283], [0.11384358257055283, 0.0]]","[0.3912968039512634, 0.34186065196990967]","[[0.0, 0.3459723889827728], [0.3459723889827728, 0.0]]",False,0.0,0.13162273168563843,10
lennart.nickel.EGFR_l179_s82283_mpnn1,42.765750885009766,4.049038887023926,0.29765763878822327,0.13758951425552368,"[0.9837371110916138, 4.561712741851807]","[[0.0, 16.21971893310547], [16.21971893310547, 0.0]]","[0.785057008266449, 0.21525046229362488]","[0.13758951425552368, 0.13758951425552368]","[[0.0, 0.13758951425552368], [0.13758951425552368, 0.0]]","[[0.0, 0.13758951425552368], [0.13758951425552368, 0.0]]","[0.699890673160553, 0.3455255925655365]","[[0.0, 0.42765751481056213], [0.42765751481056213, 0.0]]",False,0.0,0.1696031391620636,10
briannaughton.1_plus_EGFR,42.20331954956055,4.244246482849121,0.2636053264141083,0.1283053457736969,"[1.4479310512542725, 4.450115203857422]","[[0.0, 16.547367095947266], [16.547367095947266, 0.0]]","[0.6085166931152344, 0.20879313349723816]","[0.1283053457736969, 0.1283053457736969]","[[0.0, 0.1283053457736969], [0.1283053457736969, 0.0]]","[[0.0, 0.1283053457736969], [0.1283053457736969, 0.0]]","[0.623039960861206, 0.3534306287765503]","[[0.0, 0.4220331907272339], [0.4220331907272339, 0.0]]",False,0.0,0.15536534786224365,10
a.tucs.Andrejs_Tucs_seq6,33.03133010864258,4.798800468444824,0.19422605633735657,0.12098691612482071,"[2.1479909420013428, 4.7501420974731445]","[[0.0, 15.369776725769043], [15.369776725769043, 0.0]]","[0.2864578068256378, 0.1954047828912735]","[0.12098691612482071, 0.12098691612482071]","[[0.0, 0.12098691612482071], [0.12098691612482071, 0.0]]","[[0.0, 0.12098691612482071], [0.12098691612482071, 0.0]]","[0.4128694534301758, 0.3237060606479645]","[[0.0, 0.3303132951259613], [0.3303132951259613, 0.0]]",False,0.0,0.13563475012779236,10
tim.silica_corpora_regions_sampled_epitope_0_generated_variant_6_rank_7_phase_2,32.416526794433594,4.864873886108398,0.1980673223733902,0.13412533700466156,"[2.895836591720581, 4.759037017822266]","[[0.0, 14.784869194030762], [14.784869194030762, 0.0]]","[0.26800644397735596, 0.200466126203537]","[0.13412533700466156, 0.13412533700466156]","[[0.0, 0.13412533700466156], [0.13412533700466156, 0.0]]","[[0.0, 0.13412533700466156], [0.13412533700466156, 0.0]]","[0.3751339316368103, 0.31364691257476807]","[[0.0, 0.3241652846336365], [0.3241652846336365, 0.0]]",False,0.0,0.14691373705863953,10
spacecruiser42.d2_prompt_binder_t1.0_22,34.49272537231445,4.6297760009765625,0.2020568698644638,0.11047869175672531,"[0.7940255403518677, 4.579770565032959]","[[0.0, 16.401784896850586], [16.401784896850586, 0.0]]","[0.09235033392906189, 0.20241446793079376]","[0.11047869175672531, 0.11047869175672531]","[[0.0, 0.11047869175672531], [0.11047869175672531, 0.0]]","[[0.0, 0.11047869175672531], [0.11047869175672531, 0.0]]","[0.4781113564968109, 0.3399882912635803]","[[0.0, 0.34492725133895874], [0.34492725133895874, 0.0]]",False,0.0,0.128794327378273,10
Ali.RASOULI.intern.model_77_142_3,35.22761917114258,4.62922477722168,0.19461600482463837,0.11353380233049393,"[1.1696525812149048, 4.722758769989014]","[[0.0, 16.477359771728516], [16.477359771728516, 0.0]]","[0.3781501054763794, 0.196401447057724]","[0.11353380233049393, 0.11353380233049393]","[[0.0, 0.11353380233049393], [0.11353380233049393, 0.0]]","[[0.0, 0.11353380233049393], [0.11353380233049393, 0.0]]","[0.5404114723205566, 0.32909929752349854]","[[0.0, 0.3522762060165405], [0.3522762060165405, 0.0]]",False,0.0,0.12975023686885834,10
alan.blakely.12_3,43.61147689819336,4.118962287902832,0.2714284658432007,0.1417395919561386,"[1.126469612121582, 4.544957160949707]","[[0.0, 15.98611831665039], [15.98611831665039, 0.0]]","[0.5613957643508911, 0.20889191329479218]","[0.1417395919561386, 0.1417395919561386]","[[0.0, 0.1417395919561386], [0.1417395919561386, 0.0]]","[[0.0, 0.1417395919561386], [0.1417395919561386, 0.0]]","[0.6887176036834717, 0.3429698050022125]","[[0.0, 0.43611475825309753], [0.43611475825309753, 0.0]]",False,0.0,0.1676773726940155,10
lyu.1,38.61637878417969,4.23637056350708,0.23416312038898468,0.16284655034542084,"[0.37212201952934265, 4.576218128204346]","[[0.0, 17.39987564086914], [17.39987564086914, 0.0]]","[0.8065110445022583, 0.2115347534418106]","[0.16284655034542084, 0.16284655034542084]","[[0.0, 0.16284655034542084], [0.16284655034542084, 0.0]]","[[0.0, 0.16284655034542084], [0.16284655034542084, 0.0]]","[0.754322350025177, 0.3249969184398651]","[[0.0, 0.3861638009548187], [0.3861638009548187, 0.0]]",False,0.0,0.17710986733436584,10
joaosartori2.c6,34.76546096801758,4.711923122406006,0.20698688924312592,0.10862234234809875,"[2.673487424850464, 4.464340686798096]","[[0.0, 16.748167037963867], [16.748167037963867, 0.0]]","[0.18382252752780914, 0.20889554917812347]","[0.10862234234809875, 0.10862234234809875]","[[0.0, 0.10862234234809875], [0.10862234234809875, 0.0]]","[[0.0, 0.10862234234809875], [0.10862234234809875, 0.0]]","[0.35271963477134705, 0.34718024730682373]","[[0.0, 0.3476546108722687], [0.3476546108722687, 0.0]]",False,0.0,0.12829524278640747,10
martin.EGFR_l111_s89744_mpnn1,38.19598388671875,4.523890972137451,0.24654655158519745,0.13881166279315948,"[0.5559684634208679, 4.817155361175537]","[[0.0, 15.914505958557129], [15.914505958557129, 0.0]]","[0.7689724564552307, 0.20236706733703613]","[0.13881166279315948, 0.13881166279315948]","[[0.0, 0.13881166279315948], [0.13881166279315948, 0.0]]","[[0.0, 0.13881166279315948], [0.13881166279315948, 0.0]]","[0.7141006588935852, 0.32002708315849304]","[[0.0, 0.38195982575416565], [0.38195982575416565, 0.0]]",False,0.0,0.16035863757133484,10
christoph.gruber.UpperBinder_Scaffold3_LowerBinder,39.745704650878906,4.491557598114014,0.20484194159507751,0.10338827222585678,"[0.5207865834236145, 4.880390644073486]","[[0.0, 18.66982078552246], [18.66982078552246, 0.0]]","[0.5714291334152222, 0.19194947183132172]","[0.10338827222585678, 0.10338827222585678]","[[0.0, 0.10338827222585678], [0.10338827222585678, 0.0]]","[[0.0, 0.10338827222585678], [0.10338827222585678, 0.0]]","[0.7106055021286011, 0.3331608474254608]","[[0.0, 0.3974570333957672], [0.3974570333957672, 0.0]]",False,0.0,0.12367900460958481,10
nitesh.mishra3.stepwise_scaffold_egfr_binder_6,33.00358581542969,4.73583984375,0.20095698535442352,0.1262393444776535,"[2.087245225906372, 4.644665241241455]","[[0.0, 14.661765098571777], [14.661765098571777, 0.0]]","[0.25931844115257263, 0.20072808861732483]","[0.1262393444776535, 0.1262393444776535]","[[0.0, 0.1262393444776535], [0.1262393444776535, 0.0]]","[[0.0, 0.1262393444776535], [0.1262393444776535, 0.0]]","[0.3880900740623474, 0.32547473907470703]","[[0.0, 0.33003586530685425], [0.33003586530685425, 0.0]]",False,0.0,0.14118286967277527,10
xiuming_li2015.Eureka_seq_1,37.98450469970703,4.866876602172852,0.2045353502035141,0.2074161022901535,"[3.405062675476074, 4.651586532592773]","[[0.0, 15.68034553527832], [15.68034553527832, 0.0]]","[0.35321691632270813, 0.20173712074756622]","[0.2074161022901535, 0.2074161022901535]","[[0.0, 0.2074161022901535], [0.2074161022901535, 0.0]]","[[0.0, 0.2074161022901535], [0.2074161022901535, 0.0]]","[0.4985980689525604, 0.3346129059791565]","[[0.0, 0.3798450529575348], [0.3798450529575348, 0.0]]",False,0.0,0.20683994889259338,10
lhallee.lhallee_128_driveid_1_2,32.31161117553711,5.065385818481445,0.18968570232391357,0.10746143758296967,"[4.055567741394043, 4.689258098602295]","[[0.0, 16.41313934326172], [16.41313934326172, 0.0]]","[0.12198138982057571, 0.1910567730665207]","[0.10746143758296967, 0.10746143758296967]","[[0.0, 0.10746143758296967], [0.10746143758296967, 0.0]]","[[0.0, 0.10746143758296967], [0.10746143758296967, 0.0]]","[0.3072805404663086, 0.32658976316452026]","[[0.0, 0.32311609387397766], [0.32311609387397766, 0.0]]",False,0.0,0.12390629202127457,10
chrisxushaoyong.hu_nano1_3_eef94e,35.6695671081543,4.499936580657959,0.22354450821876526,0.11791376769542694,"[1.9597710371017456, 4.576419353485107]","[[0.0, 14.785950660705566], [14.785950660705566, 0.0]]","[0.5633561015129089, 0.2111625224351883]","[0.11791376769542694, 0.11791376769542694]","[[0.0, 0.11791376769542694], [0.11791376769542694, 0.0]]","[[0.0, 0.11791376769542694], [0.11791376769542694, 0.0]]","[0.5059306621551514, 0.32708632946014404]","[[0.0, 0.35669568181037903], [0.35669568181037903, 0.0]]",False,0.0,0.13903991878032684,10
toluwase.fatoki.Toluwase_Sequence6_112,33.138309478759766,4.737290859222412,0.1921434998512268,0.10513322055339813,"[2.6780521869659424, 4.651796340942383]","[[0.0, 17.208030700683594], [17.208030700683594, 0.0]]","[0.2230871021747589, 0.1940295249223709]","[0.10513322055339813, 0.10513322055339813]","[[0.0, 0.10513322055339813], [0.10513322055339813, 0.0]]","[[0.0, 0.10513322055339813], [0.10513322055339813, 0.0]]","[0.37849313020706177, 0.3221348226070404]","[[0.0, 0.3313831090927124], [0.3313831090927124, 0.0]]",False,0.0,0.12253528088331223,10
colby.TUPEGFR_012___anti-EGFR_Fv-like_protein_diffused_with_EvoDiff,31.932390213012695,5.4049973487854,0.1988391876220703,0.11690519005060196,"[5.106990337371826, 4.705422401428223]","[[0.0, 15.723204612731934], [15.723204612731934, 0.0]]","[0.15888021886348724, 0.20231178402900696]","[0.11690519005060196, 0.11690519005060196]","[[0.0, 0.11690519005060196], [0.11690519005060196, 0.0]]","[[0.0, 0.11690519005060196], [0.11690519005060196, 0.0]]","[0.2908567190170288, 0.3304889500141144]","[[0.0, 0.31932389736175537], [0.31932389736175537, 0.0]]",False,0.0,0.13329198956489563,10
minji.lee.459,35.821712493896484,4.56097936630249,0.2007874697446823,0.13455933332443237,"[1.2473499774932861, 4.756735324859619]","[[0.0, 14.896007537841797], [14.896007537841797, 0.0]]","[0.6574671864509583, 0.2016850709915161]","[0.13455933332443237, 0.13455933332443237]","[[0.0, 0.13455933332443237], [0.13455933332443237, 0.0]]","[[0.0, 0.13455933332443237], [0.13455933332443237, 0.0]]","[0.6667435169219971, 0.3169768154621124]","[[0.0, 0.35821712017059326], [0.35821712017059326, 0.0]]",False,0.0,0.14780496060848236,10
cchallacombe.6,38.98054504394531,4.301008701324463,0.24897374212741852,0.11970777809619904,"[0.985652506351471, 4.623218059539795]","[[0.0, 15.643900871276855], [15.643900871276855, 0.0]]","[0.7860171794891357, 0.2093328982591629]","[0.11970777809619904, 0.11970777809619904]","[[0.0, 0.11970777809619904], [0.11970777809619904, 0.0]]","[[0.0, 0.11970777809619904], [0.11970777809619904, 0.0]]","[0.6643462181091309, 0.33573704957962036]","[[0.0, 0.3898054361343384], [0.3898054361343384, 0.0]]",False,0.0,0.14556097984313965,10
z_peplib.pepseq_design_8,34.9384651184082,4.507704734802246,0.20959168672561646,0.17423494160175323,"[1.629337191581726, 4.46505069732666]","[[0.0, 15.591751098632812], [15.591751098632812, 0.0]]","[0.3955346941947937, 0.21184565126895905]","[0.17423494160175323, 0.17423494160175323]","[[0.0, 0.17423494160175323], [0.17423494160175323, 0.0]]","[[0.0, 0.17423494160175323], [0.17423494160175323, 0.0]]","[0.5110816955566406, 0.33627408742904663]","[[0.0, 0.3493846654891968], [0.3493846654891968, 0.0]]",False,0.0,0.18130628764629364,10
noah.holzleitner.Noah_EGFR-Binder_4,36.89179611206055,4.531431198120117,0.20853067934513092,0.14410445094108582,"[0.4032524526119232, 4.717483043670654]","[[0.0, 17.447126388549805], [17.447126388549805, 0.0]]","[0.8251283168792725, 0.21207313239574432]","[0.14410445094108582, 0.14410445094108582]","[[0.0, 0.14410445094108582], [0.14410445094108582, 0.0]]","[[0.0, 0.14410445094108582], [0.14410445094108582, 0.0]]","[0.7523029446601868, 0.3273906409740448]","[[0.0, 0.36891797184944153], [0.36891797184944153, 0.0]]",False,0.0,0.1569896936416626,10
fernando.meireles.design_hybrid_partial_diff_7_1_binder,39.2764778137207,4.196839809417725,0.20485199987888336,0.11396060138940811,"[0.6435465812683105, 4.518642425537109]","[[0.0, 16.60332489013672], [16.60332489013672, 0.0]]","[0.4744948446750641, 0.20947885513305664]","[0.11396060138940811, 0.11396060138940811]","[[0.0, 0.11396060138940811], [0.11396060138940811, 0.0]]","[[0.0, 0.11396060138940811], [0.11396060138940811, 0.0]]","[0.6956484913825989, 0.3393968641757965]","[[0.0, 0.39276477694511414], [0.39276477694511414, 0.0]]",False,0.0,0.13213887810707092,10
briannaughton.EGFR_plus_EGFR,34.83998107910156,4.882044792175293,0.20120389759540558,0.11542587727308273,"[2.8704140186309814, 4.775257587432861]","[[0.0, 14.916254997253418], [14.916254997253418, 0.0]]","[0.31604743003845215, 0.2039283663034439]","[0.11542587727308273, 0.11542587727308273]","[[0.0, 0.11542587727308273], [0.11542587727308273, 0.0]]","[[0.0, 0.11542587727308273], [0.11542587727308273, 0.0]]","[0.40917158126831055, 0.336367666721344]","[[0.0, 0.348399817943573], [0.348399817943573, 0.0]]",False,0.0,0.13258147239685059,10
binom16.pocket7pep80,31.201595306396484,5.031131267547607,0.19894497096538544,0.13737617433071136,"[1.287601351737976, 4.866499900817871]","[[0.0, 14.117186546325684], [14.117186546325684, 0.0]]","[0.03842364251613617, 0.19848448038101196]","[0.13737617433071136, 0.13737617433071136]","[[0.0, 0.13737617433071136], [0.13737617433071136, 0.0]]","[[0.0, 0.13737617433071136], [0.13737617433071136, 0.0]]","[0.28104448318481445, 0.3127751350402832]","[[0.0, 0.31201595067977905], [0.31201595067977905, 0.0]]",False,0.0,0.1496899425983429,10
markus.braun.egfr_binder_1,46.36214828491211,3.723642587661743,0.379444420337677,0.14981238543987274,"[0.406357079744339, 4.6131815910339355]","[[0.0, 15.550077438354492], [15.550077438354492, 0.0]]","[0.9033322334289551, 0.204740509390831]","[0.14981238543987274, 0.14981238543987274]","[[0.0, 0.14981238543987274], [0.14981238543987274, 0.0]]","[[0.0, 0.14981238543987274], [0.14981238543987274, 0.0]]","[0.7913542985916138, 0.32478299736976624]","[[0.0, 0.46362149715423584], [0.46362149715423584, 0.0]]",False,0.0,0.1957387924194336,10
salireza111.Seq166_1_001_7,34.27864074707031,4.670310974121094,0.20076532661914825,0.2582409083843231,"[0.4838642477989197, 4.798079490661621]","[[0.0, 16.773786544799805], [16.773786544799805, 0.0]]","[0.7770899534225464, 0.190812885761261]","[0.2582409083843231, 0.2582409083843231]","[[0.0, 0.2582409083843231], [0.2582409083843231, 0.0]]","[[0.0, 0.2582409083843231], [0.2582409083843231, 0.0]]","[0.7014735341072083, 0.3162587285041809]","[[0.0, 0.34278640151023865], [0.34278640151023865, 0.0]]",False,0.0,0.24674579501152039,10
s1995825.cotimed_egf_netsolp_usability_2,32.20366668701172,4.984958171844482,0.19415317475795746,0.10950421541929245,"[2.9416563510894775, 4.827049255371094]","[[0.0, 16.661643981933594], [16.661643981933594, 0.0]]","[0.1188250184059143, 0.19479213654994965]","[0.10950421541929245, 0.10950421541929245]","[[0.0, 0.10950421541929245], [0.10950421541929245, 0.0]]","[[0.0, 0.10950421541929245], [0.10950421541929245, 0.0]]","[0.32945409417152405, 0.3214585781097412]","[[0.0, 0.32203665375709534], [0.32203665375709534, 0.0]]",False,0.0,0.12643401324748993,10
paulafcfranklin.synth_rosetta_10,33.01258850097656,4.928465843200684,0.19285115599632263,0.10887957364320755,"[2.6930582523345947, 4.755134582519531]","[[0.0, 16.163028717041016], [16.163028717041016, 0.0]]","[0.15995970368385315, 0.1941729336977005]","[0.10887957364320755, 0.10887957364320755]","[[0.0, 0.10887957364320755], [0.10887957364320755, 0.0]]","[[0.0, 0.10887957364320755], [0.10887957364320755, 0.0]]","[0.3523789644241333, 0.3280278444290161]","[[0.0, 0.3301258683204651], [0.3301258683204651, 0.0]]",False,0.0,0.12567389011383057,10
zhoup1366.DBZ8___A,36.250850677490234,4.4908905029296875,0.22200506925582886,0.1566874235868454,"[1.5886526107788086, 4.622326850891113]","[[0.0, 15.786123275756836], [15.786123275756836, 0.0]]","[0.5998216271400452, 0.20639382302761078]","[0.1566874235868454, 0.1566874235868454]","[[0.0, 0.1566874235868454], [0.1566874235868454, 0.0]]","[[0.0, 0.1566874235868454], [0.1566874235868454, 0.0]]","[0.5447542667388916, 0.32745683193206787]","[[0.0, 0.36250850558280945], [0.36250850558280945, 0.0]]",False,0.0,0.16975095868110657,10
z_peplib.pepseq_design_9,33.47349548339844,4.775845050811768,0.19954755902290344,0.13604091107845306,"[1.8216570615768433, 4.5678181648254395]","[[0.0, 15.080673217773438], [15.080673217773438, 0.0]]","[0.22886523604393005, 0.2015293389558792]","[0.13604091107845306, 0.13604091107845306]","[[0.0, 0.13604091107845306], [0.13604091107845306, 0.0]]","[[0.0, 0.13604091107845306], [0.13604091107845306, 0.0]]","[0.3415764570236206, 0.33418741822242737]","[[0.0, 0.3347349464893341], [0.3347349464893341, 0.0]]",False,0.0,0.14874224364757538,10
tarkhov.andrey.Erithacus_rubecula_gigantus_8,33.651607513427734,5.153079509735107,0.19204522669315338,0.11712007969617844,"[4.2968902587890625, 4.731565952301025]","[[0.0, 16.145029067993164], [16.145029067993164, 0.0]]","[0.2588338255882263, 0.1951291412115097]","[0.11712007969617844, 0.11712007969617844]","[[0.0, 0.11712007969617844], [0.11712007969617844, 0.0]]","[[0.0, 0.11712007969617844], [0.11712007969617844, 0.0]]","[0.32927632331848145, 0.33931612968444824]","[[0.0, 0.3365160822868347], [0.3365160822868347, 0.0]]",False,0.0,0.13210511207580566,10
nitesh.mishra3.stepwise_rfdiff_egfr_binder_1,35.988494873046875,4.545211315155029,0.2014632374048233,0.11828307807445526,"[0.6519819498062134, 4.6428399085998535]","[[0.0, 15.058597564697266], [15.058597564697266, 0.0]]","[0.7086225748062134, 0.20391950011253357]","[0.11828307807445526, 0.11828307807445526]","[[0.0, 0.11828307807445526], [0.11828307807445526, 0.0]]","[[0.0, 0.11828307807445526], [0.11828307807445526, 0.0]]","[0.6506036520004272, 0.32784679532051086]","[[0.0, 0.35988494753837585], [0.35988494753837585, 0.0]]",False,0.0,0.13491910696029663,10
noah.holzleitner.Noah_EGFR-Binder_3,35.67490768432617,4.685676574707031,0.19969502091407776,0.11037418991327286,"[0.41046199202537537, 4.872727394104004]","[[0.0, 16.881853103637695], [16.881853103637695, 0.0]]","[0.8223385810852051, 0.20220406353473663]","[0.11037418991327286, 0.11037418991327286]","[[0.0, 0.11037418991327286], [0.11037418991327286, 0.0]]","[[0.0, 0.11037418991327286], [0.11037418991327286, 0.0]]","[0.7502548098564148, 0.31651636958122253]","[[0.0, 0.3567490875720978], [0.3567490875720978, 0.0]]",False,0.0,0.12823836505413055,10
martin.EGFR_l121_s46924_mpnn18,39.2891731262207,4.419834613800049,0.24764911830425262,0.1719798892736435,"[0.5818806290626526, 4.716305255889893]","[[0.0, 16.690006256103516], [16.690006256103516, 0.0]]","[0.8048046231269836, 0.19114048779010773]","[0.1719798892736435, 0.1719798892736435]","[[0.0, 0.1719798892736435], [0.1719798892736435, 0.0]]","[[0.0, 0.1719798892736435], [0.1719798892736435, 0.0]]","[0.7171131372451782, 0.3280882239341736]","[[0.0, 0.3928917348384857], [0.3928917348384857, 0.0]]",False,0.0,0.18711373209953308,10
mchrnwsk.marta_chronowska_dom1_l99_s666690_mpnn16,37.69219207763672,4.38891077041626,0.2414228767156601,0.3134932816028595,"[0.42650988698005676, 4.765397071838379]","[[0.0, 14.607845306396484], [14.607845306396484, 0.0]]","[0.8229579925537109, 0.20285658538341522]","[0.3134932816028595, 0.3134932816028595]","[[0.0, 0.3134932816028595], [0.3134932816028595, 0.0]]","[[0.0, 0.3134932816028595], [0.3134932816028595, 0.0]]","[0.7353136539459229, 0.3124220073223114]","[[0.0, 0.3769219219684601], [0.3769219219684601, 0.0]]",False,0.0,0.29907917976379395,10
hughy.7om4_B_A_33_rnd2_v2_full,37.9664192199707,4.269858360290527,0.24785883724689484,0.1225145012140274,"[1.0082039833068848, 4.550528526306152]","[[0.0, 15.185298919677734], [15.185298919677734, 0.0]]","[0.763084888458252, 0.21191531419754028]","[0.1225145012140274, 0.1225145012140274]","[[0.0, 0.1225145012140274], [0.1225145012140274, 0.0]]","[[0.0, 0.1225145012140274], [0.1225145012140274, 0.0]]","[0.6402466893196106, 0.3289453387260437]","[[0.0, 0.37966418266296387], [0.37966418266296387, 0.0]]",False,0.0,0.14758336544036865,10
binom16.pocket2pep86,33.25407028198242,4.824768543243408,0.19322222471237183,0.19133451581001282,"[1.0295549631118774, 4.744656562805176]","[[0.0, 17.391000747680664], [17.391000747680664, 0.0]]","[0.06826964765787125, 0.19343814253807068]","[0.19133451581001282, 0.19133451581001282]","[[0.0, 0.19133451581001282], [0.19133451581001282, 0.0]]","[[0.0, 0.19133451581001282], [0.19133451581001282, 0.0]]","[0.4382418990135193, 0.3298167884349823]","[[0.0, 0.33254072070121765], [0.33254072070121765, 0.0]]",False,0.0,0.19171206653118134,10
biolucasmachado.engineered_binder_4,32.32701873779297,4.933998107910156,0.192178875207901,0.11046771705150604,"[2.5093767642974854, 4.779335975646973]","[[0.0, 14.53427505493164], [14.53427505493164, 0.0]]","[0.2176329493522644, 0.193377286195755]","[0.11046771705150604, 0.11046771705150604]","[[0.0, 0.11046771705150604], [0.11046771705150604, 0.0]]","[[0.0, 0.11046771705150604], [0.11046771705150604, 0.0]]","[0.3487240970134735, 0.32085973024368286]","[[0.0, 0.32327020168304443], [0.32327020168304443, 0.0]]",False,0.0,0.1268099546432495,10
s1995825.cotimed_egf_netsolp_usability_5,33.14175796508789,4.791931629180908,0.19136449694633484,0.10784879326820374,"[2.648219108581543, 4.6425628662109375]","[[0.0, 15.281672477722168], [15.281672477722168, 0.0]]","[0.16030043363571167, 0.19253569841384888]","[0.10784879326820374, 0.10784879326820374]","[[0.0, 0.10784879326820374], [0.10784879326820374, 0.0]]","[[0.0, 0.10784879326820374], [0.10784879326820374, 0.0]]","[0.33785197138786316, 0.33092010021209717]","[[0.0, 0.33141759037971497], [0.33141759037971497, 0.0]]",False,0.0,0.1245519369840622,10
biolucasmachado.engineered_binder_3,34.99159240722656,4.582700729370117,0.21605625748634338,0.11793556809425354,"[2.1040709018707275, 4.350088596343994]","[[0.0, 16.306690216064453], [16.306690216064453, 0.0]]","[0.27340829372406006, 0.21737991273403168]","[0.11793556809425354, 0.11793556809425354]","[[0.0, 0.11793556809425354], [0.11793556809425354, 0.0]]","[[0.0, 0.11793556809425354], [0.11793556809425354, 0.0]]","[0.37731418013572693, 0.34777480363845825]","[[0.0, 0.34991592168807983], [0.34991592168807983, 0.0]]",False,0.0,0.137559711933136,10
niklas.E5A28FA3-3501-41C2-922C-EC848E0BC020_l81_s514858345_mpnn4,36.96841049194336,4.4325408935546875,0.22317631542682648,0.1468808799982071,"[0.4410250782966614, 4.646697521209717]","[[0.0, 14.760568618774414], [14.760568618774414, 0.0]]","[0.8290631175041199, 0.20607635378837585]","[0.1468808799982071, 0.1468808799982071]","[[0.0, 0.1468808799982071], [0.1468808799982071, 0.0]]","[[0.0, 0.1468808799982071], [0.1468808799982071, 0.0]]","[0.6857706904411316, 0.3234598636627197]","[[0.0, 0.369684100151062], [0.369684100151062, 0.0]]",False,0.0,0.16213996708393097,10
briannaughton.2_plus_1,44.948299407958984,3.835611581802368,0.26618292927742004,0.15444576740264893,"[0.5990872979164124, 4.591696739196777]","[[0.0, 15.905935287475586], [15.905935287475586, 0.0]]","[0.5361397862434387, 0.2001371830701828]","[0.15444576740264893, 0.15444576740264893]","[[0.0, 0.15444576740264893], [0.15444576740264893, 0.0]]","[[0.0, 0.15444576740264893], [0.15444576740264893, 0.0]]","[0.7325791120529175, 0.33168941736221313]","[[0.0, 0.4494830071926117], [0.4494830071926117, 0.0]]",False,0.0,0.1767932027578354,10
christoph.gruber.UpperBinder_Scaffold1_LowerBinder,41.63739776611328,4.268740177154541,0.246992290019989,0.10537795722484589,"[0.46154817938804626, 4.808485984802246]","[[0.0, 19.003934860229492], [19.003934860229492, 0.0]]","[0.7477962970733643, 0.19401928782463074]","[0.10537795722484589, 0.10537795722484589]","[[0.0, 0.10537795722484589], [0.10537795722484589, 0.0]]","[[0.0, 0.10537795722484589], [0.10537795722484589, 0.0]]","[0.7662556767463684, 0.32862868905067444]","[[0.0, 0.41637396812438965], [0.41637396812438965, 0.0]]",False,0.0,0.13370081782341003,10
s1995825.timed_egf_netsolp_usability_consensus_2,35.04210662841797,4.623128414154053,0.20267519354820251,0.11249298602342606,"[2.226679563522339, 4.509823799133301]","[[0.0, 16.524658203125], [16.524658203125, 0.0]]","[0.2776775658130646, 0.2037196159362793]","[0.11249298602342606, 0.11249298602342606]","[[0.0, 0.11249298602342606], [0.11249298602342606, 0.0]]","[[0.0, 0.11249298602342606], [0.11249298602342606, 0.0]]","[0.41370710730552673, 0.34548866748809814]","[[0.0, 0.35042107105255127], [0.35042107105255127, 0.0]]",False,0.0,0.13052943348884583,10
x.rustamov.traj_4_8_model_1_5,33.347320556640625,4.693944931030273,0.20334015786647797,0.16012325882911682,"[2.6428611278533936, 4.6422600746154785]","[[0.0, 15.024799346923828], [15.024799346923828, 0.0]]","[0.32764533162117004, 0.19736114144325256]","[0.16012325882911682, 0.16012325882911682]","[[0.0, 0.16012325882911682], [0.16012325882911682, 0.0]]","[[0.0, 0.16012325882911682], [0.16012325882911682, 0.0]]","[0.3910679817199707, 0.32255277037620544]","[[0.0, 0.33347320556640625], [0.33347320556640625, 0.0]]",False,0.0,0.16876664757728577,10
x.rustamov.P_vhh_partial_1_32,34.410240173339844,4.560257911682129,0.2005717009305954,0.11328812688589096,"[2.713888645172119, 4.561134338378906]","[[0.0, 15.62161636352539], [15.62161636352539, 0.0]]","[0.3999786674976349, 0.20400604605674744]","[0.11328812688589096, 0.11328812688589096]","[[0.0, 0.11328812688589096], [0.11328812688589096, 0.0]]","[[0.0, 0.11328812688589096], [0.11328812688589096, 0.0]]","[0.4303082525730133, 0.3275403380393982]","[[0.0, 0.3441024124622345], [0.3441024124622345, 0.0]]",False,0.0,0.1307448446750641,10
biolucasmachado.engineered_binder_6,32.43684387207031,4.937716007232666,0.1955958604812622,0.11044255644083023,"[2.528984546661377, 4.725541114807129]","[[0.0, 15.625898361206055], [15.625898361206055, 0.0]]","[0.19514977931976318, 0.19606085121631622]","[0.11044255644083023, 0.11044255644083023]","[[0.0, 0.11044255644083023], [0.11044255644083023, 0.0]]","[[0.0, 0.11044255644083023], [0.11044255644083023, 0.0]]","[0.35327038168907166, 0.32167381048202515]","[[0.0, 0.3243684470653534], [0.3243684470653534, 0.0]]",False,0.0,0.12747322022914886,10
biolucasmachado.engineered_binder_2,34.90659713745117,4.624744415283203,0.21444016695022583,0.10555999726057053,"[2.508044719696045, 4.4504547119140625]","[[0.0, 16.740848541259766], [16.740848541259766, 0.0]]","[0.15643872320652008, 0.2172846645116806]","[0.10555999726057053, 0.10555999726057053]","[[0.0, 0.10555999726057053], [0.10555999726057053, 0.0]]","[[0.0, 0.10555999726057053], [0.10555999726057053, 0.0]]","[0.3798701763153076, 0.34623268246650696]","[[0.0, 0.34906595945358276], [0.34906595945358276, 0.0]]",False,0.0,0.1273360401391983,10
nhaas.8,41.93464660644531,4.320618629455566,0.2305568903684616,0.19609737396240234,"[1.4187411069869995, 4.616660118103027]","[[0.0, 16.400413513183594], [16.400413513183594, 0.0]]","[0.4328750669956207, 0.1944643259048462]","[0.19609737396240234, 0.19609737396240234]","[[0.0, 0.19609737396240234], [0.19609737396240234, 0.0]]","[[0.0, 0.19609737396240234], [0.19609737396240234, 0.0]]","[0.6203632950782776, 0.34101176261901855]","[[0.0, 0.41934648156166077], [0.41934648156166077, 0.0]]",False,0.0,0.20298928022384644,10
karmanyaaggarwal.DS004729,37.53071975708008,4.416189670562744,0.24339871108531952,0.12021350860595703,"[1.1075633764266968, 4.712600231170654]","[[0.0, 15.730109214782715], [15.730109214782715, 0.0]]","[0.7617613673210144, 0.20636102557182312]","[0.12021350860595703, 0.12021350860595703]","[[0.0, 0.12021350860595703], [0.12021350860595703, 0.0]]","[[0.0, 0.12021350860595703], [0.12021350860595703, 0.0]]","[0.6244639158248901, 0.3258725702762604]","[[0.0, 0.37530720233917236], [0.37530720233917236, 0.0]]",False,0.0,0.14485055208206177,10
klima.jason.8HGO_design_94eja_1_5,36.06060028076172,4.801197528839111,0.19471006095409393,0.11288642138242722,"[1.764243721961975, 4.677900791168213]","[[0.0, 18.572956085205078], [18.572956085205078, 0.0]]","[0.2638375163078308, 0.19818255305290222]","[0.11288642138242722, 0.11288642138242722]","[[0.0, 0.11288642138242722], [0.11288642138242722, 0.0]]","[[0.0, 0.11288642138242722], [0.11288642138242722, 0.0]]","[0.4675511419773102, 0.33961135149002075]","[[0.0, 0.36060601472854614], [0.36060601472854614, 0.0]]",False,0.0,0.1292511522769928,10
a.tucs.Andrejs_Tucs_seq1,34.8579216003418,4.559219837188721,0.2130242884159088,0.11924073845148087,"[2.779045820236206, 4.4193315505981445]","[[0.0, 14.912631034851074], [14.912631034851074, 0.0]]","[0.18664366006851196, 0.2145867794752121]","[0.11924073845148087, 0.11924073845148087]","[[0.0, 0.11924073845148087], [0.11924073845148087, 0.0]]","[[0.0, 0.11924073845148087], [0.11924073845148087, 0.0]]","[0.34759464859962463, 0.3486565947532654]","[[0.0, 0.3485792279243469], [0.3485792279243469, 0.0]]",False,0.0,0.13799744844436646,10
spacecruiser42.d2_prompt_binder_t0.8_42,33.24778366088867,4.815567493438721,0.1922578662633896,0.11207426339387894,"[0.7359179258346558, 4.761031150817871]","[[0.0, 17.31588363647461], [17.31588363647461, 0.0]]","[0.09674885123968124, 0.192400261759758]","[0.11207426339387894, 0.11207426339387894]","[[0.0, 0.11207426339387894], [0.11207426339387894, 0.0]]","[[0.0, 0.11207426339387894], [0.11207426339387894, 0.0]]","[0.4900612235069275, 0.32676616311073303]","[[0.0, 0.3324778378009796], [0.3324778378009796, 0.0]]",False,0.0,0.12811098992824554,10
aureliabustos.bce_var464,32.9463005065918,4.851352691650391,0.20015761256217957,0.10758686065673828,"[3.0941953659057617, 4.641795635223389]","[[0.0, 16.319549560546875], [16.319549560546875, 0.0]]","[0.15717151761054993, 0.2014990597963333]","[0.10758686065673828, 0.10758686065673828]","[[0.0, 0.10758686065673828], [0.10758686065673828, 0.0]]","[[0.0, 0.10758686065673828], [0.10758686065673828, 0.0]]","[0.344963014125824, 0.32816728949546814]","[[0.0, 0.32946300506591797], [0.32946300506591797, 0.0]]",False,0.0,0.12610101699829102,10
darius.szablowski.EGFR_binder_5___ggggs_3_linked_top_binders_1_and_2_efficiently_evolved_and_sapiens_evolved,41.745670318603516,4.1364336013793945,0.22722220420837402,0.1331460326910019,"[1.0226370096206665, 4.49456787109375]","[[0.0, 15.76880168914795], [15.76880168914795, 0.0]]","[0.4540563225746155, 0.21281519532203674]","[0.1331460326910019, 0.1331460326910019]","[[0.0, 0.1331460326910019], [0.1331460326910019, 0.0]]","[[0.0, 0.1331460326910019], [0.1331460326910019, 0.0]]","[0.6500981450080872, 0.34210285544395447]","[[0.0, 0.4174566864967346], [0.4174566864967346, 0.0]]",False,0.0,0.15196126699447632,10
zhoup1366.DBZ7___A,33.94087219238281,4.650291919708252,0.20735600590705872,0.11160522699356079,"[3.0890564918518066, 4.511916160583496]","[[0.0, 16.268665313720703], [16.268665313720703, 0.0]]","[0.31762558221817017, 0.21170300245285034]","[0.11160522699356079, 0.11160522699356079]","[[0.0, 0.11160522699356079], [0.11160522699356079, 0.0]]","[[0.0, 0.11160522699356079], [0.11160522699356079, 0.0]]","[0.39128807187080383, 0.3298654854297638]","[[0.0, 0.3394087255001068], [0.3394087255001068, 0.0]]",False,0.0,0.13075537979602814,10
qxy615.s1_rfd_base_46_60,34.11817932128906,4.690748691558838,0.20643460750579834,0.27137333154678345,"[0.9645258784294128, 4.762871265411377]","[[0.0, 15.284117698669434], [15.284117698669434, 0.0]]","[0.665355384349823, 0.1981746256351471]","[0.27137333154678345, 0.27137333154678345]","[[0.0, 0.27137333154678345], [0.27137333154678345, 0.0]]","[[0.0, 0.27137333154678345], [0.27137333154678345, 0.0]]","[0.6099140644073486, 0.31167924404144287]","[[0.0, 0.34118178486824036], [0.34118178486824036, 0.0]]",False,0.0,0.2583855986595154,10
